This is pdfTeX, Version 3.141592653-2.6-1.40.24 (TeX Live 2022) (preloaded format=pdflatex 2022.6.22)  10 JUL 2026 18:01
entering extended mode
 restricted \write18 enabled.
 %&-line parsing enabled.
**OT4ML.tex
(./OT4ML.tex
LaTeX2e <2021-11-15> patch level 1
L3 programming layer <2022-02-24>
(/usr/local/texlive/2022/texmf-dist/tex/latex/base/book.cls
Document Class: book 2021/10/04 v1.4n Standard LaTeX document class
(/usr/local/texlive/2022/texmf-dist/tex/latex/base/bk10.clo
File: bk10.clo 2021/10/04 v1.4n Standard LaTeX file (size option)
)
\c@part=\count185
\c@chapter=\count186
\c@section=\count187
\c@subsection=\count188
\c@subsubsection=\count189
\c@paragraph=\count190
\c@subparagraph=\count191
\c@figure=\count192
\c@table=\count193
\abovecaptionskip=\skip47
\belowcaptionskip=\skip48
\bibindent=\dimen138
)
(/usr/local/texlive/2022/texmf-dist/tex/latex/base/fontenc.sty
Package: fontenc 2021/04/29 v2.0v Standard LaTeX package
)
(/usr/local/texlive/2022/texmf-dist/tex/latex/geometry/geometry.sty
Package: geometry 2020/01/02 v5.9 Page Geometry

(/usr/local/texlive/2022/texmf-dist/tex/latex/graphics/keyval.sty
Package: keyval 2014/10/28 v1.15 key=value parser (DPC)
\KV@toks@=\toks16
)
(/usr/local/texlive/2022/texmf-dist/tex/generic/iftex/ifvtex.sty
Package: ifvtex 2019/10/25 v1.7 ifvtex legacy package. Use iftex instead.

(/usr/local/texlive/2022/texmf-dist/tex/generic/iftex/iftex.sty
Package: iftex 2022/02/03 v1.0f TeX engine tests
))
\Gm@cnth=\count194
\Gm@cntv=\count195
\c@Gm@tempcnt=\count196
\Gm@bindingoffset=\dimen139
\Gm@wd@mp=\dimen140
\Gm@odd@mp=\dimen141
\Gm@even@mp=\dimen142
\Gm@layoutwidth=\dimen143
\Gm@layoutheight=\dimen144
\Gm@layouthoffset=\dimen145
\Gm@layoutvoffset=\dimen146
\Gm@dimlist=\toks17
)
(/usr/local/texlive/2022/texmf-dist/tex/latex/newpx/newpxtext.sty
Package: newpxtext 2022/01/30 v1.504(Michael Sharpe) latex and unicode latex su
pport for TeXGyrePagellaX

`newpxtext' v1.504, 2022/01/30 Text macros taking advantage of TeXGyre Pagella 
and its extensions (msharpe)
(/usr/local/texlive/2022/texmf-dist/tex/latex/base/fontenc.sty
Package: fontenc 2021/04/29 v2.0v Standard LaTeX package
)
(/usr/local/texlive/2022/texmf-dist/tex/generic/iftex/ifxetex.sty
Package: ifxetex 2019/10/25 v0.7 ifxetex legacy package. Use iftex instead.
)
(/usr/local/texlive/2022/texmf-dist/tex/generic/iftex/ifluatex.sty
Package: ifluatex 2019/10/25 v1.5 ifluatex legacy package. Use iftex instead.
)
(/usr/local/texlive/2022/texmf-dist/tex/latex/xkeyval/xkeyval.sty
Package: xkeyval 2020/11/20 v2.8 package option processing (HA)

(/usr/local/texlive/2022/texmf-dist/tex/generic/xkeyval/xkeyval.tex
(/usr/local/texlive/2022/texmf-dist/tex/generic/xkeyval/xkvutils.tex
\XKV@toks=\toks18
\XKV@tempa@toks=\toks19
)
\XKV@depth=\count197
File: xkeyval.tex 2014/12/03 v2.7a key=value parser (HA)
))
(/usr/local/texlive/2022/texmf-dist/tex/latex/etoolbox/etoolbox.sty
Package: etoolbox 2020/10/05 v2.5k e-TeX tools for LaTeX (JAW)
\etb@tempcnta=\count198
)
(/usr/local/texlive/2022/texmf-dist/tex/latex/base/textcomp.sty
Package: textcomp 2020/02/02 v2.0n Standard LaTeX package
)
(/usr/local/texlive/2022/texmf-dist/tex/generic/xstring/xstring.sty
(/usr/local/texlive/2022/texmf-dist/tex/generic/xstring/xstring.tex
\integerpart=\count199
\decimalpart=\count266
)
Package: xstring 2021/07/21 v1.84 String manipulations (CT)
)
(/usr/local/texlive/2022/texmf-dist/tex/latex/base/ifthen.sty
Package: ifthen 2020/11/24 v1.1c Standard LaTeX ifthen package (DPC)
)
(/usr/local/texlive/2022/texmf-dist/tex/latex/carlisle/scalefnt.sty)
LaTeX Font Info:    Setting zplLF sub-encoding to TS1/0 on input line 24.
LaTeX Font Info:    Setting zplTLF sub-encoding to TS1/0 on input line 24.
LaTeX Font Info:    Setting zplOsF sub-encoding to TS1/0 on input line 24.
LaTeX Font Info:    Setting zplTOsF sub-encoding to TS1/0 on input line 24.
\zpl@cnt=\count267

(/usr/local/texlive/2022/texmf-dist/tex/latex/fontaxes/fontaxes.sty
Package: fontaxes 2020/07/21 v1.0e Font selection axes
LaTeX Info: Redefining \upshape on input line 29.
LaTeX Info: Redefining \itshape on input line 31.
LaTeX Info: Redefining \slshape on input line 33.
LaTeX Info: Redefining \swshape on input line 35.
LaTeX Info: Redefining \scshape on input line 37.
LaTeX Info: Redefining \sscshape on input line 39.
LaTeX Info: Redefining \ulcshape on input line 41.
LaTeX Info: Redefining \textsw on input line 47.
LaTeX Info: Redefining \textssc on input line 48.
LaTeX Info: Redefining \textulc on input line 49.
)
LaTeX Info: Redefining \nustyle on input line 254.
LaTeX Info: Redefining \textsu on input line 492.
LaTeX Info: Redefining \oldstylenums on input line 581.
)
(/usr/local/texlive/2022/texmf-dist/tex/latex/microtype/microtype.sty
Package: microtype 2022/03/14 v3.0d Micro-typographical refinements (RS)
\MT@toks=\toks20
\MT@tempbox=\box50
\MT@count=\count268
LaTeX Info: Redefining \noprotrusionifhmode on input line 1027.
LaTeX Info: Redefining \leftprotrusion on input line 1028.
LaTeX Info: Redefining \rightprotrusion on input line 1036.
LaTeX Info: Redefining \textls on input line 1195.
\MT@outer@kern=\dimen147
LaTeX Info: Redefining \textmicrotypecontext on input line 1781.
\MT@listname@count=\count269

(/usr/local/texlive/2022/texmf-dist/tex/latex/microtype/microtype-pdftex.def
File: microtype-pdftex.def 2022/03/14 v3.0d Definitions specific to pdftex (RS)

LaTeX Info: Redefining \lsstyle on input line 900.
LaTeX Info: Redefining \lslig on input line 900.
\MT@outer@space=\skip49
)
Package microtype Info: Loading configuration file microtype.cfg.

(/usr/local/texlive/2022/texmf-dist/tex/latex/microtype/microtype.cfg
File: microtype.cfg 2022/03/14 v3.0d microtype main configuration file (RS)
))
(/usr/local/texlive/2022/texmf-dist/tex/latex/fancyhdr/fancyhdr.sty
Package: fancyhdr 2021/01/28 v4.0.1 Extensive control of page headers and foote
rs
\f@nch@headwidth=\skip50
\f@nch@O@elh=\skip51
\f@nch@O@erh=\skip52
\f@nch@O@olh=\skip53
\f@nch@O@orh=\skip54
\f@nch@O@elf=\skip55
\f@nch@O@erf=\skip56
\f@nch@O@olf=\skip57
\f@nch@O@orf=\skip58
)
(/usr/local/texlive/2022/texmf-dist/tex/latex/titlesec/titlesec.sty
Package: titlesec 2021/07/05 v2.14 Sectioning titles
\ttl@box=\box51
\beforetitleunit=\skip59
\aftertitleunit=\skip60
\ttl@plus=\dimen148
\ttl@minus=\dimen149
\ttl@toksa=\toks21
\titlewidth=\dimen150
\titlewidthlast=\dimen151
\titlewidthfirst=\dimen152
)
(/usr/local/texlive/2022/texmf-dist/tex/latex/base/makeidx.sty
Package: makeidx 2021/10/04 v1.0m Standard LaTeX package
)
(/usr/local/texlive/2022/texmf-dist/tex/latex/tools/longtable.sty
Package: longtable 2021-09-01 v4.17 Multi-page Table package (DPC)
\LTleft=\skip61
\LTright=\skip62
\LTpre=\skip63
\LTpost=\skip64
\LTchunksize=\count270
\LTcapwidth=\dimen153
\LT@head=\box52
\LT@firsthead=\box53
\LT@foot=\box54
\LT@lastfoot=\box55
\LT@gbox=\box56
\LT@cols=\count271
\LT@rows=\count272
\c@LT@tables=\count273
\c@LT@chunks=\count274
\LT@p@ftn=\toks22
)
(/usr/local/texlive/2022/texmf-dist/tex/latex/tools/multicol.sty
Package: multicol 2021/10/28 v1.9b multicolumn formatting (FMi)
\c@tracingmulticols=\count275
\mult@box=\box57
\multicol@leftmargin=\dimen154
\c@unbalance=\count276
\c@collectmore=\count277
\doublecol@number=\count278
\multicoltolerance=\count279
\multicolpretolerance=\count280
\full@width=\dimen155
\page@free=\dimen156
\premulticols=\dimen157
\postmulticols=\dimen158
\multicolsep=\skip65
\multicolbaselineskip=\skip66
\partial@page=\box58
\last@line=\box59
\maxbalancingoverflow=\dimen159
\mult@rightbox=\box60
\mult@grightbox=\box61
\mult@firstbox=\box62
\mult@gfirstbox=\box63
\@tempa=\box64
\@tempa=\box65
\@tempa=\box66
\@tempa=\box67
\@tempa=\box68
\@tempa=\box69
\@tempa=\box70
\@tempa=\box71
\@tempa=\box72
\@tempa=\box73
\@tempa=\box74
\@tempa=\box75
\@tempa=\box76
\@tempa=\box77
\@tempa=\box78
\@tempa=\box79
\@tempa=\box80
\@tempa=\box81
\@tempa=\box82
\@tempa=\box83
\@tempa=\box84
\@tempa=\box85
\@tempa=\box86
\@tempa=\box87
\@tempa=\box88
\@tempa=\box89
\@tempa=\box90
\@tempa=\box91
\@tempa=\box92
\@tempa=\box93
\@tempa=\box94
\@tempa=\box95
\@tempa=\box96
\@tempa=\box97
\@tempa=\box98
\@tempa=\box99
\c@minrows=\count281
\c@columnbadness=\count282
\c@finalcolumnbadness=\count283
\last@try=\dimen160
\multicolovershoot=\dimen161
\multicolundershoot=\dimen162
\mult@nat@firstbox=\box100
\colbreak@box=\box101
\mc@col@check@num=\count284
)
(/usr/local/texlive/2022/texmf-dist/tex/latex/base/inputenc.sty
Package: inputenc 2021/02/14 v1.3d Input encoding file
\inpenc@prehook=\toks23
\inpenc@posthook=\toks24

(/usr/local/texlive/2022/texmf-dist/tex/latex/base/latin1.def
File: latin1.def 2021/02/14 v1.3d Input encoding file
)) (./mystyle.sty
(/usr/local/texlive/2022/texmf-dist/tex/latex/amsmath/amsmath.sty
Package: amsmath 2021/10/15 v2.17l AMS math features
\@mathmargin=\skip67

For additional information on amsmath, use the `?' option.
(/usr/local/texlive/2022/texmf-dist/tex/latex/amsmath/amstext.sty
Package: amstext 2021/08/26 v2.01 AMS text

(/usr/local/texlive/2022/texmf-dist/tex/latex/amsmath/amsgen.sty
File: amsgen.sty 1999/11/30 v2.0 generic functions
\@emptytoks=\toks25
\ex@=\dimen163
))
(/usr/local/texlive/2022/texmf-dist/tex/latex/amsmath/amsbsy.sty
Package: amsbsy 1999/11/29 v1.2d Bold Symbols
\pmbraise@=\dimen164
)
(/usr/local/texlive/2022/texmf-dist/tex/latex/amsmath/amsopn.sty
Package: amsopn 2021/08/26 v2.02 operator names
)
\inf@bad=\count285
LaTeX Info: Redefining \frac on input line 234.
\uproot@=\count286
\leftroot@=\count287
LaTeX Info: Redefining \overline on input line 399.
\classnum@=\count288
\DOTSCASE@=\count289
LaTeX Info: Redefining \ldots on input line 496.
LaTeX Info: Redefining \dots on input line 499.
LaTeX Info: Redefining \cdots on input line 620.
\Mathstrutbox@=\box102
\strutbox@=\box103
\big@size=\dimen165
LaTeX Font Info:    Redeclaring font encoding OML on input line 743.
LaTeX Font Info:    Redeclaring font encoding OMS on input line 744.
\macc@depth=\count290
\c@MaxMatrixCols=\count291
\dotsspace@=\muskip16
\c@parentequation=\count292
\dspbrk@lvl=\count293
\tag@help=\toks26
\row@=\count294
\column@=\count295
\maxfields@=\count296
\andhelp@=\toks27
\eqnshift@=\dimen166
\alignsep@=\dimen167
\tagshift@=\dimen168
\tagwidth@=\dimen169
\totwidth@=\dimen170
\lineht@=\dimen171
\@envbody=\toks28
\multlinegap=\skip68
\multlinetaggap=\skip69
\mathdisplay@stack=\toks29
LaTeX Info: Redefining \[ on input line 2938.
LaTeX Info: Redefining \] on input line 2939.
)
(/usr/local/texlive/2022/texmf-dist/tex/latex/amsfonts/amsfonts.sty
Package: amsfonts 2013/01/14 v3.01 Basic AMSFonts support
\symAMSa=\mathgroup4
\symAMSb=\mathgroup5
LaTeX Font Info:    Redeclaring math symbol \hbar on input line 98.
LaTeX Font Info:    Overwriting math alphabet `\mathfrak' in version `bold'
(Font)                  U/euf/m/n --> U/euf/b/n on input line 106.
)
(/usr/local/texlive/2022/texmf-dist/tex/latex/amsfonts/amssymb.sty
Package: amssymb 2013/01/14 v3.01 AMS font symbols
)
(/usr/local/texlive/2022/texmf-dist/tex/latex/amscls/amsthm.sty
Package: amsthm 2020/05/29 v2.20.6
\thm@style=\toks30
\thm@bodyfont=\toks31
\thm@headfont=\toks32
\thm@notefont=\toks33
\thm@headpunct=\toks34
\thm@preskip=\skip70
\thm@postskip=\skip71
\thm@headsep=\skip72
\dth@everypar=\toks35
)
(/usr/local/texlive/2022/texmf-dist/tex/latex/mathtools/mathtools.sty
Package: mathtools 2022/02/07 v1.28a mathematical typesetting tools

(/usr/local/texlive/2022/texmf-dist/tex/latex/tools/calc.sty
Package: calc 2017/05/25 v4.3 Infix arithmetic (KKT,FJ)
\calc@Acount=\count297
\calc@Bcount=\count298
\calc@Adimen=\dimen172
\calc@Bdimen=\dimen173
\calc@Askip=\skip73
\calc@Bskip=\skip74
LaTeX Info: Redefining \setlength on input line 80.
LaTeX Info: Redefining \addtolength on input line 81.
\calc@Ccount=\count299
\calc@Cskip=\skip75
)
(/usr/local/texlive/2022/texmf-dist/tex/latex/mathtools/mhsetup.sty
Package: mhsetup 2021/03/18 v1.4 programming setup (MH)
)
\g_MT_multlinerow_int=\count300
\l_MT_multwidth_dim=\dimen174
\origjot=\skip76
\l_MT_shortvdotswithinadjustabove_dim=\dimen175
\l_MT_shortvdotswithinadjustbelow_dim=\dimen176
\l_MT_above_intertext_sep=\dimen177
\l_MT_below_intertext_sep=\dimen178
\l_MT_above_shortintertext_sep=\dimen179
\l_MT_below_shortintertext_sep=\dimen180
\xmathstrut@box=\box104
\xmathstrut@dim=\dimen181
)
(/usr/local/texlive/2022/texmf-dist/tex/latex/graphics/graphicx.sty
Package: graphicx 2021/09/16 v1.2d Enhanced LaTeX Graphics (DPC,SPQR)

(/usr/local/texlive/2022/texmf-dist/tex/latex/graphics/graphics.sty
Package: graphics 2021/03/04 v1.4d Standard LaTeX Graphics (DPC,SPQR)

(/usr/local/texlive/2022/texmf-dist/tex/latex/graphics/trig.sty
Package: trig 2021/08/11 v1.11 sin cos tan (DPC)
)
(/usr/local/texlive/2022/texmf-dist/tex/latex/graphics-cfg/graphics.cfg
File: graphics.cfg 2016/06/04 v1.11 sample graphics configuration
)
Package graphics Info: Driver file: pdftex.def on input line 107.

(/usr/local/texlive/2022/texmf-dist/tex/latex/graphics-def/pdftex.def
File: pdftex.def 2020/10/05 v1.2a Graphics/color driver for pdftex
))
\Gin@req@height=\dimen182
\Gin@req@width=\dimen183
)
(/usr/local/texlive/2022/texmf-dist/tex/latex/subfigure/subfigure.sty
Package: subfigure 2002/03/15 v2.1.5 subfigure package
\subfigtopskip=\skip77
\subfigcapskip=\skip78
\subfigcaptopadj=\dimen184
\subfigbottomskip=\skip79
\subfigcapmargin=\dimen185
\subfiglabelskip=\skip80
\c@subfigure=\count301
\c@lofdepth=\count302
\c@subtable=\count303
\c@lotdepth=\count304

****************************************
* Local config file subfigure.cfg used *
****************************************
(/usr/local/texlive/2022/texmf-dist/tex/latex/subfigure/subfigure.cfg)
\subfig@top=\skip81
\subfig@bottom=\skip82
)
(/usr/local/texlive/2022/texmf-dist/tex/latex/tools/array.sty
Package: array 2021/10/04 v2.5f Tabular extension package (FMi)
\col@sep=\dimen186
\ar@mcellbox=\box105
\extrarowheight=\dimen187
\NC@list=\toks36
\extratabsurround=\skip83
\backup@length=\skip84
\ar@cellbox=\box106
)
(/usr/local/texlive/2022/texmf-dist/tex/latex/tools/tabularx.sty
Package: tabularx 2020/01/15 v2.11c `tabularx' package (DPC)
\TX@col@width=\dimen188
\TX@old@table=\dimen189
\TX@old@col=\dimen190
\TX@target=\dimen191
\TX@delta=\dimen192
\TX@cols=\count305
\TX@ftn=\toks37
)
(/usr/local/texlive/2022/texmf-dist/tex/latex/tools/indentfirst.sty
Package: indentfirst 1995/11/23 v1.03 Indent first paragraph (DPC)
)
(/usr/local/texlive/2022/texmf-dist/tex/latex/doublestroke/dsfont.sty
Package: dsfont 1995/08/01 v0.1 Double stroke roman fonts
)
(/usr/local/texlive/2022/texmf-dist/tex/latex/url/url.sty
\Urlmuskip=\muskip17
Package: url 2013/09/16  ver 3.4  Verb mode for urls, etc.
)
(/usr/local/texlive/2022/texmf-dist/tex/latex/stmaryrd/stmaryrd.sty
Package: stmaryrd 1994/03/03 St Mary's Road symbol package
\symstmry=\mathgroup6
LaTeX Font Info:    Overwriting symbol font `stmry' in version `bold'
(Font)                  U/stmry/m/n --> U/stmry/b/n on input line 89.
)
(/usr/local/texlive/2022/texmf-dist/tex/latex/tools/xspace.sty
Package: xspace 2014/10/28 v1.13 Space after command names (DPC,MH)
)
(/usr/local/texlive/2022/texmf-dist/tex/latex/xcolor/xcolor.sty
Package: xcolor 2021/10/31 v2.13 LaTeX color extensions (UK)

(/usr/local/texlive/2022/texmf-dist/tex/latex/graphics-cfg/color.cfg
File: color.cfg 2016/01/02 v1.6 sample color configuration
)
Package xcolor Info: Driver file: pdftex.def on input line 227.
Package xcolor Info: Model `cmy' substituted by `cmy0' on input line 1352.
Package xcolor Info: Model `hsb' substituted by `rgb' on input line 1356.
Package xcolor Info: Model `RGB' extended on input line 1368.
Package xcolor Info: Model `HTML' substituted by `rgb' on input line 1370.
Package xcolor Info: Model `Hsb' substituted by `hsb' on input line 1371.
Package xcolor Info: Model `tHsb' substituted by `hsb' on input line 1372.
Package xcolor Info: Model `HSB' substituted by `hsb' on input line 1373.
Package xcolor Info: Model `Gray' substituted by `gray' on input line 1374.
Package xcolor Info: Model `wave' substituted by `hsb' on input line 1375.
)
(/usr/local/texlive/2022/texmf-dist/tex/latex/pgf/frontendlayer/tikz.sty
(/usr/local/texlive/2022/texmf-dist/tex/latex/pgf/basiclayer/pgf.sty
(/usr/local/texlive/2022/texmf-dist/tex/latex/pgf/utilities/pgfrcs.sty
(/usr/local/texlive/2022/texmf-dist/tex/generic/pgf/utilities/pgfutil-common.te
x
\pgfutil@everybye=\toks38
\pgfutil@tempdima=\dimen193
\pgfutil@tempdimb=\dimen194

(/usr/local/texlive/2022/texmf-dist/tex/generic/pgf/utilities/pgfutil-common-li
sts.tex))
(/usr/local/texlive/2022/texmf-dist/tex/generic/pgf/utilities/pgfutil-latex.def
\pgfutil@abb=\box107
) (/usr/local/texlive/2022/texmf-dist/tex/generic/pgf/utilities/pgfrcs.code.tex
(/usr/local/texlive/2022/texmf-dist/tex/generic/pgf/pgf.revision.tex)
Package: pgfrcs 2021/05/15 v3.1.9a (3.1.9a)
))
Package: pgf 2021/05/15 v3.1.9a (3.1.9a)

(/usr/local/texlive/2022/texmf-dist/tex/latex/pgf/basiclayer/pgfcore.sty
(/usr/local/texlive/2022/texmf-dist/tex/latex/pgf/systemlayer/pgfsys.sty
(/usr/local/texlive/2022/texmf-dist/tex/generic/pgf/systemlayer/pgfsys.code.tex
Package: pgfsys 2021/05/15 v3.1.9a (3.1.9a)
(/usr/local/texlive/2022/texmf-dist/tex/generic/pgf/utilities/pgfkeys.code.tex
\pgfkeys@pathtoks=\toks39
\pgfkeys@temptoks=\toks40

(/usr/local/texlive/2022/texmf-dist/tex/generic/pgf/utilities/pgfkeysfiltered.c
ode.tex
\pgfkeys@tmptoks=\toks41
))
\pgf@x=\dimen195
\pgf@y=\dimen196
\pgf@xa=\dimen197
\pgf@ya=\dimen198
\pgf@xb=\dimen199
\pgf@yb=\dimen256
\pgf@xc=\dimen257
\pgf@yc=\dimen258
\pgf@xd=\dimen259
\pgf@yd=\dimen260
\w@pgf@writea=\write3
\r@pgf@reada=\read2
\c@pgf@counta=\count306
\c@pgf@countb=\count307
\c@pgf@countc=\count308
\c@pgf@countd=\count309
\t@pgf@toka=\toks42
\t@pgf@tokb=\toks43
\t@pgf@tokc=\toks44
\pgf@sys@id@count=\count310

(/usr/local/texlive/2022/texmf-dist/tex/generic/pgf/systemlayer/pgf.cfg
File: pgf.cfg 2021/05/15 v3.1.9a (3.1.9a)
)
Driver file for pgf: pgfsys-pdftex.def

(/usr/local/texlive/2022/texmf-dist/tex/generic/pgf/systemlayer/pgfsys-pdftex.d
ef
File: pgfsys-pdftex.def 2021/05/15 v3.1.9a (3.1.9a)

(/usr/local/texlive/2022/texmf-dist/tex/generic/pgf/systemlayer/pgfsys-common-p
df.def
File: pgfsys-common-pdf.def 2021/05/15 v3.1.9a (3.1.9a)
)))
(/usr/local/texlive/2022/texmf-dist/tex/generic/pgf/systemlayer/pgfsyssoftpath.
code.tex
File: pgfsyssoftpath.code.tex 2021/05/15 v3.1.9a (3.1.9a)
\pgfsyssoftpath@smallbuffer@items=\count311
\pgfsyssoftpath@bigbuffer@items=\count312
)
(/usr/local/texlive/2022/texmf-dist/tex/generic/pgf/systemlayer/pgfsysprotocol.
code.tex
File: pgfsysprotocol.code.tex 2021/05/15 v3.1.9a (3.1.9a)
))
(/usr/local/texlive/2022/texmf-dist/tex/generic/pgf/basiclayer/pgfcore.code.tex
Package: pgfcore 2021/05/15 v3.1.9a (3.1.9a)
(/usr/local/texlive/2022/texmf-dist/tex/generic/pgf/math/pgfmath.code.tex
(/usr/local/texlive/2022/texmf-dist/tex/generic/pgf/math/pgfmathcalc.code.tex
(/usr/local/texlive/2022/texmf-dist/tex/generic/pgf/math/pgfmathutil.code.tex)
(/usr/local/texlive/2022/texmf-dist/tex/generic/pgf/math/pgfmathparser.code.tex
\pgfmath@dimen=\dimen261
\pgfmath@count=\count313
\pgfmath@box=\box108
\pgfmath@toks=\toks45
\pgfmath@stack@operand=\toks46
\pgfmath@stack@operation=\toks47
)
(/usr/local/texlive/2022/texmf-dist/tex/generic/pgf/math/pgfmathfunctions.code.
tex
(/usr/local/texlive/2022/texmf-dist/tex/generic/pgf/math/pgfmathfunctions.basic
.code.tex)
(/usr/local/texlive/2022/texmf-dist/tex/generic/pgf/math/pgfmathfunctions.trigo
nometric.code.tex)
(/usr/local/texlive/2022/texmf-dist/tex/generic/pgf/math/pgfmathfunctions.rando
m.code.tex)
(/usr/local/texlive/2022/texmf-dist/tex/generic/pgf/math/pgfmathfunctions.compa
rison.code.tex)
(/usr/local/texlive/2022/texmf-dist/tex/generic/pgf/math/pgfmathfunctions.base.
code.tex)
(/usr/local/texlive/2022/texmf-dist/tex/generic/pgf/math/pgfmathfunctions.round
.code.tex)
(/usr/local/texlive/2022/texmf-dist/tex/generic/pgf/math/pgfmathfunctions.misc.
code.tex)
(/usr/local/texlive/2022/texmf-dist/tex/generic/pgf/math/pgfmathfunctions.integ
erarithmetics.code.tex)))
(/usr/local/texlive/2022/texmf-dist/tex/generic/pgf/math/pgfmathfloat.code.tex
\c@pgfmathroundto@lastzeros=\count314
)) (/usr/local/texlive/2022/texmf-dist/tex/generic/pgf/math/pgfint.code.tex)
(/usr/local/texlive/2022/texmf-dist/tex/generic/pgf/basiclayer/pgfcorepoints.co
de.tex
File: pgfcorepoints.code.tex 2021/05/15 v3.1.9a (3.1.9a)
\pgf@picminx=\dimen262
\pgf@picmaxx=\dimen263
\pgf@picminy=\dimen264
\pgf@picmaxy=\dimen265
\pgf@pathminx=\dimen266
\pgf@pathmaxx=\dimen267
\pgf@pathminy=\dimen268
\pgf@pathmaxy=\dimen269
\pgf@xx=\dimen270
\pgf@xy=\dimen271
\pgf@yx=\dimen272
\pgf@yy=\dimen273
\pgf@zx=\dimen274
\pgf@zy=\dimen275
)
(/usr/local/texlive/2022/texmf-dist/tex/generic/pgf/basiclayer/pgfcorepathconst
ruct.code.tex
File: pgfcorepathconstruct.code.tex 2021/05/15 v3.1.9a (3.1.9a)
\pgf@path@lastx=\dimen276
\pgf@path@lasty=\dimen277
)
(/usr/local/texlive/2022/texmf-dist/tex/generic/pgf/basiclayer/pgfcorepathusage
.code.tex
File: pgfcorepathusage.code.tex 2021/05/15 v3.1.9a (3.1.9a)
\pgf@shorten@end@additional=\dimen278
\pgf@shorten@start@additional=\dimen279
)
(/usr/local/texlive/2022/texmf-dist/tex/generic/pgf/basiclayer/pgfcorescopes.co
de.tex
File: pgfcorescopes.code.tex 2021/05/15 v3.1.9a (3.1.9a)
\pgfpic=\box109
\pgf@hbox=\box110
\pgf@layerbox@main=\box111
\pgf@picture@serial@count=\count315
)
(/usr/local/texlive/2022/texmf-dist/tex/generic/pgf/basiclayer/pgfcoregraphicst
ate.code.tex
File: pgfcoregraphicstate.code.tex 2021/05/15 v3.1.9a (3.1.9a)
\pgflinewidth=\dimen280
)
(/usr/local/texlive/2022/texmf-dist/tex/generic/pgf/basiclayer/pgfcoretransform
ations.code.tex
File: pgfcoretransformations.code.tex 2021/05/15 v3.1.9a (3.1.9a)
\pgf@pt@x=\dimen281
\pgf@pt@y=\dimen282
\pgf@pt@temp=\dimen283
)
(/usr/local/texlive/2022/texmf-dist/tex/generic/pgf/basiclayer/pgfcorequick.cod
e.tex
File: pgfcorequick.code.tex 2021/05/15 v3.1.9a (3.1.9a)
)
(/usr/local/texlive/2022/texmf-dist/tex/generic/pgf/basiclayer/pgfcoreobjects.c
ode.tex
File: pgfcoreobjects.code.tex 2021/05/15 v3.1.9a (3.1.9a)
)
(/usr/local/texlive/2022/texmf-dist/tex/generic/pgf/basiclayer/pgfcorepathproce
ssing.code.tex
File: pgfcorepathprocessing.code.tex 2021/05/15 v3.1.9a (3.1.9a)
)
(/usr/local/texlive/2022/texmf-dist/tex/generic/pgf/basiclayer/pgfcorearrows.co
de.tex
File: pgfcorearrows.code.tex 2021/05/15 v3.1.9a (3.1.9a)
\pgfarrowsep=\dimen284
)
(/usr/local/texlive/2022/texmf-dist/tex/generic/pgf/basiclayer/pgfcoreshade.cod
e.tex
File: pgfcoreshade.code.tex 2021/05/15 v3.1.9a (3.1.9a)
\pgf@max=\dimen285
\pgf@sys@shading@range@num=\count316
\pgf@shadingcount=\count317
)
(/usr/local/texlive/2022/texmf-dist/tex/generic/pgf/basiclayer/pgfcoreimage.cod
e.tex
File: pgfcoreimage.code.tex 2021/05/15 v3.1.9a (3.1.9a)

(/usr/local/texlive/2022/texmf-dist/tex/generic/pgf/basiclayer/pgfcoreexternal.
code.tex
File: pgfcoreexternal.code.tex 2021/05/15 v3.1.9a (3.1.9a)
\pgfexternal@startupbox=\box112
))
(/usr/local/texlive/2022/texmf-dist/tex/generic/pgf/basiclayer/pgfcorelayers.co
de.tex
File: pgfcorelayers.code.tex 2021/05/15 v3.1.9a (3.1.9a)
)
(/usr/local/texlive/2022/texmf-dist/tex/generic/pgf/basiclayer/pgfcoretranspare
ncy.code.tex
File: pgfcoretransparency.code.tex 2021/05/15 v3.1.9a (3.1.9a)
)
(/usr/local/texlive/2022/texmf-dist/tex/generic/pgf/basiclayer/pgfcorepatterns.
code.tex
File: pgfcorepatterns.code.tex 2021/05/15 v3.1.9a (3.1.9a)
)
(/usr/local/texlive/2022/texmf-dist/tex/generic/pgf/basiclayer/pgfcorerdf.code.
tex
File: pgfcorerdf.code.tex 2021/05/15 v3.1.9a (3.1.9a)
)))
(/usr/local/texlive/2022/texmf-dist/tex/generic/pgf/modules/pgfmoduleshapes.cod
e.tex
File: pgfmoduleshapes.code.tex 2021/05/15 v3.1.9a (3.1.9a)
\pgfnodeparttextbox=\box113
)
(/usr/local/texlive/2022/texmf-dist/tex/generic/pgf/modules/pgfmoduleplot.code.
tex
File: pgfmoduleplot.code.tex 2021/05/15 v3.1.9a (3.1.9a)
)
(/usr/local/texlive/2022/texmf-dist/tex/latex/pgf/compatibility/pgfcomp-version
-0-65.sty
Package: pgfcomp-version-0-65 2021/05/15 v3.1.9a (3.1.9a)
\pgf@nodesepstart=\dimen286
\pgf@nodesepend=\dimen287
)
(/usr/local/texlive/2022/texmf-dist/tex/latex/pgf/compatibility/pgfcomp-version
-1-18.sty
Package: pgfcomp-version-1-18 2021/05/15 v3.1.9a (3.1.9a)
))
(/usr/local/texlive/2022/texmf-dist/tex/latex/pgf/utilities/pgffor.sty
(/usr/local/texlive/2022/texmf-dist/tex/latex/pgf/utilities/pgfkeys.sty
(/usr/local/texlive/2022/texmf-dist/tex/generic/pgf/utilities/pgfkeys.code.tex)
) (/usr/local/texlive/2022/texmf-dist/tex/latex/pgf/math/pgfmath.sty
(/usr/local/texlive/2022/texmf-dist/tex/generic/pgf/math/pgfmath.code.tex))
(/usr/local/texlive/2022/texmf-dist/tex/generic/pgf/utilities/pgffor.code.tex
Package: pgffor 2021/05/15 v3.1.9a (3.1.9a)

(/usr/local/texlive/2022/texmf-dist/tex/generic/pgf/math/pgfmath.code.tex)
\pgffor@iter=\dimen288
\pgffor@skip=\dimen289
\pgffor@stack=\toks48
\pgffor@toks=\toks49
))
(/usr/local/texlive/2022/texmf-dist/tex/generic/pgf/frontendlayer/tikz/tikz.cod
e.tex
Package: tikz 2021/05/15 v3.1.9a (3.1.9a)

(/usr/local/texlive/2022/texmf-dist/tex/generic/pgf/libraries/pgflibraryplothan
dlers.code.tex
File: pgflibraryplothandlers.code.tex 2021/05/15 v3.1.9a (3.1.9a)
\pgf@plot@mark@count=\count318
\pgfplotmarksize=\dimen290
)
\tikz@lastx=\dimen291
\tikz@lasty=\dimen292
\tikz@lastxsaved=\dimen293
\tikz@lastysaved=\dimen294
\tikz@lastmovetox=\dimen295
\tikz@lastmovetoy=\dimen296
\tikzleveldistance=\dimen297
\tikzsiblingdistance=\dimen298
\tikz@figbox=\box114
\tikz@figbox@bg=\box115
\tikz@tempbox=\box116
\tikz@tempbox@bg=\box117
\tikztreelevel=\count319
\tikznumberofchildren=\count320
\tikznumberofcurrentchild=\count321
\tikz@fig@count=\count322

(/usr/local/texlive/2022/texmf-dist/tex/generic/pgf/modules/pgfmodulematrix.cod
e.tex
File: pgfmodulematrix.code.tex 2021/05/15 v3.1.9a (3.1.9a)
\pgfmatrixcurrentrow=\count323
\pgfmatrixcurrentcolumn=\count324
\pgf@matrix@numberofcolumns=\count325
)
\tikz@expandcount=\count326

(/usr/local/texlive/2022/texmf-dist/tex/generic/pgf/frontendlayer/tikz/librarie
s/tikzlibrarytopaths.code.tex
File: tikzlibrarytopaths.code.tex 2021/05/15 v3.1.9a (3.1.9a)
)))
(/usr/local/texlive/2022/texmf-dist/tex/generic/pgf/frontendlayer/tikz/librarie
s/tikzlibrarydecorations.pathmorphing.code.tex
(/usr/local/texlive/2022/texmf-dist/tex/generic/pgf/frontendlayer/tikz/librarie
s/tikzlibrarydecorations.code.tex
(/usr/local/texlive/2022/texmf-dist/tex/generic/pgf/modules/pgfmoduledecoration
s.code.tex
\pgfdecoratedcompleteddistance=\dimen299
\pgfdecoratedremainingdistance=\dimen300
\pgfdecoratedinputsegmentcompleteddistance=\dimen301
\pgfdecoratedinputsegmentremainingdistance=\dimen302
\pgf@decorate@distancetomove=\dimen303
\pgf@decorate@repeatstate=\count327
\pgfdecorationsegmentamplitude=\dimen304
\pgfdecorationsegmentlength=\dimen305
)
\tikz@lib@dec@box=\box118
)
(/usr/local/texlive/2022/texmf-dist/tex/generic/pgf/libraries/decorations/pgfli
brarydecorations.pathmorphing.code.tex))
(/usr/local/texlive/2022/texmf-dist/tex/latex/mdframed/mdframed.sty
Package: mdframed 2013/07/01 1.9b: mdframed

(/usr/local/texlive/2022/texmf-dist/tex/latex/kvoptions/kvoptions.sty
Package: kvoptions 2020-10-07 v3.14 Key value format for package options (HO)

(/usr/local/texlive/2022/texmf-dist/tex/generic/ltxcmds/ltxcmds.sty
Package: ltxcmds 2020-05-10 v1.25 LaTeX kernel commands for general use (HO)
)
(/usr/local/texlive/2022/texmf-dist/tex/generic/kvsetkeys/kvsetkeys.sty
Package: kvsetkeys 2019/12/15 v1.18 Key value parser (HO)
))
(/usr/local/texlive/2022/texmf-dist/tex/latex/l3packages/xparse/xparse.sty
(/usr/local/texlive/2022/texmf-dist/tex/latex/l3kernel/expl3.sty
Package: expl3 2022-02-24 L3 programming layer (loader) 

(/usr/local/texlive/2022/texmf-dist/tex/latex/l3backend/l3backend-pdftex.def
File: l3backend-pdftex.def 2022-02-07 L3 backend support: PDF output (pdfTeX)
\l__color_backend_stack_int=\count328
\l__pdf_internal_box=\box119
))
Package: xparse 2022-01-12 L3 Experimental document command parser
) (/usr/local/texlive/2022/texmf-dist/tex/latex/zref/zref-abspage.sty
Package: zref-abspage 2020-07-03 v2.32 Module abspage for zref (HO)

(/usr/local/texlive/2022/texmf-dist/tex/latex/zref/zref-base.sty
Package: zref-base 2020-07-03 v2.32 Module base for zref (HO)

(/usr/local/texlive/2022/texmf-dist/tex/generic/infwarerr/infwarerr.sty
Package: infwarerr 2019/12/03 v1.5 Providing info/warning/error messages (HO)
)
(/usr/local/texlive/2022/texmf-dist/tex/generic/kvdefinekeys/kvdefinekeys.sty
Package: kvdefinekeys 2019-12-19 v1.6 Define keys (HO)
)
(/usr/local/texlive/2022/texmf-dist/tex/generic/pdftexcmds/pdftexcmds.sty
Package: pdftexcmds 2020-06-27 v0.33 Utility functions of pdfTeX for LuaTeX (HO
)
Package pdftexcmds Info: \pdf@primitive is available.
Package pdftexcmds Info: \pdf@ifprimitive is available.
Package pdftexcmds Info: \pdfdraftmode found.
)
(/usr/local/texlive/2022/texmf-dist/tex/generic/etexcmds/etexcmds.sty
Package: etexcmds 2019/12/15 v1.7 Avoid name clashes with e-TeX commands (HO)
)
(/usr/local/texlive/2022/texmf-dist/tex/latex/auxhook/auxhook.sty
Package: auxhook 2019-12-17 v1.6 Hooks for auxiliary files (HO)
)
Package zref Info: New property list: main on input line 764.
Package zref Info: New property: default on input line 765.
Package zref Info: New property: page on input line 766.
)
(/usr/local/texlive/2022/texmf-dist/tex/latex/base/atbegshi-ltx.sty
Package: atbegshi-ltx 2021/01/10 v1.0c Emulation of the original atbegshi
package with kernel methods
)
\c@abspage=\count329
Package zref Info: New property: abspage on input line 66.
)
(/usr/local/texlive/2022/texmf-dist/tex/latex/needspace/needspace.sty
Package: needspace 2010/09/12 v1.3d reserve vertical space
)
\mdf@templength=\skip85
\c@mdf@globalstyle@cnt=\count330
\mdf@skipabove@length=\skip86
\mdf@skipbelow@length=\skip87
\mdf@leftmargin@length=\skip88
\mdf@rightmargin@length=\skip89
\mdf@innerleftmargin@length=\skip90
\mdf@innerrightmargin@length=\skip91
\mdf@innertopmargin@length=\skip92
\mdf@innerbottommargin@length=\skip93
\mdf@splittopskip@length=\skip94
\mdf@splitbottomskip@length=\skip95
\mdf@outermargin@length=\skip96
\mdf@innermargin@length=\skip97
\mdf@linewidth@length=\skip98
\mdf@innerlinewidth@length=\skip99
\mdf@middlelinewidth@length=\skip100
\mdf@outerlinewidth@length=\skip101
\mdf@roundcorner@length=\skip102
\mdf@footenotedistance@length=\skip103
\mdf@userdefinedwidth@length=\skip104
\mdf@needspace@length=\skip105
\mdf@frametitleaboveskip@length=\skip106
\mdf@frametitlebelowskip@length=\skip107
\mdf@frametitlerulewidth@length=\skip108
\mdf@frametitleleftmargin@length=\skip109
\mdf@frametitlerightmargin@length=\skip110
\mdf@shadowsize@length=\skip111
\mdf@extratopheight@length=\skip112
\mdf@subtitleabovelinewidth@length=\skip113
\mdf@subtitlebelowlinewidth@length=\skip114
\mdf@subtitleaboveskip@length=\skip115
\mdf@subtitlebelowskip@length=\skip116
\mdf@subtitleinneraboveskip@length=\skip117
\mdf@subtitleinnerbelowskip@length=\skip118
\mdf@subsubtitleabovelinewidth@length=\skip119
\mdf@subsubtitlebelowlinewidth@length=\skip120
\mdf@subsubtitleaboveskip@length=\skip121
\mdf@subsubtitlebelowskip@length=\skip122
\mdf@subsubtitleinneraboveskip@length=\skip123
\mdf@subsubtitleinnerbelowskip@length=\skip124

(/usr/local/texlive/2022/texmf-dist/tex/latex/mdframed/md-frame-1.mdf
File: md-frame-1.mdf 2013/07/01\ 1.9b: md-frame-1
)
\mdf@frametitlebox=\box120
\mdf@footnotebox=\box121
\mdf@splitbox@one=\box122
\mdf@splitbox@two=\box123
\mdf@splitbox@save=\box124
\mdfsplitboxwidth=\skip125
\mdfsplitboxtotalwidth=\skip126
\mdfsplitboxheight=\skip127
\mdfsplitboxdepth=\skip128
\mdfsplitboxtotalheight=\skip129
\mdfframetitleboxwidth=\skip130
\mdfframetitleboxtotalwidth=\skip131
\mdfframetitleboxheight=\skip132
\mdfframetitleboxdepth=\skip133
\mdfframetitleboxtotalheight=\skip134
\mdffootnoteboxwidth=\skip135
\mdffootnoteboxtotalwidth=\skip136
\mdffootnoteboxheight=\skip137
\mdffootnoteboxdepth=\skip138
\mdffootnoteboxtotalheight=\skip139
\mdftotallinewidth=\skip140
\mdfboundingboxwidth=\skip141
\mdfboundingboxtotalwidth=\skip142
\mdfboundingboxheight=\skip143
\mdfboundingboxdepth=\skip144
\mdfboundingboxtotalheight=\skip145
\mdf@freevspace@length=\skip146
\mdf@horizontalwidthofbox@length=\skip147
\mdf@verticalmarginwhole@length=\skip148
\mdf@horizontalspaceofbox=\skip149
\mdfsubtitleheight=\skip150
\mdfsubsubtitleheight=\skip151
\c@mdfcountframes=\count331

****** mdframed patching \endmdf@trivlist

****** -- success******

\mdf@envdepth=\count332
\c@mdf@env@i=\count333
\c@mdf@env@ii=\count334
\c@mdf@zref@counter=\count335
Package zref Info: New property: mdf@pagevalue on input line 895.
)
(/usr/local/texlive/2022/texmf-dist/tex/latex/tcolorbox/tcolorbox.sty
Package: tcolorbox 2022/01/07 version 5.0.2 text color boxes

(/usr/local/texlive/2022/texmf-dist/tex/latex/tools/verbatim.sty
Package: verbatim 2020-07-07 v1.5u LaTeX2e package for verbatim enhancements
\every@verbatim=\toks50
\verbatim@line=\toks51
\verbatim@in@stream=\read3
)
(/usr/local/texlive/2022/texmf-dist/tex/latex/environ/environ.sty
Package: environ 2014/05/04 v0.3 A new way to define environments

(/usr/local/texlive/2022/texmf-dist/tex/latex/trimspaces/trimspaces.sty
Package: trimspaces 2009/09/17 v1.1 Trim spaces around a token list
))
\tcb@titlebox=\box125
\tcb@upperbox=\box126
\tcb@lowerbox=\box127
\tcb@phantombox=\box128
\c@tcbbreakpart=\count336
\c@tcblayer=\count337
\c@tcolorbox@number=\count338
\tcb@temp=\box129
\tcb@temp=\box130
\tcb@temp=\box131
\tcb@temp=\box132

(/usr/local/texlive/2022/texmf-dist/tex/latex/tcolorbox/tcbskins.code.tex
Library (tcolorbox): 'tcbskins.code.tex' version '5.0.2'
\tcb@waterbox=\box133

(/usr/local/texlive/2022/texmf-dist/tex/latex/tcolorbox/tcbskinsjigsaw.code.tex
Library (tcolorbox): 'tcbskinsjigsaw.code.tex' version '5.0.2'
))
(/usr/local/texlive/2022/texmf-dist/tex/latex/tcolorbox/tcbbreakable.code.tex
Library (tcolorbox): 'tcbbreakable.code.tex' version '5.0.2'
(/usr/local/texlive/2022/texmf-dist/tex/generic/oberdiek/pdfcol.sty
Package: pdfcol 2019/12/29 v1.6 Handle new color stacks for pdfTeX (HO)
)
Package pdfcol Info: New color stack `tcb@breakable' = 1 on input line 23.
\tcb@testbox=\box134
\tcb@totalupperbox=\box135
\tcb@totallowerbox=\box136
))
\otfigurecaptionmargin=\skip152
\otfigurecaptionaboveskip=\skip153
\c@thm=\count339

(/usr/local/texlive/2022/texmf-dist/tex/latex/float/float.sty
Package: float 2001/11/08 v1.3d Float enhancements (AL)
\c@float@type=\count340
\float@exts=\toks52
\float@box=\box137
\@float@everytoks=\toks53
\@floatcapt=\box138
)
\@float@every@algfloat=\toks54
\c@algfloat=\count341
)
(/usr/local/texlive/2022/texmf-dist/tex/latex/newpx/newpxmath.sty
Package: newpxmath 2021/12/04 v1.5

`newpxmath' v1.5, 2021/12/04 Math macros based on pxfonts (msharpe)
(/usr/local/texlive/2022/texmf-dist/tex/generic/kastrup/binhex.tex)
(/usr/local/texlive/2022/texmf-dist/tex/latex/oberdiek/centernot.sty
Package: centernot 2016/05/16 v1.4 Centers the not symbol horizontally (HO)
)
\px@tA=\toks55
\px@tB=\toks56
\px@su=\read4
\px@Isdigit=\count342
LaTeX Font Info:    Redeclaring symbol font `operators' on input line 211.
LaTeX Font Info:    Overwriting symbol font `operators' in version `normal'
(Font)                  OT1/cmr/m/n --> OT1/zplTLF/m/n on input line 211.
LaTeX Font Info:    Overwriting symbol font `operators' in version `bold'
(Font)                  OT1/cmr/bx/n --> OT1/zplTLF/m/n on input line 211.
LaTeX Font Info:    Overwriting symbol font `operators' in version `bold'
(Font)                  OT1/zplTLF/m/n --> OT1/zplTLF/b/n on input line 212.
LaTeX Font Info:    Redeclaring math alphabet \mathsf on input line 215.
LaTeX Font Info:    Overwriting math alphabet `\mathsf' in version `normal'
(Font)                  OT1/cmss/m/n --> T1/qhv/m/n on input line 215.
LaTeX Font Info:    Overwriting math alphabet `\mathsf' in version `bold'
(Font)                  OT1/cmss/bx/n --> T1/qhv/m/n on input line 215.
LaTeX Font Info:    Redeclaring math alphabet \mathit on input line 216.
LaTeX Font Info:    Overwriting math alphabet `\mathit' in version `normal'
(Font)                  OT1/cmr/m/it --> OT1/zplTLF/m/it on input line 216.
LaTeX Font Info:    Overwriting math alphabet `\mathit' in version `bold'
(Font)                  OT1/cmr/bx/it --> OT1/zplTLF/m/it on input line 216.
LaTeX Font Info:    Redeclaring math alphabet \mathtt on input line 217.
LaTeX Font Info:    Overwriting math alphabet `\mathtt' in version `normal'
(Font)                  OT1/cmtt/m/n --> T1/npxtt/m/n on input line 217.
LaTeX Font Info:    Overwriting math alphabet `\mathtt' in version `bold'
(Font)                  OT1/cmtt/m/n --> T1/npxtt/m/n on input line 217.
LaTeX Font Info:    Redeclaring math alphabet \mathbf on input line 219.
LaTeX Font Info:    Overwriting math alphabet `\mathbf' in version `normal'
(Font)                  OT1/cmr/bx/n --> OT1/zplTLF/b/n on input line 219.
LaTeX Font Info:    Overwriting math alphabet `\mathbf' in version `bold'
(Font)                  OT1/cmr/bx/n --> OT1/zplTLF/b/n on input line 219.
LaTeX Font Info:    Overwriting math alphabet `\mathit' in version `bold'
(Font)                  OT1/zplTLF/m/it --> OT1/zplTLF/b/it on input line 220.
LaTeX Font Info:    Overwriting math alphabet `\mathsf' in version `bold'
(Font)                  T1/qhv/m/n --> T1/qhv/b/n on input line 222.
LaTeX Font Info:    Overwriting math alphabet `\mathtt' in version `bold'
(Font)                  T1/npxtt/m/n --> T1/npxtt/b/n on input line 223.
LaTeX Font Info:    Redeclaring symbol font `letters' on input line 234.
LaTeX Font Info:    Overwriting symbol font `letters' in version `normal'
(Font)                  OML/cmm/m/it --> OML/npxmi/m/it on input line 234.
LaTeX Font Info:    Overwriting symbol font `letters' in version `bold'
(Font)                  OML/cmm/b/it --> OML/npxmi/m/it on input line 234.
LaTeX Font Info:    Overwriting symbol font `letters' in version `bold'
(Font)                  OML/npxmi/m/it --> OML/npxmi/b/it on input line 235.
\symlettersA=\mathgroup7
LaTeX Font Info:    Overwriting symbol font `lettersA' in version `bold'
(Font)                  U/npxmia/m/it --> U/npxmia/b/it on input line 253.
LaTeX Font Info:    Redeclaring math alphabet \mathfrak on input line 255.
Now handling font encoding LMS ...
... no UTF-8 mapping file for font encoding LMS
LaTeX Font Info:    Redeclaring symbol font `symbols' on input line 263.
LaTeX Font Info:    Encoding `OMS' has changed to `LMS' for symbol font
(Font)              `symbols' in the math version `normal' on input line 263.
LaTeX Font Info:    Overwriting symbol font `symbols' in version `normal'
(Font)                  OMS/cmsy/m/n --> LMS/npxsy/m/n on input line 263.
LaTeX Font Info:    Encoding `OMS' has changed to `LMS' for symbol font
(Font)              `symbols' in the math version `bold' on input line 263.
LaTeX Font Info:    Overwriting symbol font `symbols' in version `bold'
(Font)                  OMS/cmsy/b/n --> LMS/npxsy/m/n on input line 263.
LaTeX Font Info:    Overwriting symbol font `symbols' in version `bold'
(Font)                  LMS/npxsy/m/n --> LMS/npxsy/b/n on input line 264.
\symAMSm=\mathgroup8
LaTeX Font Info:    Overwriting symbol font `AMSm' in version `bold'
(Font)                  U/npxsym/m/n --> U/npxsym/b/n on input line 284.
\symsymbolsC=\mathgroup9
LaTeX Font Info:    Overwriting symbol font `symbolsC' in version `bold'
(Font)                  U/npxsyc/m/n --> U/npxsyc/b/n on input line 306.
Now handling font encoding LMX ...
... no UTF-8 mapping file for font encoding LMX
LaTeX Font Info:    Redeclaring symbol font `largesymbols' on input line 326.
LaTeX Font Info:    Encoding `OMX' has changed to `LMX' for symbol font
(Font)              `largesymbols' in the math version `normal' on input line 3
26.
LaTeX Font Info:    Overwriting symbol font `largesymbols' in version `normal'
(Font)                  OMX/cmex/m/n --> LMX/npxexx/m/n on input line 326.
LaTeX Font Info:    Encoding `OMX' has changed to `LMX' for symbol font
(Font)              `largesymbols' in the math version `bold' on input line 326
.
LaTeX Font Info:    Overwriting symbol font `largesymbols' in version `bold'
(Font)                  OMX/cmex/m/n --> LMX/npxexx/m/n on input line 326.
LaTeX Font Info:    Overwriting symbol font `largesymbols' in version `bold'
(Font)                  LMX/npxexx/m/n --> LMX/npxexx/b/n on input line 327.
\symlargesymbolsPXA=\mathgroup10
LaTeX Font Info:    Overwriting symbol font `largesymbolsPXA' in version `bold'

(Font)                  U/npxexa/m/n --> U/npxexa/b/n on input line 334.
\px@cntz=\count343
\px@IsAlNum=\count344
\px@sbptoks=\toks57
LaTeX Font Info:    Redeclaring math delimiter \lfloor on input line 489.
LaTeX Font Info:    Redeclaring math delimiter \rfloor on input line 490.
LaTeX Font Info:    Redeclaring math delimiter \lceil on input line 491.
LaTeX Font Info:    Redeclaring math delimiter \rceil on input line 492.
LaTeX Font Info:    Redeclaring math delimiter \lbrace on input line 493.
LaTeX Font Info:    Redeclaring math delimiter \rbrace on input line 494.
LaTeX Font Info:    Redeclaring math delimiter \langle on input line 495.
LaTeX Font Info:    Redeclaring math delimiter \rangle on input line 497.
LaTeX Font Info:    Redeclaring math delimiter \arrowvert on input line 501.
LaTeX Font Info:    Redeclaring math delimiter \vert on input line 502.
LaTeX Font Info:    Redeclaring math symbol \parallel on input line 503.
LaTeX Font Info:    Redeclaring math delimiter \Arrowvert on input line 504.
LaTeX Font Info:    Redeclaring math accent \grave on input line 544.
LaTeX Font Info:    Redeclaring math accent \acute on input line 545.
LaTeX Font Info:    Redeclaring math accent \hat on input line 546.
LaTeX Font Info:    Redeclaring math accent \tilde on input line 547.
LaTeX Font Info:    Redeclaring math accent \bar on input line 548.
LaTeX Font Info:    Redeclaring math accent \breve on input line 549.
LaTeX Font Info:    Redeclaring math accent \mathring on input line 550.
LaTeX Font Info:    Redeclaring math accent \check on input line 551.
LaTeX Font Info:    Redeclaring math accent \dot on input line 555.
LaTeX Font Info:    Redeclaring math accent \ddot on input line 556.
LaTeX Font Info:    Redeclaring math accent \vec on input line 1598.
LaTeX Info: Redefining \Bbbk on input line 2175.
LaTeX Info: Redefining \not on input line 2457.
LaTeX Info: Redefining \textsquare on input line 2472.
LaTeX Info: Redefining \openbox on input line 2474.
)
(/usr/local/texlive/2022/texmf-dist/tex/latex/inconsolata/inconsolata.sty
Package: inconsolata 2019/05/17 v1.12

`inconsolata-zi4' v1.12, 2019/05/17 Text macros for Inconsolata (msharpe)
\zifour@ocount=\count345
)
(/usr/local/texlive/2022/texmf-dist/tex/latex/wrapfig/wrapfig.sty
\wrapoverhang=\dimen306
\WF@size=\dimen307
\c@WF@wrappedlines=\count346
\WF@box=\box139
\WF@everypar=\toks58
Package: wrapfig 2003/01/31  v 3.6
)
(./notations_ot.sty
(/usr/local/texlive/2022/texmf-dist/tex/latex/bbold/bbold.sty
Package: bbold 1994/04/06 Bbold symbol package
LaTeX Font Info:    Redeclaring math alphabet \mathbb on input line 42.
))
\c@ttlp@side=\count347
\ttlp@side=\count348

(/usr/local/texlive/2022/texmf-dist/tex/latex/hyperref/hyperref.sty
Package: hyperref 2022-02-21 v7.00n Hypertext links for LaTeX

(/usr/local/texlive/2022/texmf-dist/tex/generic/pdfescape/pdfescape.sty
Package: pdfescape 2019/12/09 v1.15 Implements pdfTeX's escape features (HO)
)
(/usr/local/texlive/2022/texmf-dist/tex/latex/hycolor/hycolor.sty
Package: hycolor 2020-01-27 v1.10 Color options for hyperref/bookmark (HO)
)
(/usr/local/texlive/2022/texmf-dist/tex/latex/letltxmacro/letltxmacro.sty
Package: letltxmacro 2019/12/03 v1.6 Let assignment for LaTeX macros (HO)
)
\@linkdim=\dimen308
\Hy@linkcounter=\count349
\Hy@pagecounter=\count350

(/usr/local/texlive/2022/texmf-dist/tex/latex/hyperref/pd1enc.def
File: pd1enc.def 2022-02-21 v7.00n Hyperref: PDFDocEncoding definition (HO)
Now handling font encoding PD1 ...
... no UTF-8 mapping file for font encoding PD1
)
(/usr/local/texlive/2022/texmf-dist/tex/generic/intcalc/intcalc.sty
Package: intcalc 2019/12/15 v1.3 Expandable calculations with integers (HO)
)
\Hy@SavedSpaceFactor=\count351

(/usr/local/texlive/2022/texmf-dist/tex/latex/hyperref/puenc.def
File: puenc.def 2022-02-21 v7.00n Hyperref: PDF Unicode definition (HO)
Now handling font encoding PU ...
... no UTF-8 mapping file for font encoding PU
)
Package hyperref Info: Option `bookmarks' set `true' on input line 4018.
Package hyperref Info: Option `colorlinks' set `true' on input line 4018.
Package hyperref Info: Hyper figures OFF on input line 4137.
Package hyperref Info: Link nesting OFF on input line 4142.
Package hyperref Info: Hyper index ON on input line 4145.
Package hyperref Info: Plain pages OFF on input line 4152.
Package hyperref Info: Backreferencing OFF on input line 4157.
Package hyperref Info: Implicit mode ON; LaTeX internals redefined.
Package hyperref Info: Bookmarks ON on input line 4390.
\c@Hy@tempcnt=\count352
LaTeX Info: Redefining \url on input line 4749.
\XeTeXLinkMargin=\dimen309

(/usr/local/texlive/2022/texmf-dist/tex/generic/bitset/bitset.sty
Package: bitset 2019/12/09 v1.3 Handle bit-vector datatype (HO)

(/usr/local/texlive/2022/texmf-dist/tex/generic/bigintcalc/bigintcalc.sty
Package: bigintcalc 2019/12/15 v1.5 Expandable calculations on big integers (HO
)
))
\Fld@menulength=\count353
\Field@Width=\dimen310
\Fld@charsize=\dimen311
Package hyperref Info: Hyper figures OFF on input line 6027.
Package hyperref Info: Link nesting OFF on input line 6032.
Package hyperref Info: Hyper index ON on input line 6035.
Package hyperref Info: backreferencing OFF on input line 6042.
Package hyperref Info: Link coloring ON on input line 6045.
Package hyperref Info: Link coloring with OCG OFF on input line 6052.
Package hyperref Info: PDF/A mode OFF on input line 6057.
LaTeX Info: Redefining \ref on input line 6097.
LaTeX Info: Redefining \pageref on input line 6101.
\Hy@abspage=\count354
\c@Item=\count355
\c@Hfootnote=\count356
)
Package hyperref Info: Driver (autodetected): hpdftex.

(/usr/local/texlive/2022/texmf-dist/tex/latex/hyperref/hpdftex.def
File: hpdftex.def 2022-02-21 v7.00n Hyperref driver for pdfTeX

(/usr/local/texlive/2022/texmf-dist/tex/latex/base/atveryend-ltx.sty
Package: atveryend-ltx 2020/08/19 v1.0a Emulation of the original atveryend pac
kage
with kernel methods
)
\HyAnn@Count=\count357
\Fld@listcount=\count358
\c@bookmark@seq@number=\count359

(/usr/local/texlive/2022/texmf-dist/tex/latex/rerunfilecheck/rerunfilecheck.sty
Package: rerunfilecheck 2019/12/05 v1.9 Rerun checks for auxiliary files (HO)

(/usr/local/texlive/2022/texmf-dist/tex/generic/uniquecounter/uniquecounter.sty
Package: uniquecounter 2019/12/15 v1.4 Provide unlimited unique counter (HO)
)
Package uniquecounter Info: New unique counter `rerunfilecheck' on input line 2
86.
)
\Hy@SectionHShift=\skip154
)
\@indexfile=\write4
\openout4 = `OT4ML.idx'.


Writing index file OT4ML.idx
LaTeX Font Info:    Trying to load font information for T1+zplTLF on input line
 151.
(/usr/local/texlive/2022/texmf-dist/tex/latex/newpx/t1zpltlf.fd
File: t1zpltlf.fd 2021/05/25 v1.0 font definition file for T1/zpl/TLF
)
LaTeX Font Info:    Font shape `T1/zplTLF/m/n' will be
(Font)              scaled to size 10.0pt on input line 151.
 (./OT4ML.aux)
\openout1 = `OT4ML.aux'.

LaTeX Font Info:    Checking defaults for OML/npxmi/m/it on input line 151.
LaTeX Font Info:    Trying to load font information for OML+npxmi on input line
 151.

(/usr/local/texlive/2022/texmf-dist/tex/latex/newpx/omlnpxmi.fd
File: omlnpxmi.fd 2013/03/21 Fontinst v1.933 font definitions for OML/npxmi.
)
LaTeX Font Info:    ... okay on input line 151.
LaTeX Font Info:    Checking defaults for OMS/cmsy/m/n on input line 151.
LaTeX Font Info:    ... okay on input line 151.
LaTeX Font Info:    Checking defaults for OT1/cmr/m/n on input line 151.
LaTeX Font Info:    ... okay on input line 151.
LaTeX Font Info:    Checking defaults for T1/cmr/m/n on input line 151.
LaTeX Font Info:    ... okay on input line 151.
LaTeX Font Info:    Checking defaults for TS1/cmr/m/n on input line 151.
LaTeX Font Info:    ... okay on input line 151.
LaTeX Font Info:    Checking defaults for OMX/cmex/m/n on input line 151.
LaTeX Font Info:    ... okay on input line 151.
LaTeX Font Info:    Checking defaults for U/npxexa/m/n on input line 151.
LaTeX Font Info:    Trying to load font information for U+npxexa on input line 
151.

(/usr/local/texlive/2022/texmf-dist/tex/latex/newpx/unpxexa.fd
File: unpxexa.fd 2013/03/24 Fontinst v1.933 font definitions for U/npxexa.
)
LaTeX Font Info:    ... okay on input line 151.
LaTeX Font Info:    Checking defaults for LMS/npxsy/m/n on input line 151.
LaTeX Font Info:    Trying to load font information for LMS+npxsy on input line
 151.

(/usr/local/texlive/2022/texmf-dist/tex/latex/newpx/lmsnpxsy.fd
File: lmsnpxsy.fd 2016/07/04 Fontinst v1.933 font definitions for LMS/npxsy.
)
LaTeX Font Info:    ... okay on input line 151.
LaTeX Font Info:    Checking defaults for LMX/npxexx/m/n on input line 151.
LaTeX Font Info:    Trying to load font information for LMX+npxexx on input lin
e 151.

(/usr/local/texlive/2022/texmf-dist/tex/latex/newpx/lmxnpxexx.fd
File: lmxnpxexx.fd 2016/07/04 Fontinst v1.933 font definitions for LMX/npxexx.
)
LaTeX Font Info:    ... okay on input line 151.
LaTeX Font Info:    Checking defaults for PD1/pdf/m/n on input line 151.
LaTeX Font Info:    ... okay on input line 151.
LaTeX Font Info:    Checking defaults for PU/pdf/m/n on input line 151.
LaTeX Font Info:    ... okay on input line 151.

*geometry* driver: auto-detecting
*geometry* detected driver: pdftex
*geometry* verbose mode - [ preamble ] result:
* driver: pdftex
* paper: a4paper
* layout: <same size as paper>
* layoutoffset:(h,v)=(0.0pt,0.0pt)
* modes: twoside 
* h-part:(L,W,R)=(79.66771pt, 449.55356pt, 68.2866pt)
* v-part:(T,H,B)=(73.97716pt, 691.40198pt, 79.66771pt)
* \paperwidth=597.50787pt
* \paperheight=845.04684pt
* \textwidth=449.55356pt
* \textheight=691.40198pt
* \oddsidemargin=7.39772pt
* \evensidemargin=-3.98338pt
* \topmargin=-35.05502pt
* \headheight=14.0pt
* \headsep=22.76219pt
* \topskip=10.0pt
* \footskip=25.29494pt
* \marginparwidth=115.0pt
* \marginparsep=7.0pt
* \columnsep=10.0pt
* \skip\footins=9.0pt plus 4.0pt minus 2.0pt
* \hoffset=0.0pt
* \voffset=0.0pt
* \mag=1000
* \@twocolumnfalse
* \@twosidetrue
* \@mparswitchtrue
* \@reversemarginfalse
* (1in=72.27pt=25.4mm, 1cm=28.453pt)

\c@mv@tabular=\count360
\c@mv@boldtabular=\count361
LaTeX Info: Redefining \microtypecontext on input line 151.
Package microtype Info: Applying patch `item' on input line 151.
Package microtype Info: Applying patch `toc' on input line 151.
Package microtype Info: Applying patch `eqnum' on input line 151.
Package microtype Info: Applying patch `footnote' on input line 151.
Package microtype Info: Generating PDF output.
Package microtype Info: Character protrusion enabled (level 2).
Package microtype Info: Using default protrusion set `alltext'.
Package microtype Info: Automatic font expansion enabled (level 2),
(microtype)             stretch: 20, shrink: 20, step: 1, non-selected.
Package microtype Info: Using default expansion set `alltext-nott'.
LaTeX Info: Redefining \showhyphens on input line 151.
Package microtype Info: No adjustment of tracking.
Package microtype Info: No adjustment of interword spacing.
Package microtype Info: No adjustment of character kerning.
Package microtype Info: Loading generic protrusion settings for font family
(microtype)             `zplTLF' (encoding: T1).
(microtype)             For optimal results, create family-specific settings.
(microtype)             See the microtype manual for details.
(/usr/local/texlive/2022/texmf-dist/tex/context/base/mkii/supp-pdf.mkii
[Loading MPS to PDF converter (version 2006.09.02).]
\scratchcounter=\count362
\scratchdimen=\dimen312
\scratchbox=\box140
\nofMPsegments=\count363
\nofMParguments=\count364
\everyMPshowfont=\toks59
\MPscratchCnt=\count365
\MPscratchDim=\dimen313
\MPnumerator=\count366
\makeMPintoPDFobject=\count367
\everyMPtoPDFconversion=\toks60
) (/usr/local/texlive/2022/texmf-dist/tex/latex/epstopdf-pkg/epstopdf-base.sty
Package: epstopdf-base 2020-01-24 v2.11 Base part for package epstopdf
Package epstopdf-base Info: Redefining graphics rule for `.eps' on input line 4
85.

(/usr/local/texlive/2022/texmf-dist/tex/latex/latexconfig/epstopdf-sys.cfg
File: epstopdf-sys.cfg 2010/07/13 v1.3 Configuration of (r)epstopdf for TeX Liv
e
))
(/usr/local/texlive/2022/texmf-dist/tex/latex/upquote/upquote.sty
Package: upquote 2012/04/19 v1.3 upright-quote and grave-accent glyphs in verba
tim
)
Package hyperref Info: Link coloring ON on input line 151.

(/usr/local/texlive/2022/texmf-dist/tex/latex/hyperref/nameref.sty
Package: nameref 2021-04-02 v2.47 Cross-referencing by name of section

(/usr/local/texlive/2022/texmf-dist/tex/latex/refcount/refcount.sty
Package: refcount 2019/12/15 v3.6 Data extraction from label references (HO)
)
(/usr/local/texlive/2022/texmf-dist/tex/generic/gettitlestring/gettitlestring.s
ty
Package: gettitlestring 2019/12/15 v1.6 Cleanup title references (HO)
)
\c@section@level=\count368
)
LaTeX Info: Redefining \ref on input line 151.
LaTeX Info: Redefining \pageref on input line 151.
LaTeX Info: Redefining \nameref on input line 151.
 (./OT4ML.out) (./OT4ML.out)
\@outlinefile=\write5
\openout5 = `OT4ML.out'.

Package hyperref Info: Option `pageanchor' set `false' on input line 153.
LaTeX Font Info:    Font shape `T1/zplTLF/m/n' will be
(Font)              scaled to size 30.0pt on input line 155.
LaTeX Font Info:    Font shape `T1/zplTLF/b/n' will be
(Font)              scaled to size 30.0pt on input line 155.
LaTeX Font Info:    Font shape `T1/zplTLF/m/n' will be
(Font)              scaled to size 12.0pt on input line 155.
LaTeX Font Info:    Trying to load font information for OT1+zplTLF on input lin
e 155.

(/usr/local/texlive/2022/texmf-dist/tex/latex/newpx/ot1zpltlf.fd
File: ot1zpltlf.fd 2021/05/25 v1.0 font definition file for OT1/zpl/TLF
)
LaTeX Font Info:    Font shape `OT1/zplTLF/m/n' will be
(Font)              scaled to size 12.0pt on input line 155.
Package microtype Info: Loading generic protrusion settings for font family
(microtype)             `zplTLF' (encoding: OT1).
(microtype)             For optimal results, create family-specific settings.
(microtype)             See the microtype manual for details.
LaTeX Font Info:    Font shape `OT1/zplTLF/m/n' will be
(Font)              scaled to size 8.8pt on input line 155.
LaTeX Font Info:    Font shape `OT1/zplTLF/m/n' will be
(Font)              scaled to size 6.6pt on input line 155.
LaTeX Font Info:    Trying to load font information for U+msa on input line 155
.

(/usr/local/texlive/2022/texmf-dist/tex/latex/amsfonts/umsa.fd
File: umsa.fd 2013/01/14 v3.01 AMS symbols A
)
(/usr/local/texlive/2022/texmf-dist/tex/latex/microtype/mt-msa.cfg
File: mt-msa.cfg 2006/02/04 v1.1 microtype config. file: AMS symbols (a) (RS)
)
LaTeX Font Info:    Trying to load font information for U+msb on input line 155
.

(/usr/local/texlive/2022/texmf-dist/tex/latex/amsfonts/umsb.fd
File: umsb.fd 2013/01/14 v3.01 AMS symbols B
)
(/usr/local/texlive/2022/texmf-dist/tex/latex/microtype/mt-msb.cfg
File: mt-msb.cfg 2005/06/01 v1.0 microtype config. file: AMS symbols (b) (RS)
)
LaTeX Font Info:    Trying to load font information for U+stmry on input line 1
55.

(/usr/local/texlive/2022/texmf-dist/tex/latex/stmaryrd/Ustmry.fd)
LaTeX Font Info:    Trying to load font information for U+npxmia on input line 
155.

(/usr/local/texlive/2022/texmf-dist/tex/latex/newpx/unpxmia.fd
File: unpxmia.fd 2013/03/24 Fontinst v1.933 font definitions for U/npxmia.
)
LaTeX Font Info:    Trying to load font information for U+npxsym on input line 
155.

(/usr/local/texlive/2022/texmf-dist/tex/latex/newpx/unpxsym.fd
File: unpxsym.fd 2015/03/21 Fontinst v1.933 font definitions for U/npxsym.
)
LaTeX Font Info:    Trying to load font information for U+npxsyc on input line 
155.

(/usr/local/texlive/2022/texmf-dist/tex/latex/newpx/unpxsyc.fd
File: unpxsyc.fd 2013/03/24 Fontinst v1.933 font definitions for U/npxsyc.
)
LaTeX Font Info:    Trying to load font information for T1+zi4 on input line 15
5.

(/usr/local/texlive/2022/texmf-dist/tex/latex/inconsolata/t1zi4.fd
File: t1zi4.fd 2018/01/14 T1/zi4 (Inconsolata)
)
LaTeX Font Info:    Font shape `T1/zi4/m/n' will be
(Font)              scaled to size 11.39996pt on input line 155.
Package microtype Info: Loading generic protrusion settings for font family
(microtype)             `zi4' (encoding: T1).
(microtype)             For optimal results, create family-specific settings.
(microtype)             See the microtype manual for details.
 [1


{/usr/local/texlive/2022/texmf-var/fonts/map/pdftex/updmap/pdftex.map}]
LaTeX Font Info:    Font shape `T1/zplTLF/m/n' will be
(Font)              scaled to size 9.0pt on input line 156.
 [2

]
Package hyperref Info: Option `pageanchor' set `true' on input line 157.
LaTeX Font Info:    Font shape `T1/zplTLF/b/n' will be
(Font)              scaled to size 10.0pt on input line 161.
LaTeX Font Info:    Font shape `T1/zplTLF/b/n' will be
(Font)              scaled to size 20.74pt on input line 161.
LaTeX Font Info:    Font shape `T1/zi4/m/n' will be
(Font)              scaled to size 9.49997pt on input line 167.
 [1


] [2

]
(./OT4ML.toc
LaTeX Font Info:    Font shape `OT1/zplTLF/m/n' will be
(Font)              scaled to size 10.0pt on input line 4.
LaTeX Font Info:    Font shape `OT1/zplTLF/m/n' will be
(Font)              scaled to size 7.3pt on input line 4.
LaTeX Font Info:    Font shape `OT1/zplTLF/m/n' will be
(Font)              scaled to size 5.5pt on input line 4.


LaTeX Font Warning: Font shape `U/stmry/m/n' in size <5.5> not available
(Font)              size <5> substituted on input line 4.

[3

] [4])
\tf@toc=\write6
\openout6 = `OT4ML.toc'.

 [5] [6

] (./sections/matching.tex
Chapter 1.
LaTeX Font Info:    Font shape `T1/zplTLF/m/n' will be
(Font)              scaled to size 14.4pt on input line 15.
LaTeX Font Info:    Font shape `T1/zplTLF/b/n' will be
(Font)              scaled to size 14.4pt on input line 15.
LaTeX Font Info:    Trying to load font information for U+bbold on input line 2
5.
(/usr/local/texlive/2022/texmf-dist/tex/latex/bbold/Ubbold.fd)

LaTeX Font Warning: Font shape `U/bbold/m/n' in size <5.5> not available
(Font)              size <5> substituted on input line 25.

LaTeX Font Info:    Font shape `T1/zplTLF/m/it' will be
(Font)              scaled to size 10.0pt on input line 36.
LaTeX Font Info:    Font shape `T1/zplTLF/m/it' will be
(Font)              scaled to size 7.3pt on input line 42.
LaTeX Font Info:    Font shape `T1/zplTLF/m/it' will be
(Font)              scaled to size 5.5pt on input line 42.
LaTeX Font Info:    Font shape `T1/zplTLF/m/n' will be
(Font)              scaled to size 7.3pt on input line 65.
LaTeX Font Info:    Font shape `T1/zplTLF/m/n' will be
(Font)              scaled to size 5.5pt on input line 65.
[1

]
Package hyperref Info: bookmark level for unknown algfloat defaults to 0 on inp
ut line 68.
Package mdframed Info: mdframed works in twoside mode on input line 77.
Package mdframed Info: mdframed detected package amsthm 
 changed the theorem header of amsthm
(mdframed)              on input line 77.
Package mdframed Info: mdframed works in twoside mode on input line 131.
Package mdframed Info: mdframed detected package amsthm 
 changed the theorem header of amsthm
(mdframed)              on input line 131.
Package mdframed Info: mdframed works in twoside mode on input line 136.
Package mdframed Info: mdframed detected package amsthm 
 changed the theorem header of amsthm
(mdframed)              on input line 136.
Package mdframed Info: mdframed works in twoside mode on input line 141.
Package mdframed Info: mdframed detected package amsthm 
 changed the theorem header of amsthm
(mdframed)              on input line 141.
<figures/matching-1d-convex-concave-costs--convex.pdf, id=629, 151.3153pt x 59.
65166pt>
File: figures/matching-1d-convex-concave-costs--convex.pdf Graphic file (type p
df)
<use figures/matching-1d-convex-concave-costs--convex.pdf>
Package pdftex.def Info: figures/matching-1d-convex-concave-costs--convex.pdf  
used on input line 164.
(pdftex.def)             Requested size: 206.79765pt x 81.52475pt.
<figures/matching-1d-convex-concave-costs--concave.pdf, id=630, 151.3153pt x 59
.65166pt>
File: figures/matching-1d-convex-concave-costs--concave.pdf Graphic file (type 
pdf)
<use figures/matching-1d-convex-concave-costs--concave.pdf>
Package pdftex.def Info: figures/matching-1d-convex-concave-costs--concave.pdf 
 used on input line 165.
(pdftex.def)             Requested size: 206.79765pt x 81.52475pt.
LaTeX Font Info:    Font shape `OT1/zplTLF/m/n' will be
(Font)              scaled to size 9.0pt on input line 166.
<figures/matching-1d-convex-concave-costs--mixture-convex.pdf, id=631, 151.3153
pt x 59.65166pt>
File: figures/matching-1d-convex-concave-costs--mixture-convex.pdf Graphic file
 (type pdf)
<use figures/matching-1d-convex-concave-costs--mixture-convex.pdf>
Package pdftex.def Info: figures/matching-1d-convex-concave-costs--mixture-conv
ex.pdf  used on input line 168.
(pdftex.def)             Requested size: 206.79765pt x 81.52475pt.
<figures/matching-1d-convex-concave-costs--mixture-concave.pdf, id=632, 151.315
3pt x 59.65166pt>
File: figures/matching-1d-convex-concave-costs--mixture-concave.pdf Graphic fil
e (type pdf)
<use figures/matching-1d-convex-concave-costs--mixture-concave.pdf>
Package pdftex.def Info: figures/matching-1d-convex-concave-costs--mixture-conc
ave.pdf  used on input line 169.
(pdftex.def)             Requested size: 206.79765pt x 81.52475pt.
LaTeX Font Info:    Font shape `T1/zplTLF/m/it' will be
(Font)              scaled to size 9.0pt on input line 173.

Underfull \vbox (badness 2150) has occurred while \output is active []

 [2]
<figures/matching-1d-quantile-assignment--quantile-assignment.pdf, id=644, 178.
68758pt x 92.98259pt>
File: figures/matching-1d-quantile-assignment--quantile-assignment.pdf Graphic 
file (type pdf)
<use figures/matching-1d-quantile-assignment--quantile-assignment.pdf>
Package pdftex.def Info: figures/matching-1d-quantile-assignment--quantile-assi
gnment.pdf  used on input line 183.
(pdftex.def)             Requested size: 206.79765pt x 107.61865pt.
<figures/matching-1d-quantile-assignment--central-to-three-modes.pdf, id=645, 1
78.68758pt x 92.98259pt>
File: figures/matching-1d-quantile-assignment--central-to-three-modes.pdf Graph
ic file (type pdf)
<use figures/matching-1d-quantile-assignment--central-to-three-modes.pdf>
Package pdftex.def Info: figures/matching-1d-quantile-assignment--central-to-th
ree-modes.pdf  used on input line 184.
(pdftex.def)             Requested size: 206.79765pt x 107.61865pt.

[3 <./figures/matching-1d-convex-concave-costs--convex.pdf> <./figures/matching
-1d-convex-concave-costs--concave.pdf> <./figures/matching-1d-convex-concave-co
sts--mixture-convex.pdf> <./figures/matching-1d-convex-concave-costs--mixture-c
oncave.pdf> <./figures/matching-1d-quantile-assignment--quantile-assignment.pdf
> <./figures/matching-1d-quantile-assignment--central-to-three-modes.pdf>]
<figures/monge-histogram-equalization--image-t000.pdf, id=669, 77.5168pt x 77.5
168pt>
File: figures/monge-histogram-equalization--image-t000.pdf Graphic file (type p
df)
<use figures/monge-histogram-equalization--image-t000.pdf>
Package pdftex.def Info: figures/monge-histogram-equalization--image-t000.pdf  
used on input line 204.
(pdftex.def)             Requested size: 94.40926pt x 94.40948pt.
<figures/monge-histogram-equalization--image-t033.pdf, id=670, 77.5168pt x 77.5
168pt>
File: figures/monge-histogram-equalization--image-t033.pdf Graphic file (type p
df)
<use figures/monge-histogram-equalization--image-t033.pdf>
Package pdftex.def Info: figures/monge-histogram-equalization--image-t033.pdf  
used on input line 205.
(pdftex.def)             Requested size: 94.40926pt x 94.40948pt.
<figures/monge-histogram-equalization--image-t067.pdf, id=671, 77.5168pt x 77.5
168pt>
File: figures/monge-histogram-equalization--image-t067.pdf Graphic file (type p
df)
<use figures/monge-histogram-equalization--image-t067.pdf>
Package pdftex.def Info: figures/monge-histogram-equalization--image-t067.pdf  
used on input line 206.
(pdftex.def)             Requested size: 94.40926pt x 94.40948pt.
<figures/monge-histogram-equalization--image-t100.pdf, id=672, 77.5168pt x 77.5
168pt>
File: figures/monge-histogram-equalization--image-t100.pdf Graphic file (type p
df)
<use figures/monge-histogram-equalization--image-t100.pdf>
Package pdftex.def Info: figures/monge-histogram-equalization--image-t100.pdf  
used on input line 207.
(pdftex.def)             Requested size: 94.40926pt x 94.40948pt.
<figures/monge-histogram-equalization--hist-t000.pdf, id=673, 78.01546pt x 41.9
0215pt>
File: figures/monge-histogram-equalization--hist-t000.pdf Graphic file (type pd
f)
<use figures/monge-histogram-equalization--hist-t000.pdf>
Package pdftex.def Info: figures/monge-histogram-equalization--hist-t000.pdf  u
sed on input line 208.
(pdftex.def)             Requested size: 94.40926pt x 50.71194pt.
<figures/monge-histogram-equalization--hist-t033.pdf, id=674, 78.01546pt x 41.9
0215pt>
File: figures/monge-histogram-equalization--hist-t033.pdf Graphic file (type pd
f)
<use figures/monge-histogram-equalization--hist-t033.pdf>
Package pdftex.def Info: figures/monge-histogram-equalization--hist-t033.pdf  u
sed on input line 209.
(pdftex.def)             Requested size: 94.40926pt x 50.71194pt.
<figures/monge-histogram-equalization--hist-t067.pdf, id=675, 78.01546pt x 41.9
0215pt>
File: figures/monge-histogram-equalization--hist-t067.pdf Graphic file (type pd
f)
<use figures/monge-histogram-equalization--hist-t067.pdf>
Package pdftex.def Info: figures/monge-histogram-equalization--hist-t067.pdf  u
sed on input line 210.
(pdftex.def)             Requested size: 94.40926pt x 50.71194pt.
<figures/monge-histogram-equalization--hist-t100.pdf, id=676, 78.01546pt x 41.9
0215pt>
File: figures/monge-histogram-equalization--hist-t100.pdf Graphic file (type pd
f)
<use figures/monge-histogram-equalization--hist-t100.pdf>
Package pdftex.def Info: figures/monge-histogram-equalization--hist-t100.pdf  u
sed on input line 211.
(pdftex.def)             Requested size: 94.40926pt x 50.71194pt.

[4 <./figures/monge-histogram-equalization--image-t000.pdf> <./figures/monge-hi
stogram-equalization--image-t033.pdf> <./figures/monge-histogram-equalization--
image-t067.pdf> <./figures/monge-histogram-equalization--image-t100.pdf> <./fig
ures/monge-histogram-equalization--hist-t000.pdf> <./figures/monge-histogram-eq
ualization--hist-t033.pdf> <./figures/monge-histogram-equalization--hist-t067.p
df> <./figures/monge-histogram-equalization--hist-t100.pdf>]
Package mdframed Info: mdframed works in twoside mode on input line 308.
Package mdframed Info: mdframed detected package amsthm 
 changed the theorem header of amsthm
(mdframed)              on input line 308.
<figures/monge-circle-cut-unfolding--circle.pdf, id=711, 146.96104pt x 146.9610
4pt>
File: figures/monge-circle-cut-unfolding--circle.pdf Graphic file (type pdf)
<use figures/monge-circle-cut-unfolding--circle.pdf>
Package pdftex.def Info: figures/monge-circle-cut-unfolding--circle.pdf  used o
n input line 327.
(pdftex.def)             Requested size: 152.84656pt x 152.8538pt.
<figures/monge-circle-cut-unfolding--unfolded.pdf, id=712, 173.08665pt x 96.877
93pt>
File: figures/monge-circle-cut-unfolding--unfolded.pdf Graphic file (type pdf)
<use figures/monge-circle-cut-unfolding--unfolded.pdf>
Package pdftex.def Info: figures/monge-circle-cut-unfolding--unfolded.pdf  used
 on input line 328.
(pdftex.def)             Requested size: 233.76976pt x 130.84752pt.
 [5]
<figures/matching-2d-cost-exponent--p0p5.pdf, id=724, 118.9278pt x 131.27844pt>

File: figures/matching-2d-cost-exponent--p0p5.pdf Graphic file (type pdf)
<use figures/matching-2d-cost-exponent--p0p5.pdf>
Package pdftex.def Info: figures/matching-2d-cost-exponent--p0p5.pdf  used on i
nput line 342.
(pdftex.def)             Requested size: 104.294pt x 115.12874pt.
<figures/matching-2d-cost-exponent--p1.pdf, id=725, 118.9278pt x 131.27844pt>
File: figures/matching-2d-cost-exponent--p1.pdf Graphic file (type pdf)
<use figures/matching-2d-cost-exponent--p1.pdf>
Package pdftex.def Info: figures/matching-2d-cost-exponent--p1.pdf  used on inp
ut line 343.
(pdftex.def)             Requested size: 104.294pt x 115.12874pt.
<figures/matching-2d-cost-exponent--p2.pdf, id=726, 118.9278pt x 131.27844pt>
File: figures/matching-2d-cost-exponent--p2.pdf Graphic file (type pdf)
<use figures/matching-2d-cost-exponent--p2.pdf>
Package pdftex.def Info: figures/matching-2d-cost-exponent--p2.pdf  used on inp
ut line 344.
(pdftex.def)             Requested size: 104.294pt x 115.12874pt.
<figures/matching-2d-cost-exponent--p6.pdf, id=727, 118.9278pt x 131.27844pt>
File: figures/matching-2d-cost-exponent--p6.pdf Graphic file (type pdf)
<use figures/matching-2d-cost-exponent--p6.pdf>
Package pdftex.def Info: figures/matching-2d-cost-exponent--p6.pdf  used on inp
ut line 345.
(pdftex.def)             Requested size: 104.294pt x 115.12874pt.
<figures/matching-resolution-and-weights--balanced.pdf, id=730, 118.07849pt x 1
31.27844pt>
File: figures/matching-resolution-and-weights--balanced.pdf Graphic file (type 
pdf)
<use figures/matching-resolution-and-weights--balanced.pdf>
Package pdftex.def Info: figures/matching-resolution-and-weights--balanced.pdf 
 used on input line 365.
(pdftex.def)             Requested size: 134.86743pt x 149.9434pt.
<figures/matching-resolution-and-weights--rectangular.pdf, id=731, 118.07849pt 
x 131.27844pt>
File: figures/matching-resolution-and-weights--rectangular.pdf Graphic file (ty
pe pdf)
<use figures/matching-resolution-and-weights--rectangular.pdf>
Package pdftex.def Info: figures/matching-resolution-and-weights--rectangular.p
df  used on input line 366.
(pdftex.def)             Requested size: 134.86743pt x 149.9434pt.
<figures/matching-resolution-and-weights--weighted.pdf, id=732, 118.07849pt x 1
31.27844pt>
File: figures/matching-resolution-and-weights--weighted.pdf Graphic file (type 
pdf)
<use figures/matching-resolution-and-weights--weighted.pdf>
Package pdftex.def Info: figures/matching-resolution-and-weights--weighted.pdf 
 used on input line 367.
(pdftex.def)             Requested size: 134.86743pt x 149.9434pt.

Underfull \vbox (badness 10000) has occurred while \output is active []

 [6 <./figures/monge-circle-cut-unfolding--circle.pdf> <./figures/monge-circle-
cut-unfolding--unfolded.pdf> <./figures/matching-2d-cost-exponent--p0p5.pdf> <.
/figures/matching-2d-cost-exponent--p1.pdf> <./figures/matching-2d-cost-exponen
t--p2.pdf> <./figures/matching-2d-cost-exponent--p6.pdf>]
<figures/matching-rational-duplication--uniform.pdf, id=753, 125.62917pt x 124.
70189pt>
File: figures/matching-rational-duplication--uniform.pdf Graphic file (type pdf
)
<use figures/matching-rational-duplication--uniform.pdf>
Package pdftex.def Info: figures/matching-rational-duplication--uniform.pdf  us
ed on input line 422.
(pdftex.def)             Requested size: 134.86743pt x 133.87495pt.
<figures/matching-rational-duplication--binary.pdf, id=754, 125.62917pt x 124.7
0189pt>
File: figures/matching-rational-duplication--binary.pdf Graphic file (type pdf)

<use figures/matching-rational-duplication--binary.pdf>
Package pdftex.def Info: figures/matching-rational-duplication--binary.pdf  use
d on input line 423.
(pdftex.def)             Requested size: 134.86743pt x 133.87495pt.
<figures/matching-rational-duplication--ternary.pdf, id=755, 125.62917pt x 124.
70189pt>
File: figures/matching-rational-duplication--ternary.pdf Graphic file (type pdf
)
<use figures/matching-rational-duplication--ternary.pdf>
Package pdftex.def Info: figures/matching-rational-duplication--ternary.pdf  us
ed on input line 424.
(pdftex.def)             Requested size: 134.86743pt x 133.87495pt.
 [7 <./figures/matching-resolution-and-weights--balanced.pdf> <./figures/matchi
ng-resolution-and-weights--rectangular.pdf> <./figures/matching-resolution-and-
weights--weighted.pdf>] [8 <./figures/matching-rational-duplication--uniform.pd
f> <./figures/matching-rational-duplication--binary.pdf> <./figures/matching-ra
tional-duplication--ternary.pdf>]
Package mdframed Info: mdframed works in twoside mode on input line 539.
Package mdframed Info: mdframed detected package amsthm 
 changed the theorem header of amsthm
(mdframed)              on input line 539.
Package mdframed Info: mdframed works in twoside mode on input line 549.
Package mdframed Info: mdframed detected package amsthm 
 changed the theorem header of amsthm
(mdframed)              on input line 549.
Package mdframed Info: mdframed works in twoside mode on input line 552.
Package mdframed Info: mdframed detected package amsthm 
 changed the theorem header of amsthm
(mdframed)              on input line 552.
Package mdframed Info: mdframed works in twoside mode on input line 564.
Package mdframed Info: mdframed detected package amsthm 
 changed the theorem header of amsthm
(mdframed)              on input line 564.
Package mdframed Info: mdframed works in twoside mode on input line 577.
Package mdframed Info: mdframed detected package amsthm 
 changed the theorem header of amsthm
(mdframed)              on input line 577.
<figures/matching-hungarian-progression--stage-0.pdf, id=787, 60.16478pt x 60.1
6478pt>
File: figures/matching-hungarian-progression--stage-0.pdf Graphic file (type pd
f)
<use figures/matching-hungarian-progression--stage-0.pdf>
Package pdftex.def Info: figures/matching-hungarian-progression--stage-0.pdf  u
sed on input line 598.
(pdftex.def)             Requested size: 80.91634pt x 80.91689pt.
<figures/matching-hungarian-progression--stage-1.pdf, id=788, 60.16478pt x 60.1
6478pt>
File: figures/matching-hungarian-progression--stage-1.pdf Graphic file (type pd
f)
<use figures/matching-hungarian-progression--stage-1.pdf>
Package pdftex.def Info: figures/matching-hungarian-progression--stage-1.pdf  u
sed on input line 599.
(pdftex.def)             Requested size: 80.91634pt x 80.91689pt.
<figures/matching-hungarian-progression--stage-2.pdf, id=789, 60.16478pt x 60.1
6478pt>
File: figures/matching-hungarian-progression--stage-2.pdf Graphic file (type pd
f)
<use figures/matching-hungarian-progression--stage-2.pdf>
Package pdftex.def Info: figures/matching-hungarian-progression--stage-2.pdf  u
sed on input line 600.
(pdftex.def)             Requested size: 80.91634pt x 80.91689pt.
<figures/matching-hungarian-progression--stage-3.pdf, id=790, 60.16478pt x 60.1
6478pt>
File: figures/matching-hungarian-progression--stage-3.pdf Graphic file (type pd
f)
<use figures/matching-hungarian-progression--stage-3.pdf>
Package pdftex.def Info: figures/matching-hungarian-progression--stage-3.pdf  u
sed on input line 601.
(pdftex.def)             Requested size: 80.91634pt x 80.91689pt.
<figures/matching-hungarian-progression--stage-4.pdf, id=791, 60.16478pt x 60.1
6478pt>
File: figures/matching-hungarian-progression--stage-4.pdf Graphic file (type pd
f)
<use figures/matching-hungarian-progression--stage-4.pdf>
Package pdftex.def Info: figures/matching-hungarian-progression--stage-4.pdf  u
sed on input line 602.
(pdftex.def)             Requested size: 80.91634pt x 80.91689pt.
[9 <./figures/matching-hungarian-progression--stage-0.pdf> <./figures/matching-
hungarian-progression--stage-1.pdf> <./figures/matching-hungarian-progression--
stage-2.pdf> <./figures/matching-hungarian-progression--stage-3.pdf> <./figures
/matching-hungarian-progression--stage-4.pdf>]) (./sections/monge.tex [10]
Chapter 2.
Package mdframed Info: mdframed works in twoside mode on input line 29.
Package mdframed Info: mdframed detected package amsthm 
 changed the theorem header of amsthm
(mdframed)              on input line 29.
Package mdframed Info: mdframed works in twoside mode on input line 45.
Package mdframed Info: mdframed detected package amsthm 
 changed the theorem header of amsthm
(mdframed)              on input line 45.
[11

]
Package mdframed Info: mdframed works in twoside mode on input line 85.
Package mdframed Info: mdframed detected package amsthm 
 changed the theorem header of amsthm
(mdframed)              on input line 85.
Package mdframed Info: mdframed works in twoside mode on input line 105.
Package mdframed Info: mdframed detected package amsthm 
 changed the theorem header of amsthm
(mdframed)              on input line 105.
Package mdframed Info: mdframed works in twoside mode on input line 151.
Package mdframed Info: mdframed detected package amsthm 
 changed the theorem header of amsthm
(mdframed)              on input line 151.
Package mdframed Info: Not enough space on this page on input line 165.
 [12]
Package mdframed Info: Not enough space on this page on input line 165.
Package mdframed Info: mdframed works in twoside mode on input line 173.
Package mdframed Info: mdframed detected package amsthm 
 changed the theorem header of amsthm
(mdframed)              on input line 173.
 [13]
Package mdframed Info: mdframed works in twoside mode on input line 288.
Package mdframed Info: mdframed detected package amsthm 
 changed the theorem header of amsthm
(mdframed)              on input line 288.
 [14]
<figures/monge-jacobian-pushforward-density--one-bump.pdf, id=879, 148.1535pt x
 148.1535pt>
File: figures/monge-jacobian-pushforward-density--one-bump.pdf Graphic file (ty
pe pdf)
<use figures/monge-jacobian-pushforward-density--one-bump.pdf>
Package pdftex.def Info: figures/monge-jacobian-pushforward-density--one-bump.p
df  used on input line 369.
(pdftex.def)             Requested size: 139.3605pt x 139.37056pt.
<figures/monge-jacobian-pushforward-density--three-bumps.pdf, id=880, 148.1535p
t x 148.1535pt>
File: figures/monge-jacobian-pushforward-density--three-bumps.pdf Graphic file 
(type pdf)
<use figures/monge-jacobian-pushforward-density--three-bumps.pdf>
Package pdftex.def Info: figures/monge-jacobian-pushforward-density--three-bump
s.pdf  used on input line 370.
(pdftex.def)             Requested size: 139.3605pt x 139.37056pt.
<figures/monge-jacobian-pushforward-density--five-bumps.pdf, id=881, 148.1535pt
 x 148.1535pt>
File: figures/monge-jacobian-pushforward-density--five-bumps.pdf Graphic file (
type pdf)
<use figures/monge-jacobian-pushforward-density--five-bumps.pdf>
Package pdftex.def Info: figures/monge-jacobian-pushforward-density--five-bumps
.pdf  used on input line 371.
(pdftex.def)             Requested size: 139.3605pt x 139.37056pt.
 [15 <./figures/monge-jacobian-pushforward-density--one-bump.pdf> <./figures/mo
nge-jacobian-pushforward-density--three-bumps.pdf> <./figures/monge-jacobian-pu
shforward-density--five-bumps.pdf>] [16]
<figures/monge-semidiscrete-maps--gaussian-to-discrete.pdf, id=910, 188.76924pt
 x 114.57852pt>
File: figures/monge-semidiscrete-maps--gaussian-to-discrete.pdf Graphic file (t
ype pdf)
<use figures/monge-semidiscrete-maps--gaussian-to-discrete.pdf>
Package pdftex.def Info: figures/monge-semidiscrete-maps--gaussian-to-discrete.
pdf  used on input line 499.
(pdftex.def)             Requested size: 215.78378pt x 130.97751pt.
<figures/monge-semidiscrete-maps--mixture-to-discrete.pdf, id=911, 188.76924pt 
x 115.28511pt>
File: figures/monge-semidiscrete-maps--mixture-to-discrete.pdf Graphic file (ty
pe pdf)
<use figures/monge-semidiscrete-maps--mixture-to-discrete.pdf>
Package pdftex.def Info: figures/monge-semidiscrete-maps--mixture-to-discrete.p
df  used on input line 500.
(pdftex.def)             Requested size: 215.78378pt x 131.78523pt.
 [17 <./figures/monge-semidiscrete-maps--gaussian-to-discrete.pdf> <./figures/m
onge-semidiscrete-maps--mixture-to-discrete.pdf>]
<figures/monge-color-transfer-rgb--image-t000.pdf, id=940, 67.10992pt x 67.1099
2pt>
File: figures/monge-color-transfer-rgb--image-t000.pdf Graphic file (type pdf)
<use figures/monge-color-transfer-rgb--image-t000.pdf>
Package pdftex.def Info: figures/monge-color-transfer-rgb--image-t000.pdf  used
 on input line 519.
(pdftex.def)             Requested size: 76.42328pt x 76.42316pt.
<figures/monge-color-transfer-rgb--image-t033.pdf, id=941, 67.10992pt x 67.1099
2pt>
File: figures/monge-color-transfer-rgb--image-t033.pdf Graphic file (type pdf)
<use figures/monge-color-transfer-rgb--image-t033.pdf>
Package pdftex.def Info: figures/monge-color-transfer-rgb--image-t033.pdf  used
 on input line 520.
(pdftex.def)             Requested size: 76.42328pt x 76.42316pt.
<figures/monge-color-transfer-rgb--image-t067.pdf, id=942, 67.10992pt x 67.1099
2pt>
File: figures/monge-color-transfer-rgb--image-t067.pdf Graphic file (type pdf)
<use figures/monge-color-transfer-rgb--image-t067.pdf>
Package pdftex.def Info: figures/monge-color-transfer-rgb--image-t067.pdf  used
 on input line 521.
(pdftex.def)             Requested size: 76.42328pt x 76.42316pt.
<figures/monge-color-transfer-rgb--image-t100.pdf, id=943, 67.10992pt x 67.1099
2pt>
File: figures/monge-color-transfer-rgb--image-t100.pdf Graphic file (type pdf)
<use figures/monge-color-transfer-rgb--image-t100.pdf>
Package pdftex.def Info: figures/monge-color-transfer-rgb--image-t100.pdf  used
 on input line 522.
(pdftex.def)             Requested size: 76.42328pt x 76.42316pt.
<figures/monge-color-transfer-rgb--image-target.pdf, id=944, 67.10992pt x 67.10
992pt>
File: figures/monge-color-transfer-rgb--image-target.pdf Graphic file (type pdf
)
<use figures/monge-color-transfer-rgb--image-target.pdf>
Package pdftex.def Info: figures/monge-color-transfer-rgb--image-target.pdf  us
ed on input line 523.
(pdftex.def)             Requested size: 76.42328pt x 76.42316pt.
<figures/monge-color-transfer-rgb--rgb-t000.pdf, id=945, 65.66452pt x 65.66452p
t>
File: figures/monge-color-transfer-rgb--rgb-t000.pdf Graphic file (type pdf)
<use figures/monge-color-transfer-rgb--rgb-t000.pdf>
Package pdftex.def Info: figures/monge-color-transfer-rgb--rgb-t000.pdf  used o
n input line 524.
(pdftex.def)             Requested size: 76.42328pt x 76.42337pt.
<figures/monge-color-transfer-rgb--rgb-t033.pdf, id=946, 65.66452pt x 65.66452p
t>
File: figures/monge-color-transfer-rgb--rgb-t033.pdf Graphic file (type pdf)
<use figures/monge-color-transfer-rgb--rgb-t033.pdf>
Package pdftex.def Info: figures/monge-color-transfer-rgb--rgb-t033.pdf  used o
n input line 525.
(pdftex.def)             Requested size: 76.42328pt x 76.42337pt.
<figures/monge-color-transfer-rgb--rgb-t067.pdf, id=947, 65.66452pt x 65.66452p
t>
File: figures/monge-color-transfer-rgb--rgb-t067.pdf Graphic file (type pdf)
<use figures/monge-color-transfer-rgb--rgb-t067.pdf>
Package pdftex.def Info: figures/monge-color-transfer-rgb--rgb-t067.pdf  used o
n input line 526.
(pdftex.def)             Requested size: 76.42328pt x 76.42337pt.
<figures/monge-color-transfer-rgb--rgb-t100.pdf, id=948, 65.66452pt x 65.66452p
t>
File: figures/monge-color-transfer-rgb--rgb-t100.pdf Graphic file (type pdf)
<use figures/monge-color-transfer-rgb--rgb-t100.pdf>
Package pdftex.def Info: figures/monge-color-transfer-rgb--rgb-t100.pdf  used o
n input line 527.
(pdftex.def)             Requested size: 76.42328pt x 76.42337pt.
<figures/monge-color-transfer-rgb--rgb-target.pdf, id=949, 65.66452pt x 65.6645
2pt>
File: figures/monge-color-transfer-rgb--rgb-target.pdf Graphic file (type pdf)
<use figures/monge-color-transfer-rgb--rgb-target.pdf>
Package pdftex.def Info: figures/monge-color-transfer-rgb--rgb-target.pdf  used
 on input line 528.
(pdftex.def)             Requested size: 76.42328pt x 76.42337pt.
LaTeX Font Info:    Trying to load font information for U+dsrom on input line 5
58.

(/usr/local/texlive/2022/texmf-dist/tex/latex/doublestroke/Udsrom.fd
File: Udsrom.fd 1995/08/01 v0.1 Double stroke roman font definitions
)
Package microtype Info: Fixing zero \fontdimen 6 for font `U/dsrom/m/n/10'
(microtype)             (new value: 10.0pt) on input line 558.
Package microtype Info: Fixing zero \fontdimen 6 for font `U/dsrom/m/n/7.3'
(microtype)             (new value: 7.3pt) on input line 558.
Package microtype Info: Fixing zero \fontdimen 6 for font `U/dsrom/m/n/5.5'
(microtype)             (new value: 5.5pt) on input line 558.
 [18 <./figures/monge-color-transfer-rgb--image-t000.pdf> <./figures/monge-colo
r-transfer-rgb--image-t033.pdf> <./figures/monge-color-transfer-rgb--image-t067
.pdf> <./figures/monge-color-transfer-rgb--image-t100.pdf> <./figures/monge-col
or-transfer-rgb--image-target.pdf> <./figures/monge-color-transfer-rgb--rgb-t00
0.pdf> <./figures/monge-color-transfer-rgb--rgb-t033.pdf> <./figures/monge-colo
r-transfer-rgb--rgb-t067.pdf> <./figures/monge-color-transfer-rgb--rgb-t100.pdf
> <./figures/monge-color-transfer-rgb--rgb-target.pdf>] [19]
Package mdframed Info: mdframed works in twoside mode on input line 708.
Package mdframed Info: mdframed detected package amsthm 
 changed the theorem header of amsthm
(mdframed)              on input line 708.
 [20]
<figures/monge-polar-factorization--source-grid.pdf, id=1018, 178.79599pt x 178
.79599pt>
File: figures/monge-polar-factorization--source-grid.pdf Graphic file (type pdf
)
<use figures/monge-polar-factorization--source-grid.pdf>
Package pdftex.def Info: figures/monge-polar-factorization--source-grid.pdf  us
ed on input line 821.
(pdftex.def)             Requested size: 134.86743pt x 134.8769pt.
<figures/monge-polar-factorization--relabeling-grid.pdf, id=1019, 178.79599pt x
 178.79599pt>
File: figures/monge-polar-factorization--relabeling-grid.pdf Graphic file (type
 pdf)
<use figures/monge-polar-factorization--relabeling-grid.pdf>
Package pdftex.def Info: figures/monge-polar-factorization--relabeling-grid.pdf
  used on input line 822.
(pdftex.def)             Requested size: 134.86743pt x 134.8769pt.
<figures/monge-polar-factorization--final-grid.pdf, id=1020, 178.79599pt x 178.
79599pt>
File: figures/monge-polar-factorization--final-grid.pdf Graphic file (type pdf)

<use figures/monge-polar-factorization--final-grid.pdf>
Package pdftex.def Info: figures/monge-polar-factorization--final-grid.pdf  use
d on input line 823.
(pdftex.def)             Requested size: 134.86743pt x 134.8769pt.
 [21]
Package mdframed Info: mdframed works in twoside mode on input line 851.
Package mdframed Info: mdframed detected package amsthm 
 changed the theorem header of amsthm
(mdframed)              on input line 851.
 [22 <./figures/monge-polar-factorization--source-grid.pdf> <./figures/monge-po
lar-factorization--relabeling-grid.pdf> <./figures/monge-polar-factorization--f
inal-grid.pdf>]
<figures/monge-shape-mccann-interpolation--particles-t000.pdf, id=1047, 87.1214
8pt x 87.12148pt>
File: figures/monge-shape-mccann-interpolation--particles-t000.pdf Graphic file
 (type pdf)
<use figures/monge-shape-mccann-interpolation--particles-t000.pdf>
Package pdftex.def Info: figures/monge-shape-mccann-interpolation--particles-t0
00.pdf  used on input line 929.
(pdftex.def)             Requested size: 76.42328pt x 76.4265pt.
<figures/monge-shape-mccann-interpolation--particles-t025.pdf, id=1048, 87.1214
8pt x 87.12148pt>
File: figures/monge-shape-mccann-interpolation--particles-t025.pdf Graphic file
 (type pdf)
<use figures/monge-shape-mccann-interpolation--particles-t025.pdf>
Package pdftex.def Info: figures/monge-shape-mccann-interpolation--particles-t0
25.pdf  used on input line 931.
(pdftex.def)             Requested size: 76.42328pt x 76.4265pt.
<figures/monge-shape-mccann-interpolation--particles-t050.pdf, id=1049, 87.1214
8pt x 87.12148pt>
File: figures/monge-shape-mccann-interpolation--particles-t050.pdf Graphic file
 (type pdf)
<use figures/monge-shape-mccann-interpolation--particles-t050.pdf>
Package pdftex.def Info: figures/monge-shape-mccann-interpolation--particles-t0
50.pdf  used on input line 932.
(pdftex.def)             Requested size: 76.42328pt x 76.4265pt.
<figures/monge-shape-mccann-interpolation--particles-t075.pdf, id=1050, 87.1214
8pt x 87.12148pt>
File: figures/monge-shape-mccann-interpolation--particles-t075.pdf Graphic file
 (type pdf)
<use figures/monge-shape-mccann-interpolation--particles-t075.pdf>
Package pdftex.def Info: figures/monge-shape-mccann-interpolation--particles-t0
75.pdf  used on input line 933.
(pdftex.def)             Requested size: 76.42328pt x 76.4265pt.
<figures/monge-shape-mccann-interpolation--particles-t100.pdf, id=1051, 87.1214
8pt x 87.12148pt>
File: figures/monge-shape-mccann-interpolation--particles-t100.pdf Graphic file
 (type pdf)
<use figures/monge-shape-mccann-interpolation--particles-t100.pdf>
Package pdftex.def Info: figures/monge-shape-mccann-interpolation--particles-t1
00.pdf  used on input line 934.
(pdftex.def)             Requested size: 76.42328pt x 76.4265pt.
<figures/monge-shape-mccann-interpolation--density-t000.pdf, id=1052, 87.12148p
t x 87.12148pt>
File: figures/monge-shape-mccann-interpolation--density-t000.pdf Graphic file (
type pdf)
<use figures/monge-shape-mccann-interpolation--density-t000.pdf>
Package pdftex.def Info: figures/monge-shape-mccann-interpolation--density-t000
.pdf  used on input line 935.
(pdftex.def)             Requested size: 76.42328pt x 76.4265pt.
<figures/monge-shape-mccann-interpolation--density-t025.pdf, id=1053, 87.12148p
t x 87.12148pt>
File: figures/monge-shape-mccann-interpolation--density-t025.pdf Graphic file (
type pdf)
<use figures/monge-shape-mccann-interpolation--density-t025.pdf>
Package pdftex.def Info: figures/monge-shape-mccann-interpolation--density-t025
.pdf  used on input line 936.
(pdftex.def)             Requested size: 76.42328pt x 76.4265pt.
<figures/monge-shape-mccann-interpolation--density-t050.pdf, id=1054, 87.12148p
t x 87.12148pt>
File: figures/monge-shape-mccann-interpolation--density-t050.pdf Graphic file (
type pdf)
<use figures/monge-shape-mccann-interpolation--density-t050.pdf>
Package pdftex.def Info: figures/monge-shape-mccann-interpolation--density-t050
.pdf  used on input line 937.
(pdftex.def)             Requested size: 76.42328pt x 76.4265pt.
<figures/monge-shape-mccann-interpolation--density-t075.pdf, id=1055, 87.12148p
t x 87.12148pt>
File: figures/monge-shape-mccann-interpolation--density-t075.pdf Graphic file (
type pdf)
<use figures/monge-shape-mccann-interpolation--density-t075.pdf>
Package pdftex.def Info: figures/monge-shape-mccann-interpolation--density-t075
.pdf  used on input line 938.
(pdftex.def)             Requested size: 76.42328pt x 76.4265pt.
<figures/monge-shape-mccann-interpolation--density-t100.pdf, id=1056, 87.12148p
t x 87.12148pt>
File: figures/monge-shape-mccann-interpolation--density-t100.pdf Graphic file (
type pdf)
<use figures/monge-shape-mccann-interpolation--density-t100.pdf>
Package pdftex.def Info: figures/monge-shape-mccann-interpolation--density-t100
.pdf  used on input line 940.
(pdftex.def)             Requested size: 76.42328pt x 76.4265pt.
Package microtype Info: Fixing zero \fontdimen 6 for font `U/dsrom/m/n/9'
(microtype)             (new value: 9.0pt) on input line 941.

[23 <./figures/monge-shape-mccann-interpolation--particles-t000.pdf> <./figures
/monge-shape-mccann-interpolation--particles-t025.pdf> <./figures/monge-shape-m
ccann-interpolation--particles-t050.pdf> <./figures/monge-shape-mccann-interpol
ation--particles-t075.pdf> <./figures/monge-shape-mccann-interpolation--particl
es-t100.pdf> <./figures/monge-shape-mccann-interpolation--density-t000.pdf> <./
figures/monge-shape-mccann-interpolation--density-t025.pdf> <./figures/monge-sh
ape-mccann-interpolation--density-t050.pdf> <./figures/monge-shape-mccann-inter
polation--density-t075.pdf> <./figures/monge-shape-mccann-interpolation--densit
y-t100.pdf>]
<figures/monge-caffarelli-nonconvex-map--mccann-t000.pdf, id=1093, 102.14642pt 
x 58.74106pt>
File: figures/monge-caffarelli-nonconvex-map--mccann-t000.pdf Graphic file (typ
e pdf)
<use figures/monge-caffarelli-nonconvex-map--mccann-t000.pdf>
Package pdftex.def Info: figures/monge-caffarelli-nonconvex-map--mccann-t000.pd
f  used on input line 990.
(pdftex.def)             Requested size: 85.41626pt x 49.12254pt.
<figures/monge-caffarelli-nonconvex-map--mccann-t025.pdf, id=1094, 102.14642pt 
x 58.74106pt>
File: figures/monge-caffarelli-nonconvex-map--mccann-t025.pdf Graphic file (typ
e pdf)
<use figures/monge-caffarelli-nonconvex-map--mccann-t025.pdf>
Package pdftex.def Info: figures/monge-caffarelli-nonconvex-map--mccann-t025.pd
f  used on input line 991.
(pdftex.def)             Requested size: 85.41626pt x 49.12254pt.
<figures/monge-caffarelli-nonconvex-map--mccann-t050.pdf, id=1095, 102.14642pt 
x 58.74106pt>
File: figures/monge-caffarelli-nonconvex-map--mccann-t050.pdf Graphic file (typ
e pdf)
<use figures/monge-caffarelli-nonconvex-map--mccann-t050.pdf>
Package pdftex.def Info: figures/monge-caffarelli-nonconvex-map--mccann-t050.pd
f  used on input line 992.
(pdftex.def)             Requested size: 85.41626pt x 49.12254pt.
<figures/monge-caffarelli-nonconvex-map--mccann-t075.pdf, id=1096, 102.14642pt 
x 58.74106pt>
File: figures/monge-caffarelli-nonconvex-map--mccann-t075.pdf Graphic file (typ
e pdf)
<use figures/monge-caffarelli-nonconvex-map--mccann-t075.pdf>
Package pdftex.def Info: figures/monge-caffarelli-nonconvex-map--mccann-t075.pd
f  used on input line 993.
(pdftex.def)             Requested size: 85.41626pt x 49.12254pt.
<figures/monge-caffarelli-nonconvex-map--mccann-t100.pdf, id=1097, 102.14642pt 
x 58.74106pt>
File: figures/monge-caffarelli-nonconvex-map--mccann-t100.pdf Graphic file (typ
e pdf)
<use figures/monge-caffarelli-nonconvex-map--mccann-t100.pdf>
Package pdftex.def Info: figures/monge-caffarelli-nonconvex-map--mccann-t100.pd
f  used on input line 994.
(pdftex.def)             Requested size: 85.41626pt x 49.12254pt.
 [24 <./figures/monge-caffarelli-nonconvex-map--mccann-t000.pdf> <./figures/mon
ge-caffarelli-nonconvex-map--mccann-t025.pdf> <./figures/monge-caffarelli-nonco
nvex-map--mccann-t050.pdf> <./figures/monge-caffarelli-nonconvex-map--mccann-t0
75.pdf> <./figures/monge-caffarelli-nonconvex-map--mccann-t100.pdf>] [25]
Package mdframed Info: mdframed works in twoside mode on input line 1119.
Package mdframed Info: mdframed detected package amsthm 
 changed the theorem header of amsthm
(mdframed)              on input line 1119.
Package mdframed Info: mdframed works in twoside mode on input line 1158.
Package mdframed Info: mdframed detected package amsthm 
 changed the theorem header of amsthm
(mdframed)              on input line 1158.
 [26]
Package mdframed Info: mdframed works in twoside mode on input line 1217.
Package mdframed Info: mdframed detected package amsthm 
 changed the theorem header of amsthm
(mdframed)              on input line 1217.
LaTeX Font Info:    Font shape `OT1/zplTLF/b/n' will be
(Font)              scaled to size 10.0pt on input line 1244.
LaTeX Font Info:    Font shape `OT1/zplTLF/b/n' will be
(Font)              scaled to size 7.3pt on input line 1244.
LaTeX Font Info:    Font shape `OT1/zplTLF/b/n' will be
(Font)              scaled to size 5.5pt on input line 1244.
 [27]
Package mdframed Info: mdframed works in twoside mode on input line 1347.
Package mdframed Info: mdframed detected package amsthm 
 changed the theorem header of amsthm
(mdframed)              on input line 1347.
 [28] [29]
<figures/monge-1d-quantile-geodesic--endpoint-densities.pdf, id=1233, 190.17235
pt x 150.35248pt>
File: figures/monge-1d-quantile-geodesic--endpoint-densities.pdf Graphic file (
type pdf)
<use figures/monge-1d-quantile-geodesic--endpoint-densities.pdf>
Package pdftex.def Info: figures/monge-1d-quantile-geodesic--endpoint-densities
.pdf  used on input line 1451.
(pdftex.def)             Requested size: 107.89531pt x 85.3026pt.
<figures/monge-1d-quantile-geodesic--cdfs.pdf, id=1234, 190.04688pt x 153.78719
pt>
File: figures/monge-1d-quantile-geodesic--cdfs.pdf Graphic file (type pdf)
<use figures/monge-1d-quantile-geodesic--cdfs.pdf>
Package pdftex.def Info: figures/monge-1d-quantile-geodesic--cdfs.pdf  used on 
input line 1452.
(pdftex.def)             Requested size: 107.89531pt x 87.3123pt.
<figures/monge-1d-quantile-geodesic--quantiles.pdf, id=1235, 197.47307pt x 150.
07016pt>
File: figures/monge-1d-quantile-geodesic--quantiles.pdf Graphic file (type pdf)

<use figures/monge-1d-quantile-geodesic--quantiles.pdf>
Package pdftex.def Info: figures/monge-1d-quantile-geodesic--quantiles.pdf  use
d on input line 1453.
(pdftex.def)             Requested size: 107.89531pt x 81.99612pt.
<figures/monge-1d-quantile-geodesic--geodesic-densities.pdf, id=1236, 190.17235
pt x 150.35248pt>
File: figures/monge-1d-quantile-geodesic--geodesic-densities.pdf Graphic file (
type pdf)
<use figures/monge-1d-quantile-geodesic--geodesic-densities.pdf>
Package pdftex.def Info: figures/monge-1d-quantile-geodesic--geodesic-densities
.pdf  used on input line 1454.
(pdftex.def)             Requested size: 107.89531pt x 85.3026pt.
LaTeX Font Info:    Font shape `OT1/zplTLF/b/n' will be
(Font)              scaled to size 9.0pt on input line 1460.
LaTeX Font Info:    Trying to load font information for T1+qhv on input line 15
02.

(/usr/local/texlive/2022/texmf-dist/tex/latex/tex-gyre/t1qhv.fd
File: t1qhv.fd 2009/09/25 v1.2 font definition file for T1/qhv
)
LaTeX Font Info:    Font shape `T1/qhv/m/n' will be
(Font)              scaled to size 9.40002pt on input line 1502.
Package microtype Info: Loading generic protrusion settings for font family
(microtype)             `qhv' (encoding: T1).
(microtype)             For optimal results, create family-specific settings.
(microtype)             See the microtype manual for details.
LaTeX Font Info:    Font shape `T1/qhv/m/n' will be
(Font)              scaled to size 6.86201pt on input line 1502.
LaTeX Font Info:    Font shape `T1/qhv/m/n' will be
(Font)              scaled to size 5.17001pt on input line 1502.
 [30 <./figures/monge-1d-quantile-geodesic--endpoint-densities.pdf> <./figures/
monge-1d-quantile-geodesic--cdfs.pdf> <./figures/monge-1d-quantile-geodesic--qu
antiles.pdf> <./figures/monge-1d-quantile-geodesic--geodesic-densities.pdf>]
<figures/monge-tree-mccann-interpolation--time-000.pdf, id=1337, 97.20314pt x 8
3.10521pt>
File: figures/monge-tree-mccann-interpolation--time-000.pdf Graphic file (type 
pdf)
<use figures/monge-tree-mccann-interpolation--time-000.pdf>
Package pdftex.def Info: figures/monge-tree-mccann-interpolation--time-000.pdf 
 used on input line 1539.
(pdftex.def)             Requested size: 85.41626pt x 73.03262pt.
<figures/monge-tree-mccann-interpolation--time-025.pdf, id=1338, 97.20314pt x 8
3.10521pt>
File: figures/monge-tree-mccann-interpolation--time-025.pdf Graphic file (type 
pdf)
<use figures/monge-tree-mccann-interpolation--time-025.pdf>
Package pdftex.def Info: figures/monge-tree-mccann-interpolation--time-025.pdf 
 used on input line 1540.
(pdftex.def)             Requested size: 85.41626pt x 73.03262pt.
<figures/monge-tree-mccann-interpolation--time-050.pdf, id=1339, 97.20314pt x 8
3.10521pt>
File: figures/monge-tree-mccann-interpolation--time-050.pdf Graphic file (type 
pdf)
<use figures/monge-tree-mccann-interpolation--time-050.pdf>
Package pdftex.def Info: figures/monge-tree-mccann-interpolation--time-050.pdf 
 used on input line 1541.
(pdftex.def)             Requested size: 85.41626pt x 73.03262pt.
<figures/monge-tree-mccann-interpolation--time-075.pdf, id=1340, 97.20314pt x 8
3.10521pt>
File: figures/monge-tree-mccann-interpolation--time-075.pdf Graphic file (type 
pdf)
<use figures/monge-tree-mccann-interpolation--time-075.pdf>
Package pdftex.def Info: figures/monge-tree-mccann-interpolation--time-075.pdf 
 used on input line 1542.
(pdftex.def)             Requested size: 85.41626pt x 73.03262pt.
<figures/monge-tree-mccann-interpolation--time-100.pdf, id=1341, 97.20314pt x 8
3.10521pt>
File: figures/monge-tree-mccann-interpolation--time-100.pdf Graphic file (type 
pdf)
<use figures/monge-tree-mccann-interpolation--time-100.pdf>
Package pdftex.def Info: figures/monge-tree-mccann-interpolation--time-100.pdf 
 used on input line 1543.
(pdftex.def)             Requested size: 85.41626pt x 73.03262pt.
LaTeX Font Info:    Font shape `T1/qhv/m/n' will be
(Font)              scaled to size 8.46002pt on input line 1544.
 [31 <./figures/monge-tree-mccann-interpolation--time-000.pdf> <./figures/monge
-tree-mccann-interpolation--time-025.pdf> <./figures/monge-tree-mccann-interpol
ation--time-050.pdf> <./figures/monge-tree-mccann-interpolation--time-075.pdf> 
<./figures/monge-tree-mccann-interpolation--time-100.pdf>]
Package mdframed Info: mdframed works in twoside mode on input line 1602.
Package mdframed Info: mdframed detected package amsthm 
 changed the theorem header of amsthm
(mdframed)              on input line 1602.
<figures/monge-triangular-rearrangement--stage-01-source.pdf, id=1367, 83.22614
pt x 83.22614pt>
File: figures/monge-triangular-rearrangement--stage-01-source.pdf Graphic file 
(type pdf)
<use figures/monge-triangular-rearrangement--stage-01-source.pdf>
Package pdftex.def Info: figures/monge-triangular-rearrangement--stage-01-sourc
e.pdf  used on input line 1624.
(pdftex.def)             Requested size: 60.68726pt x 60.68852pt.
<figures/monge-triangular-rearrangement--stage-02-horizontal-033.pdf, id=1368, 
83.22614pt x 83.22614pt>
File: figures/monge-triangular-rearrangement--stage-02-horizontal-033.pdf Graph
ic file (type pdf)
<use figures/monge-triangular-rearrangement--stage-02-horizontal-033.pdf>
Package pdftex.def Info: figures/monge-triangular-rearrangement--stage-02-horiz
ontal-033.pdf  used on input line 1625.
(pdftex.def)             Requested size: 60.68726pt x 60.68852pt.
<figures/monge-triangular-rearrangement--stage-03-horizontal-067.pdf, id=1369, 
83.22614pt x 83.22614pt>
File: figures/monge-triangular-rearrangement--stage-03-horizontal-067.pdf Graph
ic file (type pdf)
<use figures/monge-triangular-rearrangement--stage-03-horizontal-067.pdf>
Package pdftex.def Info: figures/monge-triangular-rearrangement--stage-03-horiz
ontal-067.pdf  used on input line 1626.
(pdftex.def)             Requested size: 60.68726pt x 60.68852pt.
<figures/monge-triangular-rearrangement--stage-04-pivot.pdf, id=1370, 83.22614p
t x 83.22614pt>
File: figures/monge-triangular-rearrangement--stage-04-pivot.pdf Graphic file (
type pdf)
<use figures/monge-triangular-rearrangement--stage-04-pivot.pdf>
Package pdftex.def Info: figures/monge-triangular-rearrangement--stage-04-pivot
.pdf  used on input line 1627.
(pdftex.def)             Requested size: 60.68726pt x 60.68852pt.
<figures/monge-triangular-rearrangement--stage-05-vertical-033.pdf, id=1371, 83
.22614pt x 83.22614pt>
File: figures/monge-triangular-rearrangement--stage-05-vertical-033.pdf Graphic
 file (type pdf)
<use figures/monge-triangular-rearrangement--stage-05-vertical-033.pdf>
Package pdftex.def Info: figures/monge-triangular-rearrangement--stage-05-verti
cal-033.pdf  used on input line 1628.
(pdftex.def)             Requested size: 60.68726pt x 60.68852pt.
<figures/monge-triangular-rearrangement--stage-06-vertical-067.pdf, id=1372, 83
.22614pt x 83.22614pt>
File: figures/monge-triangular-rearrangement--stage-06-vertical-067.pdf Graphic
 file (type pdf)
<use figures/monge-triangular-rearrangement--stage-06-vertical-067.pdf>
Package pdftex.def Info: figures/monge-triangular-rearrangement--stage-06-verti
cal-067.pdf  used on input line 1630.
(pdftex.def)             Requested size: 60.68726pt x 60.68852pt.
<figures/monge-triangular-rearrangement--stage-07-target.pdf, id=1373, 83.22614
pt x 83.22614pt>
File: figures/monge-triangular-rearrangement--stage-07-target.pdf Graphic file 
(type pdf)
<use figures/monge-triangular-rearrangement--stage-07-target.pdf>
Package pdftex.def Info: figures/monge-triangular-rearrangement--stage-07-targe
t.pdf  used on input line 1631.
(pdftex.def)             Requested size: 60.68726pt x 60.68852pt.
 [32 <./figures/monge-triangular-rearrangement--stage-01-source.pdf> <./figures
/monge-triangular-rearrangement--stage-02-horizontal-033.pdf> <./figures/monge-
triangular-rearrangement--stage-03-horizontal-067.pdf> <./figures/monge-triangu
lar-rearrangement--stage-04-pivot.pdf> <./figures/monge-triangular-rearrangemen
t--stage-05-vertical-033.pdf> <./figures/monge-triangular-rearrangement--stage-
06-vertical-067.pdf> <./figures/monge-triangular-rearrangement--stage-07-target
.pdf>] [33]
<figures/monge-gaussian-w2-geodesic--halfplane-1d.pdf, id=1412, 183.72327pt x 1
52.78217pt>
File: figures/monge-gaussian-w2-geodesic--halfplane-1d.pdf Graphic file (type p
df)
<use figures/monge-gaussian-w2-geodesic--halfplane-1d.pdf>
Package pdftex.def Info: figures/monge-gaussian-w2-geodesic--halfplane-1d.pdf  
used on input line 1749.
(pdftex.def)             Requested size: 134.86743pt x 112.15482pt.
<figures/monge-gaussian-w2-geodesic--densities-1d-a.pdf, id=1413, 189.60461pt x
 151.24161pt>
File: figures/monge-gaussian-w2-geodesic--densities-1d-a.pdf Graphic file (type
 pdf)
<use figures/monge-gaussian-w2-geodesic--densities-1d-a.pdf>
Package pdftex.def Info: figures/monge-gaussian-w2-geodesic--densities-1d-a.pdf
  used on input line 1750.
(pdftex.def)             Requested size: 143.86043pt x 114.75787pt.
<figures/monge-gaussian-w2-geodesic--densities-1d-b.pdf, id=1414, 183.84874pt x
 149.34747pt>
File: figures/monge-gaussian-w2-geodesic--densities-1d-b.pdf Graphic file (type
 pdf)
<use figures/monge-gaussian-w2-geodesic--densities-1d-b.pdf>
Package pdftex.def Info: figures/monge-gaussian-w2-geodesic--densities-1d-b.pdf
  used on input line 1751.
(pdftex.def)             Requested size: 143.86043pt x 116.86427pt.
<figures/monge-gaussian-fr-mean-geodesic--halfplane.pdf, id=1417, 189.32419pt x
 151.01689pt>
File: figures/monge-gaussian-fr-mean-geodesic--halfplane.pdf Graphic file (type
 pdf)
<use figures/monge-gaussian-fr-mean-geodesic--halfplane.pdf>
Package pdftex.def Info: figures/monge-gaussian-fr-mean-geodesic--halfplane.pdf
  used on input line 1808.
(pdftex.def)             Requested size: 134.86743pt x 107.5845pt.
<figures/monge-gaussian-fr-mean-geodesic--densities-w2.pdf, id=1418, 189.44966p
t x 151.01689pt>
File: figures/monge-gaussian-fr-mean-geodesic--densities-w2.pdf Graphic file (t
ype pdf)
<use figures/monge-gaussian-fr-mean-geodesic--densities-w2.pdf>
Package pdftex.def Info: figures/monge-gaussian-fr-mean-geodesic--densities-w2.
pdf  used on input line 1809.
(pdftex.def)             Requested size: 143.86043pt x 114.68184pt.
<figures/monge-gaussian-fr-mean-geodesic--densities-fr.pdf, id=1419, 189.44966p
t x 151.01689pt>
File: figures/monge-gaussian-fr-mean-geodesic--densities-fr.pdf Graphic file (t
ype pdf)
<use figures/monge-gaussian-fr-mean-geodesic--densities-fr.pdf>
Package pdftex.def Info: figures/monge-gaussian-fr-mean-geodesic--densities-fr.
pdf  used on input line 1810.
(pdftex.def)             Requested size: 143.86043pt x 114.68184pt.
 [34 <./figures/monge-gaussian-w2-geodesic--halfplane-1d.pdf> <./figures/monge-
gaussian-w2-geodesic--densities-1d-a.pdf> <./figures/monge-gaussian-w2-geodesic
--densities-1d-b.pdf>]
Package mdframed Info: mdframed works in twoside mode on input line 1860.
Package mdframed Info: mdframed detected package amsthm 
 changed the theorem header of amsthm
(mdframed)              on input line 1860.

[35 <./figures/monge-gaussian-fr-mean-geodesic--halfplane.pdf> <./figures/monge
-gaussian-fr-mean-geodesic--densities-w2.pdf> <./figures/monge-gaussian-fr-mean
-geodesic--densities-fr.pdf>] [36]
<figures/monge-gaussian-w2-geodesic--ellipses-anisotropic-to-isotropic.pdf, id=
1548, 148.6052pt x 93.90678pt>
File: figures/monge-gaussian-w2-geodesic--ellipses-anisotropic-to-isotropic.pdf
 Graphic file (type pdf)
<use figures/monge-gaussian-w2-geodesic--ellipses-anisotropic-to-isotropic.pdf>

Package pdftex.def Info: figures/monge-gaussian-w2-geodesic--ellipses-anisotrop
ic-to-isotropic.pdf  used on input line 2069.
(pdftex.def)             Requested size: 134.86743pt x 85.23175pt.
<figures/monge-gaussian-w2-geodesic--ellipses-rotated-anisotropic.pdf, id=1549,
 148.6052pt x 93.90678pt>
File: figures/monge-gaussian-w2-geodesic--ellipses-rotated-anisotropic.pdf Grap
hic file (type pdf)
<use figures/monge-gaussian-w2-geodesic--ellipses-rotated-anisotropic.pdf>
Package pdftex.def Info: figures/monge-gaussian-w2-geodesic--ellipses-rotated-a
nisotropic.pdf  used on input line 2070.
(pdftex.def)             Requested size: 134.86743pt x 85.23175pt.
<figures/monge-gaussian-w2-geodesic--cone-2d.pdf, id=1550, 133.68832pt x 122.78
706pt>
File: figures/monge-gaussian-w2-geodesic--cone-2d.pdf Graphic file (type pdf)
<use figures/monge-gaussian-w2-geodesic--cone-2d.pdf>
Package pdftex.def Info: figures/monge-gaussian-w2-geodesic--cone-2d.pdf  used 
on input line 2071.
(pdftex.def)             Requested size: 134.86743pt x 123.86967pt.
 [37]
<figures/monge-gaussian-fr-vs-bures-cone--bures-cone.pdf, id=1562, 133.58272pt 
x 122.0279pt>
File: figures/monge-gaussian-fr-vs-bures-cone--bures-cone.pdf Graphic file (typ
e pdf)
<use figures/monge-gaussian-fr-vs-bures-cone--bures-cone.pdf>
Package pdftex.def Info: figures/monge-gaussian-fr-vs-bures-cone--bures-cone.pd
f  used on input line 2132.
(pdftex.def)             Requested size: 170.83253pt x 156.05923pt.
<figures/monge-gaussian-fr-vs-bures-cone--fisher-rao-cone.pdf, id=1563, 133.582
72pt x 122.0279pt>
File: figures/monge-gaussian-fr-vs-bures-cone--fisher-rao-cone.pdf Graphic file
 (type pdf)
<use figures/monge-gaussian-fr-vs-bures-cone--fisher-rao-cone.pdf>
Package pdftex.def Info: figures/monge-gaussian-fr-vs-bures-cone--fisher-rao-co
ne.pdf  used on input line 2133.
(pdftex.def)             Requested size: 170.83253pt x 156.05923pt.
 [38 <./figures/monge-gaussian-w2-geodesic--ellipses-anisotropic-to-isotropic.p
df> <./figures/monge-gaussian-w2-geodesic--ellipses-rotated-anisotropic.pdf> <.
/figures/monge-gaussian-w2-geodesic--cone-2d.pdf>]) (./sections/kantorovich.tex
 [39 <./figures/monge-gaussian-fr-vs-bures-cone--bures-cone.pdf> <./figures/mon
ge-gaussian-fr-vs-bures-cone--fisher-rao-cone.pdf>]
Chapter 3.
Package mdframed Info: mdframed works in twoside mode on input line 39.
Package mdframed Info: mdframed detected package amsthm 
 changed the theorem header of amsthm
(mdframed)              on input line 39.
[40

]
Package mdframed Info: mdframed works in twoside mode on input line 76.
Package mdframed Info: mdframed detected package amsthm 
 changed the theorem header of amsthm
(mdframed)              on input line 76.
<figures/kantorovich-coupling-polylines--graph.pdf, id=1639, 124.70189pt x 124.
70189pt>
File: figures/kantorovich-coupling-polylines--graph.pdf Graphic file (type pdf)

<use figures/kantorovich-coupling-polylines--graph.pdf>
Package pdftex.def Info: figures/kantorovich-coupling-polylines--graph.pdf  use
d on input line 125.
(pdftex.def)             Requested size: 125.87444pt x 125.87941pt.
<figures/kantorovich-coupling-polylines--product.pdf, id=1640, 124.70189pt x 12
4.70189pt>
File: figures/kantorovich-coupling-polylines--product.pdf Graphic file (type pd
f)
<use figures/kantorovich-coupling-polylines--product.pdf>
Package pdftex.def Info: figures/kantorovich-coupling-polylines--product.pdf  u
sed on input line 126.
(pdftex.def)             Requested size: 125.87444pt x 125.87941pt.
<figures/kantorovich-coupling-polylines--optimal.pdf, id=1641, 124.70189pt x 12
4.70189pt>
File: figures/kantorovich-coupling-polylines--optimal.pdf Graphic file (type pd
f)
<use figures/kantorovich-coupling-polylines--optimal.pdf>
Package pdftex.def Info: figures/kantorovich-coupling-polylines--optimal.pdf  u
sed on input line 127.
(pdftex.def)             Requested size: 125.87444pt x 125.87941pt.
<figures/kantorovich-coupling-matrix-marginals--product-20.pdf, id=1642, 137.40
334pt x 136.55417pt>
File: figures/kantorovich-coupling-matrix-marginals--product-20.pdf Graphic fil
e (type pdf)
<use figures/kantorovich-coupling-matrix-marginals--product-20.pdf>
Package pdftex.def Info: figures/kantorovich-coupling-matrix-marginals--product
-20.pdf  used on input line 138.
(pdftex.def)             Requested size: 98.90233pt x 98.29391pt.
<figures/kantorovich-coupling-matrix-marginals--optimal-20.pdf, id=1643, 137.40
334pt x 136.55417pt>
File: figures/kantorovich-coupling-matrix-marginals--optimal-20.pdf Graphic fil
e (type pdf)
<use figures/kantorovich-coupling-matrix-marginals--optimal-20.pdf>
Package pdftex.def Info: figures/kantorovich-coupling-matrix-marginals--optimal
-20.pdf  used on input line 139.
(pdftex.def)             Requested size: 98.90233pt x 98.29391pt.
<figures/kantorovich-coupling-matrix-marginals--product-200.pdf, id=1644, 137.4
0334pt x 136.55417pt>
File: figures/kantorovich-coupling-matrix-marginals--product-200.pdf Graphic fi
le (type pdf)
<use figures/kantorovich-coupling-matrix-marginals--product-200.pdf>
Package pdftex.def Info: figures/kantorovich-coupling-matrix-marginals--product
-200.pdf  used on input line 140.
(pdftex.def)             Requested size: 98.90233pt x 98.29391pt.
<figures/kantorovich-coupling-matrix-marginals--optimal-200.pdf, id=1645, 137.4
0334pt x 136.55417pt>
File: figures/kantorovich-coupling-matrix-marginals--optimal-200.pdf Graphic fi
le (type pdf)
<use figures/kantorovich-coupling-matrix-marginals--optimal-200.pdf>
Package pdftex.def Info: figures/kantorovich-coupling-matrix-marginals--optimal
-200.pdf  used on input line 141.
(pdftex.def)             Requested size: 98.90233pt x 98.29391pt.
 [41 <./figures/kantorovich-coupling-polylines--graph.pdf> <./figures/kantorovi
ch-coupling-polylines--product.pdf> <./figures/kantorovich-coupling-polylines--
optimal.pdf>]
<figures/kantorovich-permutation-versus-splitting--permutation-matrix.pdf, id=1
658, 107.23062pt x 117.6917pt>
File: figures/kantorovich-permutation-versus-splitting--permutation-matrix.pdf 
Graphic file (type pdf)
<use figures/kantorovich-permutation-versus-splitting--permutation-matrix.pdf>
Package pdftex.def Info: figures/kantorovich-permutation-versus-splitting--perm
utation-matrix.pdf  used on input line 171.
(pdftex.def)             Requested size: 80.91634pt x 88.81267pt.
<figures/kantorovich-permutation-versus-splitting--permutation-transport.pdf, i
d=1659, 119.1371pt x 119.1371pt>
File: figures/kantorovich-permutation-versus-splitting--permutation-transport.p
df Graphic file (type pdf)
<use figures/kantorovich-permutation-versus-splitting--permutation-transport.pd
f>
Package pdftex.def Info: figures/kantorovich-permutation-versus-splitting--perm
utation-transport.pdf  used on input line 173.
(pdftex.def)             Requested size: 103.39539pt x 103.39755pt.
<figures/kantorovich-permutation-versus-splitting--splitting-matrix.pdf, id=166
0, 96.02876pt x 117.6917pt>
File: figures/kantorovich-permutation-versus-splitting--splitting-matrix.pdf Gr
aphic file (type pdf)
<use figures/kantorovich-permutation-versus-splitting--splitting-matrix.pdf>
Package pdftex.def Info: figures/kantorovich-permutation-versus-splitting--spli
tting-matrix.pdf  used on input line 174.
(pdftex.def)             Requested size: 71.9302pt x 88.16078pt.
<figures/kantorovich-permutation-versus-splitting--splitting-transport.pdf, id=
1661, 119.1371pt x 119.1371pt>
File: figures/kantorovich-permutation-versus-splitting--splitting-transport.pdf
 Graphic file (type pdf)
<use figures/kantorovich-permutation-versus-splitting--splitting-transport.pdf>

Package pdftex.def Info: figures/kantorovich-permutation-versus-splitting--spli
tting-transport.pdf  used on input line 175.
(pdftex.def)             Requested size: 103.39539pt x 103.39755pt.
 [42 <./figures/kantorovich-coupling-matrix-marginals--product-20.pdf> <./figur
es/kantorovich-coupling-matrix-marginals--optimal-20.pdf> <./figures/kantorovic
h-coupling-matrix-marginals--product-200.pdf> <./figures/kantorovich-coupling-m
atrix-marginals--optimal-200.pdf> <./figures/kantorovich-permutation-versus-spl
itting--permutation-matrix.pdf> <./figures/kantorovich-permutation-versus-split
ting--permutation-transport.pdf> <./figures/kantorovich-permutation-versus-spli
tting--splitting-matrix.pdf> <./figures/kantorovich-permutation-versus-splittin
g--splitting-transport.pdf>]
Package mdframed Info: mdframed works in twoside mode on input line 227.
Package mdframed Info: mdframed detected package amsthm 
 changed the theorem header of amsthm
(mdframed)              on input line 227.
Package mdframed Info: mdframed works in twoside mode on input line 234.
Package mdframed Info: mdframed detected package amsthm 
 changed the theorem header of amsthm
(mdframed)              on input line 234.
Package mdframed Info: mdframed works in twoside mode on input line 240.
Package mdframed Info: mdframed detected package amsthm 
 changed the theorem header of amsthm
(mdframed)              on input line 240.
 [43]
Package mdframed Info: mdframed works in twoside mode on input line 302.
Package mdframed Info: mdframed detected package amsthm 
 changed the theorem header of amsthm
(mdframed)              on input line 302.
Package mdframed Info: mdframed works in twoside mode on input line 326.
Package mdframed Info: mdframed detected package amsthm 
 changed the theorem header of amsthm
(mdframed)              on input line 326.
Package mdframed Info: mdframed works in twoside mode on input line 354.
Package mdframed Info: mdframed detected package amsthm 
 changed the theorem header of amsthm
(mdframed)              on input line 354.
 [44]
<figures/birkhoff-von-neumann-cycle--matrix.pdf, id=1722, 106.37263pt x 105.673
42pt>
File: figures/birkhoff-von-neumann-cycle--matrix.pdf Graphic file (type pdf)
<use figures/birkhoff-von-neumann-cycle--matrix.pdf>
Package pdftex.def Info: figures/birkhoff-von-neumann-cycle--matrix.pdf  used o
n input line 409.
(pdftex.def)             Requested size: 130.9992pt x 130.15327pt.
<figures/birkhoff-von-neumann-cycle--support-graph.pdf, id=1723, 80.66599pt x 9
8.3161pt>
File: figures/birkhoff-von-neumann-cycle--support-graph.pdf Graphic file (type 
pdf)
<use figures/birkhoff-von-neumann-cycle--support-graph.pdf>
Package pdftex.def Info: figures/birkhoff-von-neumann-cycle--support-graph.pdf 
 used on input line 415.
(pdftex.def)             Requested size: 109.33313pt x 133.25804pt.
 [45 <./figures/birkhoff-von-neumann-cycle--matrix.pdf> <./figures/birkhoff-von
-neumann-cycle--support-graph.pdf>]
Package mdframed Info: mdframed works in twoside mode on input line 512.
Package mdframed Info: mdframed detected package amsthm 
 changed the theorem header of amsthm
(mdframed)              on input line 512.
 [46] [47]
<figures/kantorovich-log-barrier-lp-geometry--barrier-large.pdf, id=1794, 115.8
3072pt x 101.65498pt>
File: figures/kantorovich-log-barrier-lp-geometry--barrier-large.pdf Graphic fi
le (type pdf)
<use figures/kantorovich-log-barrier-lp-geometry--barrier-large.pdf>
Package pdftex.def Info: figures/kantorovich-log-barrier-lp-geometry--barrier-l
arge.pdf  used on input line 621.
(pdftex.def)             Requested size: 94.40926pt x 82.8566pt.
<figures/kantorovich-log-barrier-lp-geometry--barrier-medium.pdf, id=1795, 115.
83072pt x 101.65498pt>
File: figures/kantorovich-log-barrier-lp-geometry--barrier-medium.pdf Graphic f
ile (type pdf)
<use figures/kantorovich-log-barrier-lp-geometry--barrier-medium.pdf>
Package pdftex.def Info: figures/kantorovich-log-barrier-lp-geometry--barrier-m
edium.pdf  used on input line 622.
(pdftex.def)             Requested size: 94.40926pt x 82.8566pt.
<figures/kantorovich-log-barrier-lp-geometry--barrier-small.pdf, id=1796, 115.8
3072pt x 101.65498pt>
File: figures/kantorovich-log-barrier-lp-geometry--barrier-small.pdf Graphic fi
le (type pdf)
<use figures/kantorovich-log-barrier-lp-geometry--barrier-small.pdf>
Package pdftex.def Info: figures/kantorovich-log-barrier-lp-geometry--barrier-s
mall.pdf  used on input line 623.
(pdftex.def)             Requested size: 94.40926pt x 82.8566pt.
<figures/kantorovich-log-barrier-lp-geometry--barrier-path.pdf, id=1797, 115.83
072pt x 101.65498pt>
File: figures/kantorovich-log-barrier-lp-geometry--barrier-path.pdf Graphic fil
e (type pdf)
<use figures/kantorovich-log-barrier-lp-geometry--barrier-path.pdf>
Package pdftex.def Info: figures/kantorovich-log-barrier-lp-geometry--barrier-p
ath.pdf  used on input line 624.
(pdftex.def)             Requested size: 94.40926pt x 82.8566pt.
Package mdframed Info: mdframed works in twoside mode on input line 654.
Package mdframed Info: mdframed detected package amsthm 
 changed the theorem header of amsthm
(mdframed)              on input line 654.
 [48 <./figures/kantorovich-log-barrier-lp-geometry--barrier-large.pdf> <./figu
res/kantorovich-log-barrier-lp-geometry--barrier-medium.pdf> <./figures/kantoro
vich-log-barrier-lp-geometry--barrier-small.pdf> <./figures/kantorovich-log-bar
rier-lp-geometry--barrier-path.pdf>]
Package mdframed Info: mdframed works in twoside mode on input line 679.
Package mdframed Info: mdframed detected package amsthm 
 changed the theorem header of amsthm
(mdframed)              on input line 679.
Package mdframed Info: mdframed works in twoside mode on input line 699.
Package mdframed Info: mdframed detected package amsthm 
 changed the theorem header of amsthm
(mdframed)              on input line 699.
 [49] [50] [51]
[52]
LaTeX Font Info:    Font shape `OT1/zplTLF/m/n' will be
(Font)              scaled to size 14.4pt on input line 1009.
LaTeX Font Info:    Font shape `OT1/zplTLF/m/n' will be
(Font)              scaled to size 10.5pt on input line 1009.
LaTeX Font Info:    Font shape `OT1/zplTLF/m/n' will be
(Font)              scaled to size 7.9pt on input line 1009.
LaTeX Font Info:    Font shape `OT1/zplTLF/b/n' will be
(Font)              scaled to size 14.4pt on input line 1009.
LaTeX Font Info:    Font shape `OT1/zplTLF/b/n' will be
(Font)              scaled to size 10.5pt on input line 1009.
LaTeX Font Info:    Font shape `OT1/zplTLF/b/n' will be
(Font)              scaled to size 7.9pt on input line 1009.
LaTeX Font Info:    Font shape `T1/qhv/m/n' will be
(Font)              scaled to size 13.53603pt on input line 1009.
LaTeX Font Info:    Font shape `T1/qhv/m/n' will be
(Font)              scaled to size 9.87003pt on input line 1009.
LaTeX Font Info:    Font shape `T1/qhv/m/n' will be
(Font)              scaled to size 7.42601pt on input line 1009.
Package microtype Info: Fixing zero \fontdimen 6 for font `U/dsrom/m/n/14.4'
(microtype)             (new value: 14.4pt) on input line 1009.
Package microtype Info: Fixing zero \fontdimen 6 for font `U/dsrom/m/n/10.5'
(microtype)             (new value: 10.5pt) on input line 1009.
Package microtype Info: Fixing zero \fontdimen 6 for font `U/dsrom/m/n/7.9'
(microtype)             (new value: 7.9pt) on input line 1009.


LaTeX Font Warning: Font shape `U/stmry/m/n' in size <10.5> not available
(Font)              size <10.95> substituted on input line 1009.


LaTeX Font Warning: Font shape `U/bbold/m/n' in size <10.5> not available
(Font)              size <10.95> substituted on input line 1009.

Package mdframed Info: mdframed works in twoside mode on input line 1026.
Package mdframed Info: mdframed detected package amsthm 
 changed the theorem header of amsthm
(mdframed)              on input line 1026.
[53] [54]
<figures/kantorovich-discrete-gluing-lemma--ab-plan.pdf, id=1904, 137.40334pt x
 136.55417pt>
File: figures/kantorovich-discrete-gluing-lemma--ab-plan.pdf Graphic file (type
 pdf)
<use figures/kantorovich-discrete-gluing-lemma--ab-plan.pdf>
Package pdftex.def Info: figures/kantorovich-discrete-gluing-lemma--ab-plan.pdf
  used on input line 1204.
(pdftex.def)             Requested size: 98.90233pt x 98.29391pt.
<figures/kantorovich-discrete-gluing-lemma--bc-plan.pdf, id=1905, 137.40334pt x
 136.55417pt>
File: figures/kantorovich-discrete-gluing-lemma--bc-plan.pdf Graphic file (type
 pdf)
<use figures/kantorovich-discrete-gluing-lemma--bc-plan.pdf>
Package pdftex.def Info: figures/kantorovich-discrete-gluing-lemma--bc-plan.pdf
  used on input line 1206.
(pdftex.def)             Requested size: 98.90233pt x 98.29391pt.
<figures/kantorovich-discrete-gluing-lemma--glued-ac-plan.pdf, id=1906, 137.403
34pt x 136.55417pt>
File: figures/kantorovich-discrete-gluing-lemma--glued-ac-plan.pdf Graphic file
 (type pdf)
<use figures/kantorovich-discrete-gluing-lemma--glued-ac-plan.pdf>
Package pdftex.def Info: figures/kantorovich-discrete-gluing-lemma--glued-ac-pl
an.pdf  used on input line 1207.
(pdftex.def)             Requested size: 98.90233pt x 98.29391pt.
<figures/kantorovich-discrete-gluing-lemma--direct-ac-plan.pdf, id=1907, 137.40
334pt x 136.55417pt>
File: figures/kantorovich-discrete-gluing-lemma--direct-ac-plan.pdf Graphic fil
e (type pdf)
<use figures/kantorovich-discrete-gluing-lemma--direct-ac-plan.pdf>
Package pdftex.def Info: figures/kantorovich-discrete-gluing-lemma--direct-ac-p
lan.pdf  used on input line 1208.
(pdftex.def)             Requested size: 98.90233pt x 98.29391pt.
 [55]
Package mdframed Info: mdframed works in twoside mode on input line 1219.
Package mdframed Info: mdframed detected package amsthm 
 changed the theorem header of amsthm
(mdframed)              on input line 1219.
 [56 <./figures/kantorovich-discrete-gluing-lemma--ab-plan.pdf> <./figures/kant
orovich-discrete-gluing-lemma--bc-plan.pdf> <./figures/kantorovich-discrete-glu
ing-lemma--glued-ac-plan.pdf> <./figures/kantorovich-discrete-gluing-lemma--dir
ect-ac-plan.pdf>]
Package mdframed Info: mdframed works in twoside mode on input line 1314.
Package mdframed Info: mdframed detected package amsthm 
 changed the theorem header of amsthm
(mdframed)              on input line 1314.
 [57] [58]
Package mdframed Info: mdframed works in twoside mode on input line 1406.
Package mdframed Info: mdframed detected package amsthm 
 changed the theorem header of amsthm
(mdframed)              on input line 1406.
Package mdframed Info: Not enough space on this page on input line 1417.
Package mdframed Info: mdframed works in twoside mode on input line 1438.
Package mdframed Info: mdframed detected package amsthm 
 changed the theorem header of amsthm
(mdframed)              on input line 1438.
<figures/kantorovich-plan-interpolation--time-000.pdf, id=1985, 119.1371pt x 11
9.1371pt>
File: figures/kantorovich-plan-interpolation--time-000.pdf Graphic file (type p
df)
<use figures/kantorovich-plan-interpolation--time-000.pdf>
Package pdftex.def Info: figures/kantorovich-plan-interpolation--time-000.pdf  
used on input line 1482.
(pdftex.def)             Requested size: 76.42328pt x 76.42563pt.
<figures/kantorovich-plan-interpolation--time-025.pdf, id=1986, 119.1371pt x 11
9.1371pt>
File: figures/kantorovich-plan-interpolation--time-025.pdf Graphic file (type p
df)
<use figures/kantorovich-plan-interpolation--time-025.pdf>
Package pdftex.def Info: figures/kantorovich-plan-interpolation--time-025.pdf  
used on input line 1483.
(pdftex.def)             Requested size: 76.42328pt x 76.42563pt.
<figures/kantorovich-plan-interpolation--time-050.pdf, id=1987, 119.1371pt x 11
9.1371pt>
File: figures/kantorovich-plan-interpolation--time-050.pdf Graphic file (type p
df)
<use figures/kantorovich-plan-interpolation--time-050.pdf>
Package pdftex.def Info: figures/kantorovich-plan-interpolation--time-050.pdf  
used on input line 1484.
(pdftex.def)             Requested size: 76.42328pt x 76.42563pt.
<figures/kantorovich-plan-interpolation--time-075.pdf, id=1988, 119.1371pt x 11
9.1371pt>
File: figures/kantorovich-plan-interpolation--time-075.pdf Graphic file (type p
df)
<use figures/kantorovich-plan-interpolation--time-075.pdf>
Package pdftex.def Info: figures/kantorovich-plan-interpolation--time-075.pdf  
used on input line 1485.
(pdftex.def)             Requested size: 76.42328pt x 76.42563pt.
<figures/kantorovich-plan-interpolation--time-100.pdf, id=1989, 119.1371pt x 11
9.1371pt>
File: figures/kantorovich-plan-interpolation--time-100.pdf Graphic file (type p
df)
<use figures/kantorovich-plan-interpolation--time-100.pdf>
Package pdftex.def Info: figures/kantorovich-plan-interpolation--time-100.pdf  
used on input line 1486.
(pdftex.def)             Requested size: 76.42328pt x 76.42563pt.
 [59 <./figures/kantorovich-plan-interpolation--time-000.pdf> <./figures/kantor
ovich-plan-interpolation--time-025.pdf> <./figures/kantorovich-plan-interpolati
on--time-050.pdf> <./figures/kantorovich-plan-interpolation--time-075.pdf> <./f
igures/kantorovich-plan-interpolation--time-100.pdf>] [60] [61]
Package mdframed Info: mdframed works in twoside mode on input line 1637.
Package mdframed Info: mdframed detected package amsthm 
 changed the theorem header of amsthm
(mdframed)              on input line 1637.
Package mdframed Info: Not enough space on this page on input line 1646.
 [62] [63] [64] [65] [66] [67]
<figures/kantorovich-dro-ambiguity--rho-zero.pdf, id=2128, 131.07971pt x 107.76
675pt>
File: figures/kantorovich-dro-ambiguity--rho-zero.pdf Graphic file (type pdf)
<use figures/kantorovich-dro-ambiguity--rho-zero.pdf>
Package pdftex.def Info: figures/kantorovich-dro-ambiguity--rho-zero.pdf  used 
on input line 2105.
(pdftex.def)             Requested size: 134.86743pt x 110.88094pt.
<figures/kantorovich-dro-ambiguity--rho-medium.pdf, id=2129, 131.07971pt x 107.
76675pt>
File: figures/kantorovich-dro-ambiguity--rho-medium.pdf Graphic file (type pdf)

<use figures/kantorovich-dro-ambiguity--rho-medium.pdf>
Package pdftex.def Info: figures/kantorovich-dro-ambiguity--rho-medium.pdf  use
d on input line 2106.
(pdftex.def)             Requested size: 134.86743pt x 110.88094pt.
<figures/kantorovich-dro-ambiguity--rho-large.pdf, id=2130, 131.07971pt x 107.7
6675pt>
File: figures/kantorovich-dro-ambiguity--rho-large.pdf Graphic file (type pdf)
<use figures/kantorovich-dro-ambiguity--rho-large.pdf>
Package pdftex.def Info: figures/kantorovich-dro-ambiguity--rho-large.pdf  used
 on input line 2107.
(pdftex.def)             Requested size: 134.86743pt x 110.88094pt.
 [68 <./figures/kantorovich-dro-ambiguity--rho-zero.pdf> <./figures/kantorovich
-dro-ambiguity--rho-medium.pdf> <./figures/kantorovich-dro-ambiguity--rho-large
.pdf>]
<figures/matching-quantitative-clt--n-001.pdf, id=2169, 90.42784pt x 90.2569pt>

File: figures/matching-quantitative-clt--n-001.pdf Graphic file (type pdf)
<use figures/matching-quantitative-clt--n-001.pdf>
Package pdftex.def Info: figures/matching-quantitative-clt--n-001.pdf  used on 
input line 2198.
(pdftex.def)             Requested size: 76.42328pt x 76.28351pt.
<figures/matching-quantitative-clt--n-002.pdf, id=2170, 90.42784pt x 90.2569pt>

File: figures/matching-quantitative-clt--n-002.pdf Graphic file (type pdf)
<use figures/matching-quantitative-clt--n-002.pdf>
Package pdftex.def Info: figures/matching-quantitative-clt--n-002.pdf  used on 
input line 2199.
(pdftex.def)             Requested size: 76.42328pt x 76.28351pt.
<figures/matching-quantitative-clt--n-004.pdf, id=2171, 90.42784pt x 90.2569pt>

File: figures/matching-quantitative-clt--n-004.pdf Graphic file (type pdf)
<use figures/matching-quantitative-clt--n-004.pdf>
Package pdftex.def Info: figures/matching-quantitative-clt--n-004.pdf  used on 
input line 2200.
(pdftex.def)             Requested size: 76.42328pt x 76.28351pt.
<figures/matching-quantitative-clt--n-016.pdf, id=2172, 90.42784pt x 90.2569pt>

File: figures/matching-quantitative-clt--n-016.pdf Graphic file (type pdf)
<use figures/matching-quantitative-clt--n-016.pdf>
Package pdftex.def Info: figures/matching-quantitative-clt--n-016.pdf  used on 
input line 2201.
(pdftex.def)             Requested size: 76.42328pt x 76.28351pt.
<figures/matching-quantitative-clt--n-064.pdf, id=2173, 90.42784pt x 90.2569pt>

File: figures/matching-quantitative-clt--n-064.pdf Graphic file (type pdf)
<use figures/matching-quantitative-clt--n-064.pdf>
Package pdftex.def Info: figures/matching-quantitative-clt--n-064.pdf  used on 
input line 2202.
(pdftex.def)             Requested size: 76.42328pt x 76.28351pt.
 [69])
(./sections/dual.tex [70 <./figures/matching-quantitative-clt--n-001.pdf> <./fi
gures/matching-quantitative-clt--n-002.pdf> <./figures/matching-quantitative-cl
t--n-004.pdf> <./figures/matching-quantitative-clt--n-016.pdf> <./figures/match
ing-quantitative-clt--n-064.pdf>]
Chapter 4.
Package mdframed Info: mdframed works in twoside mode on input line 28.
Package mdframed Info: mdframed detected package amsthm 
 changed the theorem header of amsthm
(mdframed)              on input line 28.
[71

]
<figures/dual-kantorovich-discrete-potentials--target-balanced.pdf, id=2255, 13
7.24072pt x 114.12878pt>
File: figures/dual-kantorovich-discrete-potentials--target-balanced.pdf Graphic
 file (type pdf)
<use figures/dual-kantorovich-discrete-potentials--target-balanced.pdf>
Package pdftex.def Info: figures/dual-kantorovich-discrete-potentials--target-b
alanced.pdf  used on input line 112.
(pdftex.def)             Requested size: 134.86743pt x 112.15889pt.
<figures/dual-kantorovich-discrete-potentials--target-shifted.pdf, id=2256, 137
.24072pt x 114.12878pt>
File: figures/dual-kantorovich-discrete-potentials--target-shifted.pdf Graphic 
file (type pdf)
<use figures/dual-kantorovich-discrete-potentials--target-shifted.pdf>
Package pdftex.def Info: figures/dual-kantorovich-discrete-potentials--target-s
hifted.pdf  used on input line 113.
(pdftex.def)             Requested size: 134.86743pt x 112.15889pt.
<figures/dual-kantorovich-discrete-potentials--target-three-mode.pdf, id=2257, 
137.24072pt x 114.12878pt>
File: figures/dual-kantorovich-discrete-potentials--target-three-mode.pdf Graph
ic file (type pdf)
<use figures/dual-kantorovich-discrete-potentials--target-three-mode.pdf>
Package pdftex.def Info: figures/dual-kantorovich-discrete-potentials--target-t
hree-mode.pdf  used on input line 114.
(pdftex.def)             Requested size: 134.86743pt x 112.15889pt.
Package mdframed Info: mdframed works in twoside mode on input line 164.
Package mdframed Info: mdframed detected package amsthm 
 changed the theorem header of amsthm
(mdframed)              on input line 164.
Package mdframed Info: mdframed works in twoside mode on input line 175.
Package mdframed Info: mdframed detected package amsthm 
 changed the theorem header of amsthm
(mdframed)              on input line 175.
<figures/dual-auction-progression--stage-0.pdf, id=2267, 60.16478pt x 60.16478p
t>
File: figures/dual-auction-progression--stage-0.pdf Graphic file (type pdf)
<use figures/dual-auction-progression--stage-0.pdf>
Package pdftex.def Info: figures/dual-auction-progression--stage-0.pdf  used on
 input line 191.
(pdftex.def)             Requested size: 80.91634pt x 80.91689pt.
<figures/dual-auction-progression--stage-1.pdf, id=2268, 60.16478pt x 60.16478p
t>
File: figures/dual-auction-progression--stage-1.pdf Graphic file (type pdf)
<use figures/dual-auction-progression--stage-1.pdf>
Package pdftex.def Info: figures/dual-auction-progression--stage-1.pdf  used on
 input line 192.
(pdftex.def)             Requested size: 80.91634pt x 80.91689pt.
<figures/dual-auction-progression--stage-2.pdf, id=2269, 60.16478pt x 60.16478p
t>
File: figures/dual-auction-progression--stage-2.pdf Graphic file (type pdf)
<use figures/dual-auction-progression--stage-2.pdf>
Package pdftex.def Info: figures/dual-auction-progression--stage-2.pdf  used on
 input line 193.
(pdftex.def)             Requested size: 80.91634pt x 80.91689pt.
<figures/dual-auction-progression--stage-3.pdf, id=2270, 60.16478pt x 60.16478p
t>
File: figures/dual-auction-progression--stage-3.pdf Graphic file (type pdf)
<use figures/dual-auction-progression--stage-3.pdf>
Package pdftex.def Info: figures/dual-auction-progression--stage-3.pdf  used on
 input line 194.
(pdftex.def)             Requested size: 80.91634pt x 80.91689pt.
<figures/dual-auction-progression--stage-4.pdf, id=2271, 60.16478pt x 60.16478p
t>
File: figures/dual-auction-progression--stage-4.pdf Graphic file (type pdf)
<use figures/dual-auction-progression--stage-4.pdf>
Package pdftex.def Info: figures/dual-auction-progression--stage-4.pdf  used on
 input line 195.
(pdftex.def)             Requested size: 80.91634pt x 80.91689pt.
 [72 <./figures/dual-kantorovich-discrete-potentials--target-balanced.pdf> <./f
igures/dual-kantorovich-discrete-potentials--target-shifted.pdf> <./figures/dua
l-kantorovich-discrete-potentials--target-three-mode.pdf>]
Package mdframed Info: mdframed works in twoside mode on input line 217.
Package mdframed Info: mdframed detected package amsthm 
 changed the theorem header of amsthm
(mdframed)              on input line 217.
 [73 <./figures/dual-auction-progression--stage-0.pdf> <./figures/dual-auction-
progression--stage-1.pdf> <./figures/dual-auction-progression--stage-2.pdf> <./
figures/dual-auction-progression--stage-3.pdf> <./figures/dual-auction-progress
ion--stage-4.pdf>] [74] [75]
<figures/dual-kantorovich-continuous-potentials--target-balanced.pdf, id=2339, 
137.24072pt x 114.12878pt>
File: figures/dual-kantorovich-continuous-potentials--target-balanced.pdf Graph
ic file (type pdf)
<use figures/dual-kantorovich-continuous-potentials--target-balanced.pdf>
Package pdftex.def Info: figures/dual-kantorovich-continuous-potentials--target
-balanced.pdf  used on input line 428.
(pdftex.def)             Requested size: 134.86743pt x 112.15889pt.
<figures/dual-kantorovich-continuous-potentials--target-shifted.pdf, id=2340, 1
37.24072pt x 114.12878pt>
File: figures/dual-kantorovich-continuous-potentials--target-shifted.pdf Graphi
c file (type pdf)
<use figures/dual-kantorovich-continuous-potentials--target-shifted.pdf>
Package pdftex.def Info: figures/dual-kantorovich-continuous-potentials--target
-shifted.pdf  used on input line 429.
(pdftex.def)             Requested size: 134.86743pt x 112.15889pt.
<figures/dual-kantorovich-continuous-potentials--target-three-mode.pdf, id=2341
, 137.24072pt x 114.12878pt>
File: figures/dual-kantorovich-continuous-potentials--target-three-mode.pdf Gra
phic file (type pdf)
<use figures/dual-kantorovich-continuous-potentials--target-three-mode.pdf>
Package pdftex.def Info: figures/dual-kantorovich-continuous-potentials--target
-three-mode.pdf  used on input line 430.
(pdftex.def)             Requested size: 134.86743pt x 112.15889pt.
<figures/dual-complementary-slackness-contacts--contacts.pdf, id=2344, 424.9804
8pt x 134.62491pt>
File: figures/dual-complementary-slackness-contacts--contacts.pdf Graphic file 
(type pdf)
<use figures/dual-complementary-slackness-contacts--contacts.pdf>
Package pdftex.def Info: figures/dual-complementary-slackness-contacts--contact
s.pdf  used on input line 451.
(pdftex.def)             Requested size: 440.56056pt x 139.56287pt.
 [76 <./figures/dual-kantorovich-continuous-potentials--target-balanced.pdf> <.
/figures/dual-kantorovich-continuous-potentials--target-shifted.pdf> <./figures
/dual-kantorovich-continuous-potentials--target-three-mode.pdf>]
Package mdframed Info: mdframed works in twoside mode on input line 488.
Package mdframed Info: mdframed detected package amsthm 
 changed the theorem header of amsthm
(mdframed)              on input line 488.

[77 <./figures/dual-complementary-slackness-contacts--contacts.pdf>]
<figures/dual-c-transform-envelope--p1.pdf, id=2387, 142.58269pt x 112.24013pt>

File: figures/dual-c-transform-envelope--p1.pdf Graphic file (type pdf)
<use figures/dual-c-transform-envelope--p1.pdf>
Package pdftex.def Info: figures/dual-c-transform-envelope--p1.pdf  used on inp
ut line 535.
(pdftex.def)             Requested size: 134.86743pt x 106.16852pt.
<figures/dual-c-transform-envelope--p2.pdf, id=2388, 142.58269pt x 112.24013pt>

File: figures/dual-c-transform-envelope--p2.pdf Graphic file (type pdf)
<use figures/dual-c-transform-envelope--p2.pdf>
Package pdftex.def Info: figures/dual-c-transform-envelope--p2.pdf  used on inp
ut line 537.
(pdftex.def)             Requested size: 134.86743pt x 106.16852pt.
<figures/dual-c-transform-envelope--p4.pdf, id=2389, 142.58269pt x 112.24013pt>

File: figures/dual-c-transform-envelope--p4.pdf Graphic file (type pdf)
<use figures/dual-c-transform-envelope--p4.pdf>
Package pdftex.def Info: figures/dual-c-transform-envelope--p4.pdf  used on inp
ut line 538.
(pdftex.def)             Requested size: 134.86743pt x 106.16852pt.
 [78 <./figures/dual-c-transform-envelope--p1.pdf> <./figures/dual-c-transform-
envelope--p2.pdf> <./figures/dual-c-transform-envelope--p4.pdf>] [79]
<figures/dual-alternating-c-transform-failure--source-concave-closure.pdf, id=2
413, 164.02881pt x 118.52762pt>
File: figures/dual-alternating-c-transform-failure--source-concave-closure.pdf 
Graphic file (type pdf)
<use figures/dual-alternating-c-transform-failure--source-concave-closure.pdf>
Package pdftex.def Info: figures/dual-alternating-c-transform-failure--source-c
oncave-closure.pdf  used on input line 750.
(pdftex.def)             Requested size: 206.79765pt x 149.44322pt.
<figures/dual-alternating-c-transform-failure--target-concave-closure.pdf, id=2
414, 164.02881pt x 118.52762pt>
File: figures/dual-alternating-c-transform-failure--target-concave-closure.pdf 
Graphic file (type pdf)
<use figures/dual-alternating-c-transform-failure--target-concave-closure.pdf>
Package pdftex.def Info: figures/dual-alternating-c-transform-failure--target-c
oncave-closure.pdf  used on input line 752.
(pdftex.def)             Requested size: 206.79765pt x 149.44322pt.
)
(./sections/semidiscr-w1.tex [80] [81 <./figures/dual-alternating-c-transform-f
ailure--source-concave-closure.pdf> <./figures/dual-alternating-c-transform-fai
lure--target-concave-closure.pdf>]
Chapter 5.
LaTeX Font Info:    Font shape `OT1/zplTLF/m/n' will be
(Font)              scaled to size 20.74pt on input line 6.
LaTeX Font Info:    Font shape `OT1/zplTLF/m/n' will be
(Font)              scaled to size 16.1pt on input line 6.
LaTeX Font Info:    Font shape `OT1/zplTLF/m/n' will be
(Font)              scaled to size 11.4pt on input line 6.
LaTeX Font Info:    Font shape `OT1/zplTLF/b/n' will be
(Font)              scaled to size 20.74pt on input line 6.
LaTeX Font Info:    Font shape `OT1/zplTLF/b/n' will be
(Font)              scaled to size 16.1pt on input line 6.
LaTeX Font Info:    Font shape `OT1/zplTLF/b/n' will be
(Font)              scaled to size 11.4pt on input line 6.
LaTeX Font Info:    Font shape `T1/qhv/m/n' will be
(Font)              scaled to size 19.49565pt on input line 6.
LaTeX Font Info:    Font shape `T1/qhv/m/n' will be
(Font)              scaled to size 15.13403pt on input line 6.
LaTeX Font Info:    Font shape `T1/qhv/m/n' will be
(Font)              scaled to size 10.71602pt on input line 6.
Package microtype Info: Fixing zero \fontdimen 6 for font `U/dsrom/m/n/20.74'
(microtype)             (new value: 20.74pt) on input line 6.
Package microtype Info: Fixing zero \fontdimen 6 for font `U/dsrom/m/n/16.1'
(microtype)             (new value: 16.1pt) on input line 6.
Package microtype Info: Fixing zero \fontdimen 6 for font `U/dsrom/m/n/11.4'
(microtype)             (new value: 11.4pt) on input line 6.

LaTeX Font Warning: Font shape `U/stmry/m/n' in size <16.1> not available
(Font)              size <17.28> substituted on input line 6.


LaTeX Font Warning: Font shape `U/stmry/m/n' in size <11.4> not available
(Font)              size <10.95> substituted on input line 6.


LaTeX Font Warning: Font shape `U/bbold/m/n' in size <16.1> not available
(Font)              size <17.28> substituted on input line 6.


LaTeX Font Warning: Font shape `U/bbold/m/n' in size <11.4> not available
(Font)              size <10.95> substituted on input line 6.

Package mdframed Info: mdframed works in twoside mode on input line 74.
Package mdframed Info: mdframed detected package amsthm 
 changed the theorem header of amsthm
(mdframed)              on input line 74.
[82

]
Package mdframed Info: Not enough space on this page on input line 83.
<figures/semidiscrete-laguerre-cells--voronoi.pdf, id=2480, 139.13782pt x 112.2
1518pt>
File: figures/semidiscrete-laguerre-cells--voronoi.pdf Graphic file (type pdf)
<use figures/semidiscrete-laguerre-cells--voronoi.pdf>
Package pdftex.def Info: figures/semidiscrete-laguerre-cells--voronoi.pdf  used
 on input line 95.
(pdftex.def)             Requested size: 134.86743pt x 108.78008pt.
<figures/semidiscrete-laguerre-cells--weighted.pdf, id=2481, 139.13782pt x 112.
21518pt>
File: figures/semidiscrete-laguerre-cells--weighted.pdf Graphic file (type pdf)

<use figures/semidiscrete-laguerre-cells--weighted.pdf>
Package pdftex.def Info: figures/semidiscrete-laguerre-cells--weighted.pdf  use
d on input line 97.
(pdftex.def)             Requested size: 134.86743pt x 108.78008pt.
<figures/semidiscrete-laguerre-cells--balanced.pdf, id=2482, 139.13782pt x 112.
21518pt>
File: figures/semidiscrete-laguerre-cells--balanced.pdf Graphic file (type pdf)

<use figures/semidiscrete-laguerre-cells--balanced.pdf>
Package pdftex.def Info: figures/semidiscrete-laguerre-cells--balanced.pdf  use
d on input line 98.
(pdftex.def)             Requested size: 134.86743pt x 108.78008pt.
 [83 <./figures/semidiscrete-laguerre-cells--voronoi.pdf> <./figures/semidiscre
te-laguerre-cells--weighted.pdf> <./figures/semidiscrete-laguerre-cells--balanc
ed.pdf>]
<figures/semidiscrete-weight-gradient-cells--underweight.pdf, id=2515, 124.9909
7pt x 93.81645pt>
File: figures/semidiscrete-weight-gradient-cells--underweight.pdf Graphic file 
(type pdf)
<use figures/semidiscrete-weight-gradient-cells--underweight.pdf>
Package pdftex.def Info: figures/semidiscrete-weight-gradient-cells--underweigh
t.pdf  used on input line 172.
(pdftex.def)             Requested size: 134.86743pt x 101.23434pt.
<figures/semidiscrete-weight-gradient-cells--balanced.pdf, id=2516, 124.99097pt
 x 93.81645pt>
File: figures/semidiscrete-weight-gradient-cells--balanced.pdf Graphic file (ty
pe pdf)
<use figures/semidiscrete-weight-gradient-cells--balanced.pdf>
Package pdftex.def Info: figures/semidiscrete-weight-gradient-cells--balanced.p
df  used on input line 173.
(pdftex.def)             Requested size: 134.86743pt x 101.23434pt.
<figures/semidiscrete-weight-gradient-cells--overweight.pdf, id=2517, 124.99097
pt x 93.81645pt>
File: figures/semidiscrete-weight-gradient-cells--overweight.pdf Graphic file (
type pdf)
<use figures/semidiscrete-weight-gradient-cells--overweight.pdf>
Package pdftex.def Info: figures/semidiscrete-weight-gradient-cells--overweight
.pdf  used on input line 174.
(pdftex.def)             Requested size: 134.86743pt x 101.23434pt.
Package mdframed Info: mdframed works in twoside mode on input line 192.
Package mdframed Info: mdframed detected package amsthm 
 changed the theorem header of amsthm
(mdframed)              on input line 192.
Package mdframed Info: mdframed works in twoside mode on input line 201.
Package mdframed Info: mdframed detected package amsthm 
 changed the theorem header of amsthm
(mdframed)              on input line 201.
 [84 <./figures/semidiscrete-weight-gradient-cells--underweight.pdf> <./figures
/semidiscrete-weight-gradient-cells--balanced.pdf> <./figures/semidiscrete-weig
ht-gradient-cells--overweight.pdf>]
Package mdframed Info: mdframed works in twoside mode on input line 311.
Package mdframed Info: mdframed detected package amsthm 
 changed the theorem header of amsthm
(mdframed)              on input line 311.
Package mdframed Info: mdframed works in twoside mode on input line 318.
Package mdframed Info: mdframed detected package amsthm 
 changed the theorem header of amsthm
(mdframed)              on input line 318.
 [85] [86] [87] [88]
LaTeX Font Info:    Font shape `T1/zplTLF/m/n' will be
(Font)              scaled to size 7.0pt on input line 555.
<figures/semidiscrete-lloyd-flow-mixtures--snapshot-000.pdf, id=2604, 122.35312
pt x 90.22357pt>
File: figures/semidiscrete-lloyd-flow-mixtures--snapshot-000.pdf Graphic file (
type pdf)
<use figures/semidiscrete-lloyd-flow-mixtures--snapshot-000.pdf>
Package pdftex.def Info: figures/semidiscrete-lloyd-flow-mixtures--snapshot-000
.pdf  used on input line 560.
(pdftex.def)             Requested size: 80.01773pt x 59.00531pt.
<figures/semidiscrete-lloyd-flow-mixtures--snapshot-024.pdf, id=2605, 122.35312
pt x 90.22357pt>
File: figures/semidiscrete-lloyd-flow-mixtures--snapshot-024.pdf Graphic file (
type pdf)
<use figures/semidiscrete-lloyd-flow-mixtures--snapshot-024.pdf>
Package pdftex.def Info: figures/semidiscrete-lloyd-flow-mixtures--snapshot-024
.pdf  used on input line 561.
(pdftex.def)             Requested size: 80.01773pt x 59.00531pt.
<figures/semidiscrete-lloyd-flow-mixtures--snapshot-080.pdf, id=2606, 122.35312
pt x 90.22357pt>
File: figures/semidiscrete-lloyd-flow-mixtures--snapshot-080.pdf Graphic file (
type pdf)
<use figures/semidiscrete-lloyd-flow-mixtures--snapshot-080.pdf>
Package pdftex.def Info: figures/semidiscrete-lloyd-flow-mixtures--snapshot-080
.pdf  used on input line 562.
(pdftex.def)             Requested size: 80.01773pt x 59.00531pt.
<figures/semidiscrete-lloyd-flow-mixtures--snapshot-240.pdf, id=2607, 122.35312
pt x 90.22357pt>
File: figures/semidiscrete-lloyd-flow-mixtures--snapshot-240.pdf Graphic file (
type pdf)
<use figures/semidiscrete-lloyd-flow-mixtures--snapshot-240.pdf>
Package pdftex.def Info: figures/semidiscrete-lloyd-flow-mixtures--snapshot-240
.pdf  used on input line 563.
(pdftex.def)             Requested size: 80.01773pt x 59.00531pt.
<figures/semidiscrete-lloyd-flow-mixtures--energy-decay.pdf, id=2608, 163.77368
pt x 118.16504pt>
File: figures/semidiscrete-lloyd-flow-mixtures--energy-decay.pdf Graphic file (
type pdf)
<use figures/semidiscrete-lloyd-flow-mixtures--energy-decay.pdf>
Package pdftex.def Info: figures/semidiscrete-lloyd-flow-mixtures--energy-decay
.pdf  used on input line 564.
(pdftex.def)             Requested size: 98.90233pt x 71.36113pt.
Package mdframed Info: mdframed works in twoside mode on input line 581.
Package mdframed Info: mdframed detected package amsthm 
 changed the theorem header of amsthm
(mdframed)              on input line 581.
Package mdframed Info: mdframed works in twoside mode on input line 589.
Package mdframed Info: mdframed detected package amsthm 
 changed the theorem header of amsthm
(mdframed)              on input line 589.
Package mdframed Info: mdframed works in twoside mode on input line 593.
Package mdframed Info: mdframed detected package amsthm 
 changed the theorem header of amsthm
(mdframed)              on input line 593.
<figures/semidiscrete-lloyd-quantization--initial.pdf, id=2609, 139.13782pt x 1
12.21518pt>
File: figures/semidiscrete-lloyd-quantization--initial.pdf Graphic file (type p
df)
<use figures/semidiscrete-lloyd-quantization--initial.pdf>
Package pdftex.def Info: figures/semidiscrete-lloyd-quantization--initial.pdf  
used on input line 611.
(pdftex.def)             Requested size: 134.86743pt x 108.78008pt.
<figures/semidiscrete-lloyd-quantization--iter6.pdf, id=2610, 139.13782pt x 112
.21518pt>
File: figures/semidiscrete-lloyd-quantization--iter6.pdf Graphic file (type pdf
)
<use figures/semidiscrete-lloyd-quantization--iter6.pdf>
Package pdftex.def Info: figures/semidiscrete-lloyd-quantization--iter6.pdf  us
ed on input line 612.
(pdftex.def)             Requested size: 134.86743pt x 108.78008pt.
<figures/semidiscrete-lloyd-quantization--iter36.pdf, id=2611, 139.13782pt x 11
2.21518pt>
File: figures/semidiscrete-lloyd-quantization--iter36.pdf Graphic file (type pd
f)
<use figures/semidiscrete-lloyd-quantization--iter36.pdf>
Package pdftex.def Info: figures/semidiscrete-lloyd-quantization--iter36.pdf  u
sed on input line 613.
(pdftex.def)             Requested size: 134.86743pt x 108.78008pt.

Underfull \vbox (badness 10000) has occurred while \output is active []

 [89 <./figures/semidiscrete-lloyd-flow-mixtures--snapshot-000.pdf> <./figures/
semidiscrete-lloyd-flow-mixtures--snapshot-024.pdf> <./figures/semidiscrete-llo
yd-flow-mixtures--snapshot-080.pdf> <./figures/semidiscrete-lloyd-flow-mixtures
--snapshot-240.pdf> <./figures/semidiscrete-lloyd-flow-mixtures--energy-decay.p
df>]
[90 <./figures/semidiscrete-lloyd-quantization--initial.pdf> <./figures/semidis
crete-lloyd-quantization--iter6.pdf> <./figures/semidiscrete-lloyd-quantization
--iter36.pdf>] [91]
<figures/semidiscrete-quantile-quantization-rates--quantile-points.pdf, id=2703
, 187.22383pt x 136.68741pt>
File: figures/semidiscrete-quantile-quantization-rates--quantile-points.pdf Gra
phic file (type pdf)
<use figures/semidiscrete-quantile-quantization-rates--quantile-points.pdf>
Package pdftex.def Info: figures/semidiscrete-quantile-quantization-rates--quan
tile-points.pdf  used on input line 769.
(pdftex.def)             Requested size: 193.30473pt x 141.12955pt.
<figures/semidiscrete-quantile-quantization-rates--rate-comparison.pdf, id=2704
, 210.07483pt x 137.44022pt>
File: figures/semidiscrete-quantile-quantization-rates--rate-comparison.pdf Gra
phic file (type pdf)
<use figures/semidiscrete-quantile-quantization-rates--rate-comparison.pdf>
Package pdftex.def Info: figures/semidiscrete-quantile-quantization-rates--rate
-comparison.pdf  used on input line 770.
(pdftex.def)             Requested size: 193.30473pt x 126.47379pt.
Package mdframed Info: mdframed works in twoside mode on input line 796.
Package mdframed Info: mdframed detected package amsthm 
 changed the theorem header of amsthm
(mdframed)              on input line 796.
 [92 <./figures/semidiscrete-quantile-quantization-rates--quantile-points.pdf> 
<./figures/semidiscrete-quantile-quantization-rates--rate-comparison.pdf>] [93]
Package mdframed Info: mdframed works in twoside mode on input line 929.
Package mdframed Info: mdframed detected package amsthm 
 changed the theorem header of amsthm
(mdframed)              on input line 929.
 [94]
<figures/w1-graph-transport-flow--regular.pdf, id=2791, 148.3161pt x 96.22159pt
>
File: figures/w1-graph-transport-flow--regular.pdf Graphic file (type pdf)
<use figures/w1-graph-transport-flow--regular.pdf>
Package pdftex.def Info: figures/w1-graph-transport-flow--regular.pdf  used on 
input line 979.
(pdftex.def)             Requested size: 206.79765pt x 134.16458pt.
<figures/w1-graph-transport-flow--nonuniform.pdf, id=2792, 148.3161pt x 89.7880
7pt>
File: figures/w1-graph-transport-flow--nonuniform.pdf Graphic file (type pdf)
<use figures/w1-graph-transport-flow--nonuniform.pdf>
Package pdftex.def Info: figures/w1-graph-transport-flow--nonuniform.pdf  used 
on input line 981.
(pdftex.def)             Requested size: 206.79765pt x 125.1941pt.
) (./sections/dual-norms.tex [95 <./figures/w1-graph-transport-flow--regular.pd
f> <./figures/w1-graph-transport-flow--nonuniform.pdf>]
Chapter 6.
Package mdframed Info: mdframed works in twoside mode on input line 28.
Package mdframed Info: mdframed detected package amsthm 
 changed the theorem header of amsthm
(mdframed)              on input line 28.
[96

]
<figures/dualnorms-ipm-witnesses--w1.pdf, id=2843, 197.62206pt x 144.50537pt>
File: figures/dualnorms-ipm-witnesses--w1.pdf Graphic file (type pdf)
<use figures/dualnorms-ipm-witnesses--w1.pdf>
Package pdftex.def Info: figures/dualnorms-ipm-witnesses--w1.pdf  used on input
 line 96.
(pdftex.def)             Requested size: 139.3605pt x 101.90936pt.
<figures/dualnorms-ipm-witnesses--mmd.pdf, id=2844, 197.62206pt x 144.50537pt>
File: figures/dualnorms-ipm-witnesses--mmd.pdf Graphic file (type pdf)
<use figures/dualnorms-ipm-witnesses--mmd.pdf>
Package pdftex.def Info: figures/dualnorms-ipm-witnesses--mmd.pdf  used on inpu
t line 97.
(pdftex.def)             Requested size: 139.3605pt x 101.90936pt.
<figures/dualnorms-ipm-witnesses--tv.pdf, id=2845, 197.62206pt x 144.50537pt>
File: figures/dualnorms-ipm-witnesses--tv.pdf Graphic file (type pdf)
<use figures/dualnorms-ipm-witnesses--tv.pdf>
Package pdftex.def Info: figures/dualnorms-ipm-witnesses--tv.pdf  used on input
 line 98.
(pdftex.def)             Requested size: 139.3605pt x 101.90936pt.
 [97 <./figures/dualnorms-ipm-witnesses--w1.pdf> <./figures/dualnorms-ipm-witne
sses--mmd.pdf> <./figures/dualnorms-ipm-witnesses--tv.pdf>]
Package mdframed Info: mdframed works in twoside mode on input line 177.
Package mdframed Info: mdframed detected package amsthm 
 changed the theorem header of amsthm
(mdframed)              on input line 177.
 [98]
Package mdframed Info: mdframed works in twoside mode on input line 219.
Package mdframed Info: mdframed detected package amsthm 
 changed the theorem header of amsthm
(mdframed)              on input line 219.
 [99]
Package mdframed Info: mdframed works in twoside mode on input line 381.
Package mdframed Info: mdframed detected package amsthm 
 changed the theorem header of amsthm
(mdframed)              on input line 381.
Package mdframed Info: mdframed works in twoside mode on input line 394.
Package mdframed Info: mdframed detected package amsthm 
 changed the theorem header of amsthm
(mdframed)              on input line 394.

[100]
Package mdframed Info: Not enough space on this page on input line 404.
 [101]
Underfull \vbox (badness 1019) has occurred while \output is active []

 [102]
<figures/dualnorms-phi-generators--generators.pdf, id=2994, 218.37396pt x 148.5
939pt>
File: figures/dualnorms-phi-generators--generators.pdf Graphic file (type pdf)
<use figures/dualnorms-phi-generators--generators.pdf>
Package pdftex.def Info: figures/dualnorms-phi-generators--generators.pdf  used
 on input line 593.
(pdftex.def)             Requested size: 193.30473pt x 131.54298pt.
<figures/dualnorms-phi-generators--ratio-penalties.pdf, id=2995, 227.70381pt x 
148.5939pt>
File: figures/dualnorms-phi-generators--ratio-penalties.pdf Graphic file (type 
pdf)
<use figures/dualnorms-phi-generators--ratio-penalties.pdf>
Package pdftex.def Info: figures/dualnorms-phi-generators--ratio-penalties.pdf 
 used on input line 594.
(pdftex.def)             Requested size: 193.30473pt x 126.14441pt.

[103 <./figures/dualnorms-phi-generators--generators.pdf> <./figures/dualnorms-
phi-generators--ratio-penalties.pdf>] [104]) (./sections/sinkhorn.tex [105]
Chapter 7.
Package mdframed Info: mdframed works in twoside mode on input line 38.
Package mdframed Info: mdframed detected package amsthm 
 changed the theorem header of amsthm
(mdframed)              on input line 38.
<figures/sinkhorn-entropy-lp-geometry--eps-large.pdf, id=3094, 118.19759pt x 10
4.03316pt>
File: figures/sinkhorn-entropy-lp-geometry--eps-large.pdf Graphic file (type pd
f)
<use figures/sinkhorn-entropy-lp-geometry--eps-large.pdf>
Package pdftex.def Info: figures/sinkhorn-entropy-lp-geometry--eps-large.pdf  u
sed on input line 89.
(pdftex.def)             Requested size: 94.40926pt x 83.09645pt.
<figures/sinkhorn-entropy-lp-geometry--eps-medium.pdf, id=3095, 118.19759pt x 1
04.03316pt>
File: figures/sinkhorn-entropy-lp-geometry--eps-medium.pdf Graphic file (type p
df)
<use figures/sinkhorn-entropy-lp-geometry--eps-medium.pdf>
Package pdftex.def Info: figures/sinkhorn-entropy-lp-geometry--eps-medium.pdf  
used on input line 90.
(pdftex.def)             Requested size: 94.40926pt x 83.09645pt.
<figures/sinkhorn-entropy-lp-geometry--eps-small.pdf, id=3096, 118.19759pt x 10
4.03316pt>
File: figures/sinkhorn-entropy-lp-geometry--eps-small.pdf Graphic file (type pd
f)
<use figures/sinkhorn-entropy-lp-geometry--eps-small.pdf>
Package pdftex.def Info: figures/sinkhorn-entropy-lp-geometry--eps-small.pdf  u
sed on input line 91.
(pdftex.def)             Requested size: 94.40926pt x 83.09645pt.
<figures/sinkhorn-entropy-lp-geometry--path.pdf, id=3097, 118.19759pt x 104.033
16pt>
File: figures/sinkhorn-entropy-lp-geometry--path.pdf Graphic file (type pdf)
<use figures/sinkhorn-entropy-lp-geometry--path.pdf>
Package pdftex.def Info: figures/sinkhorn-entropy-lp-geometry--path.pdf  used o
n input line 92.
(pdftex.def)             Requested size: 94.40926pt x 83.09645pt.
<figures/sinkhorn-entropy-lp-geometry--barrier-large.pdf, id=3098, 118.19759pt 
x 100.33359pt>
File: figures/sinkhorn-entropy-lp-geometry--barrier-large.pdf Graphic file (typ
e pdf)
<use figures/sinkhorn-entropy-lp-geometry--barrier-large.pdf>
Package pdftex.def Info: figures/sinkhorn-entropy-lp-geometry--barrier-large.pd
f  used on input line 98.
(pdftex.def)             Requested size: 94.40926pt x 80.14142pt.
<figures/sinkhorn-entropy-lp-geometry--barrier-medium.pdf, id=3099, 118.19759pt
 x 100.33359pt>
File: figures/sinkhorn-entropy-lp-geometry--barrier-medium.pdf Graphic file (ty
pe pdf)
<use figures/sinkhorn-entropy-lp-geometry--barrier-medium.pdf>
Package pdftex.def Info: figures/sinkhorn-entropy-lp-geometry--barrier-medium.p
df  used on input line 99.
(pdftex.def)             Requested size: 94.40926pt x 80.14142pt.
<figures/sinkhorn-entropy-lp-geometry--barrier-small.pdf, id=3100, 118.19759pt 
x 100.33359pt>
File: figures/sinkhorn-entropy-lp-geometry--barrier-small.pdf Graphic file (typ
e pdf)
<use figures/sinkhorn-entropy-lp-geometry--barrier-small.pdf>
Package pdftex.def Info: figures/sinkhorn-entropy-lp-geometry--barrier-small.pd
f  used on input line 100.
(pdftex.def)             Requested size: 94.40926pt x 80.14142pt.
<figures/sinkhorn-entropy-lp-geometry--barrier-path.pdf, id=3101, 118.19759pt x
 100.33359pt>
File: figures/sinkhorn-entropy-lp-geometry--barrier-path.pdf Graphic file (type
 pdf)
<use figures/sinkhorn-entropy-lp-geometry--barrier-path.pdf>
Package pdftex.def Info: figures/sinkhorn-entropy-lp-geometry--barrier-path.pdf
  used on input line 101.
(pdftex.def)             Requested size: 94.40926pt x 80.14142pt.
[106

] [107 <./figures/sinkhorn-entropy-lp-geometry--eps-large.pdf> <./figures/sinkh
orn-entropy-lp-geometry--eps-medium.pdf> <./figures/sinkhorn-entropy-lp-geometr
y--eps-small.pdf> <./figures/sinkhorn-entropy-lp-geometry--path.pdf> <./figures
/sinkhorn-entropy-lp-geometry--barrier-large.pdf> <./figures/sinkhorn-entropy-l
p-geometry--barrier-medium.pdf> <./figures/sinkhorn-entropy-lp-geometry--barrie
r-small.pdf> <./figures/sinkhorn-entropy-lp-geometry--barrier-path.pdf>]
Package mdframed Info: mdframed works in twoside mode on input line 225.
Package mdframed Info: mdframed detected package amsthm 
 changed the theorem header of amsthm
(mdframed)              on input line 225.
<figures/sinkhorn-marginal-errors--initial.pdf, id=3158, 125.24391pt x 122.2519
2pt>
File: figures/sinkhorn-marginal-errors--initial.pdf Graphic file (type pdf)
<use figures/sinkhorn-marginal-errors--initial.pdf>
Package pdftex.def Info: figures/sinkhorn-marginal-errors--initial.pdf  used on
 input line 245.
(pdftex.def)             Requested size: 80.91634pt x 78.98338pt.
<figures/sinkhorn-marginal-errors--row-1.pdf, id=3159, 125.24391pt x 122.25192p
t>
File: figures/sinkhorn-marginal-errors--row-1.pdf Graphic file (type pdf)
<use figures/sinkhorn-marginal-errors--row-1.pdf>
Package pdftex.def Info: figures/sinkhorn-marginal-errors--row-1.pdf  used on i
nput line 246.
(pdftex.def)             Requested size: 80.91634pt x 78.98338pt.
<figures/sinkhorn-marginal-errors--column-1.pdf, id=3160, 125.24391pt x 122.251
92pt>
File: figures/sinkhorn-marginal-errors--column-1.pdf Graphic file (type pdf)
<use figures/sinkhorn-marginal-errors--column-1.pdf>
Package pdftex.def Info: figures/sinkhorn-marginal-errors--column-1.pdf  used o
n input line 247.
(pdftex.def)             Requested size: 80.91634pt x 78.98338pt.
<figures/sinkhorn-marginal-errors--row-2.pdf, id=3161, 125.24391pt x 122.25192p
t>
File: figures/sinkhorn-marginal-errors--row-2.pdf Graphic file (type pdf)
<use figures/sinkhorn-marginal-errors--row-2.pdf>
Package pdftex.def Info: figures/sinkhorn-marginal-errors--row-2.pdf  used on i
nput line 248.
(pdftex.def)             Requested size: 80.91634pt x 78.98338pt.
<figures/sinkhorn-marginal-errors--column-2.pdf, id=3162, 125.24391pt x 122.251
92pt>
File: figures/sinkhorn-marginal-errors--column-2.pdf Graphic file (type pdf)
<use figures/sinkhorn-marginal-errors--column-2.pdf>
Package pdftex.def Info: figures/sinkhorn-marginal-errors--column-2.pdf  used o
n input line 249.
(pdftex.def)             Requested size: 80.91634pt x 78.98338pt.

[108]
<figures/sinkhorn-continuous-marginal-scaling--initial.pdf, id=3177, 127.88176p
t x 119.30331pt>
File: figures/sinkhorn-continuous-marginal-scaling--initial.pdf Graphic file (t
ype pdf)
<use figures/sinkhorn-continuous-marginal-scaling--initial.pdf>
Package pdftex.def Info: figures/sinkhorn-continuous-marginal-scaling--initial.
pdf  used on input line 270.
(pdftex.def)             Requested size: 98.90233pt x 92.27159pt.
<figures/sinkhorn-continuous-marginal-scaling--row-1.pdf, id=3178, 127.88176pt 
x 119.30331pt>
File: figures/sinkhorn-continuous-marginal-scaling--row-1.pdf Graphic file (typ
e pdf)
<use figures/sinkhorn-continuous-marginal-scaling--row-1.pdf>
Package pdftex.def Info: figures/sinkhorn-continuous-marginal-scaling--row-1.pd
f  used on input line 271.
(pdftex.def)             Requested size: 98.90233pt x 92.27159pt.
<figures/sinkhorn-continuous-marginal-scaling--column-1.pdf, id=3179, 127.88176
pt x 119.30331pt>
File: figures/sinkhorn-continuous-marginal-scaling--column-1.pdf Graphic file (
type pdf)
<use figures/sinkhorn-continuous-marginal-scaling--column-1.pdf>
Package pdftex.def Info: figures/sinkhorn-continuous-marginal-scaling--column-1
.pdf  used on input line 272.
(pdftex.def)             Requested size: 98.90233pt x 92.27159pt.
<figures/sinkhorn-continuous-marginal-scaling--column-12.pdf, id=3180, 127.8817
6pt x 119.30331pt>
File: figures/sinkhorn-continuous-marginal-scaling--column-12.pdf Graphic file 
(type pdf)
<use figures/sinkhorn-continuous-marginal-scaling--column-12.pdf>
Package pdftex.def Info: figures/sinkhorn-continuous-marginal-scaling--column-1
2.pdf  used on input line 273.
(pdftex.def)             Requested size: 98.90233pt x 92.27159pt.
<figures/sinkhorn-coupling-iterations--eps-0p010.pdf, id=3181, 120.60057pt x 11
4.295pt>
File: figures/sinkhorn-coupling-iterations--eps-0p010.pdf Graphic file (type pd
f)
<use figures/sinkhorn-coupling-iterations--eps-0p010.pdf>
Package pdftex.def Info: figures/sinkhorn-coupling-iterations--eps-0p010.pdf  u
sed on input line 294.
(pdftex.def)             Requested size: 96.65236pt x 91.60353pt.
<figures/sinkhorn-coupling-iterations--eps-0p030.pdf, id=3182, 120.60057pt x 11
4.295pt>
File: figures/sinkhorn-coupling-iterations--eps-0p030.pdf Graphic file (type pd
f)
<use figures/sinkhorn-coupling-iterations--eps-0p030.pdf>
Package pdftex.def Info: figures/sinkhorn-coupling-iterations--eps-0p030.pdf  u
sed on input line 295.
(pdftex.def)             Requested size: 96.65236pt x 91.60353pt.
<figures/sinkhorn-coupling-iterations--eps-0p085.pdf, id=3183, 120.60057pt x 11
4.295pt>
File: figures/sinkhorn-coupling-iterations--eps-0p085.pdf Graphic file (type pd
f)
<use figures/sinkhorn-coupling-iterations--eps-0p085.pdf>
Package pdftex.def Info: figures/sinkhorn-coupling-iterations--eps-0p085.pdf  u
sed on input line 296.
(pdftex.def)             Requested size: 96.65236pt x 91.60353pt.
<figures/sinkhorn-coupling-iterations--eps-0p240.pdf, id=3184, 120.60057pt x 11
4.295pt>
File: figures/sinkhorn-coupling-iterations--eps-0p240.pdf Graphic file (type pd
f)
<use figures/sinkhorn-coupling-iterations--eps-0p240.pdf>
Package pdftex.def Info: figures/sinkhorn-coupling-iterations--eps-0p240.pdf  u
sed on input line 297.
(pdftex.def)             Requested size: 96.65236pt x 91.60353pt.
<figures/sinkhorn-potentials-iterations--iter-0.pdf, id=3187, 140.13153pt x 110
.34184pt>
File: figures/sinkhorn-potentials-iterations--iter-0.pdf Graphic file (type pdf
)
<use figures/sinkhorn-potentials-iterations--iter-0.pdf>
Package pdftex.def Info: figures/sinkhorn-potentials-iterations--iter-0.pdf  us
ed on input line 316.
(pdftex.def)             Requested size: 103.39539pt x 81.41765pt.
<figures/sinkhorn-potentials-iterations--iter-1.pdf, id=3188, 140.13153pt x 110
.34184pt>
File: figures/sinkhorn-potentials-iterations--iter-1.pdf Graphic file (type pdf
)
<use figures/sinkhorn-potentials-iterations--iter-1.pdf>
Package pdftex.def Info: figures/sinkhorn-potentials-iterations--iter-1.pdf  us
ed on input line 317.
(pdftex.def)             Requested size: 103.39539pt x 81.41765pt.
<figures/sinkhorn-potentials-iterations--iter-3.pdf, id=3189, 140.13153pt x 110
.34184pt>
File: figures/sinkhorn-potentials-iterations--iter-3.pdf Graphic file (type pdf
)
<use figures/sinkhorn-potentials-iterations--iter-3.pdf>
Package pdftex.def Info: figures/sinkhorn-potentials-iterations--iter-3.pdf  us
ed on input line 318.
(pdftex.def)             Requested size: 103.39539pt x 81.41765pt.
<figures/sinkhorn-potentials-iterations--iter-12.pdf, id=3190, 140.13153pt x 11
0.34184pt>
File: figures/sinkhorn-potentials-iterations--iter-12.pdf Graphic file (type pd
f)
<use figures/sinkhorn-potentials-iterations--iter-12.pdf>
Package pdftex.def Info: figures/sinkhorn-potentials-iterations--iter-12.pdf  u
sed on input line 319.
(pdftex.def)             Requested size: 103.39539pt x 81.41765pt.
 [109 <./figures/sinkhorn-marginal-errors--initial.pdf> <./figures/sinkhorn-mar
ginal-errors--row-1.pdf> <./figures/sinkhorn-marginal-errors--column-1.pdf> <./
figures/sinkhorn-marginal-errors--row-2.pdf> <./figures/sinkhorn-marginal-error
s--column-2.pdf> <./figures/sinkhorn-continuous-marginal-scaling--initial.pdf> 
<./figures/sinkhorn-continuous-marginal-scaling--row-1.pdf> <./figures/sinkhorn
-continuous-marginal-scaling--column-1.pdf> <./figures/sinkhorn-continuous-marg
inal-scaling--column-12.pdf> <./figures/sinkhorn-coupling-iterations--eps-0p010
.pdf> <./figures/sinkhorn-coupling-iterations--eps-0p030.pdf> <./figures/sinkho
rn-coupling-iterations--eps-0p085.pdf> <./figures/sinkhorn-coupling-iterations-
-eps-0p240.pdf>]
<figures/sinkhorn-linear-rate-epsilon--marginal-error.pdf, id=3238, 211.41542pt
 x 130.93367pt>
File: figures/sinkhorn-linear-rate-epsilon--marginal-error.pdf Graphic file (ty
pe pdf)
<use figures/sinkhorn-linear-rate-epsilon--marginal-error.pdf>
Package pdftex.def Info: figures/sinkhorn-linear-rate-epsilon--marginal-error.p
df  used on input line 346.
(pdftex.def)             Requested size: 260.74188pt x 161.48897pt.
<figures/sinkhorn-linear-rate-epsilon--limiting-plans.pdf, id=3239, 121.93394pt
 x 121.93394pt>
File: figures/sinkhorn-linear-rate-epsilon--limiting-plans.pdf Graphic file (ty
pe pdf)
<use figures/sinkhorn-linear-rate-epsilon--limiting-plans.pdf>
Package pdftex.def Info: figures/sinkhorn-linear-rate-epsilon--limiting-plans.p
df  used on input line 347.
(pdftex.def)             Requested size: 139.3605pt x 139.37267pt.

Underfull \vbox (badness 6825) has occurred while \output is active []

 [110 <./figures/sinkhorn-potentials-iterations--iter-0.pdf> <./figures/sinkhor
n-potentials-iterations--iter-1.pdf> <./figures/sinkhorn-potentials-iterations-
-iter-3.pdf> <./figures/sinkhorn-potentials-iterations--iter-12.pdf> <./figures
/sinkhorn-linear-rate-epsilon--marginal-error.pdf> <./figures/sinkhorn-linear-r
ate-epsilon--limiting-plans.pdf>]
Package mdframed Info: mdframed works in twoside mode on input line 397.
Package mdframed Info: mdframed detected package amsthm 
 changed the theorem header of amsthm
(mdframed)              on input line 397.
 [111]
<figures/sinkhorn-dual-potentials-epsilon--eps-0p010.pdf, id=3294, 143.49208pt 
x 112.56775pt>
File: figures/sinkhorn-dual-potentials-epsilon--eps-0p010.pdf Graphic file (typ
e pdf)
<use figures/sinkhorn-dual-potentials-epsilon--eps-0p010.pdf>
Package pdftex.def Info: figures/sinkhorn-dual-potentials-epsilon--eps-0p010.pd
f  used on input line 496.
(pdftex.def)             Requested size: 134.86743pt x 105.80681pt.
<figures/sinkhorn-dual-potentials-epsilon--eps-0p045.pdf, id=3295, 143.49208pt 
x 112.56775pt>
File: figures/sinkhorn-dual-potentials-epsilon--eps-0p045.pdf Graphic file (typ
e pdf)
<use figures/sinkhorn-dual-potentials-epsilon--eps-0p045.pdf>
Package pdftex.def Info: figures/sinkhorn-dual-potentials-epsilon--eps-0p045.pd
f  used on input line 498.
(pdftex.def)             Requested size: 134.86743pt x 105.80681pt.
<figures/sinkhorn-dual-potentials-epsilon--eps-0p200.pdf, id=3296, 143.49208pt 
x 112.56775pt>
File: figures/sinkhorn-dual-potentials-epsilon--eps-0p200.pdf Graphic file (typ
e pdf)
<use figures/sinkhorn-dual-potentials-epsilon--eps-0p200.pdf>
Package pdftex.def Info: figures/sinkhorn-dual-potentials-epsilon--eps-0p200.pd
f  used on input line 499.
(pdftex.def)             Requested size: 134.86743pt x 105.80681pt.
 [112 <./figures/sinkhorn-dual-potentials-epsilon--eps-0p010.pdf> <./figures/si
nkhorn-dual-potentials-epsilon--eps-0p045.pdf> <./figures/sinkhorn-dual-potenti
als-epsilon--eps-0p200.pdf>]
<figures/sinkhorn-plan-epsilon--eps-0p018.pdf, id=3313, 123.75514pt x 123.75514
pt>
File: figures/sinkhorn-plan-epsilon--eps-0p018.pdf Graphic file (type pdf)
<use figures/sinkhorn-plan-epsilon--eps-0p018.pdf>
Package pdftex.def Info: figures/sinkhorn-plan-epsilon--eps-0p018.pdf  used on 
input line 566.
(pdftex.def)             Requested size: 101.15228pt x 101.15506pt.
<figures/sinkhorn-plan-epsilon--eps-0p045.pdf, id=3314, 123.75514pt x 123.75514
pt>
File: figures/sinkhorn-plan-epsilon--eps-0p045.pdf Graphic file (type pdf)
<use figures/sinkhorn-plan-epsilon--eps-0p045.pdf>
Package pdftex.def Info: figures/sinkhorn-plan-epsilon--eps-0p045.pdf  used on 
input line 567.
(pdftex.def)             Requested size: 101.15228pt x 101.15506pt.
<figures/sinkhorn-plan-epsilon--eps-0p120.pdf, id=3315, 123.75514pt x 123.75514
pt>
File: figures/sinkhorn-plan-epsilon--eps-0p120.pdf Graphic file (type pdf)
<use figures/sinkhorn-plan-epsilon--eps-0p120.pdf>
Package pdftex.def Info: figures/sinkhorn-plan-epsilon--eps-0p120.pdf  used on 
input line 568.
(pdftex.def)             Requested size: 101.15228pt x 101.15506pt.
<figures/sinkhorn-plan-epsilon--eps-0p320.pdf, id=3316, 123.75514pt x 123.75514
pt>
File: figures/sinkhorn-plan-epsilon--eps-0p320.pdf Graphic file (type pdf)
<use figures/sinkhorn-plan-epsilon--eps-0p320.pdf>
Package pdftex.def Info: figures/sinkhorn-plan-epsilon--eps-0p320.pdf  used on 
input line 569.
(pdftex.def)             Requested size: 101.15228pt x 101.15506pt.
 [113 <./figures/sinkhorn-plan-epsilon--eps-0p018.pdf> <./figures/sinkhorn-plan
-epsilon--eps-0p045.pdf> <./figures/sinkhorn-plan-epsilon--eps-0p120.pdf> <./fi
gures/sinkhorn-plan-epsilon--eps-0p320.pdf>]
Package mdframed Info: mdframed works in twoside mode on input line 602.
Package mdframed Info: mdframed detected package amsthm 
 changed the theorem header of amsthm
(mdframed)              on input line 602.
Package mdframed Info: mdframed works in twoside mode on input line 622.
Package mdframed Info: mdframed detected package amsthm 
 changed the theorem header of amsthm
(mdframed)              on input line 622.
 [114] [115] [116] [117]
Package mdframed Info: mdframed works in twoside mode on input line 927.
Package mdframed Info: mdframed detected package amsthm 
 changed the theorem header of amsthm
(mdframed)              on input line 927.
Package mdframed Info: mdframed works in twoside mode on input line 960.
Package mdframed Info: mdframed detected package amsthm 
 changed the theorem header of amsthm
(mdframed)              on input line 960.
Package mdframed Info: mdframed works in twoside mode on input line 965.
Package mdframed Info: mdframed detected package amsthm 
 changed the theorem header of amsthm
(mdframed)              on input line 965.
Package mdframed Info: mdframed works in twoside mode on input line 973.
Package mdframed Info: mdframed detected package amsthm 
 changed the theorem header of amsthm
(mdframed)              on input line 973.
<figures/sinkhorn-soft-c-transform-epsilon--eps-0p55.pdf, id=3396, 175.81999pt 
x 141.72298pt>
File: figures/sinkhorn-soft-c-transform-epsilon--eps-0p55.pdf Graphic file (typ
e pdf)
<use figures/sinkhorn-soft-c-transform-epsilon--eps-0p55.pdf>
Package pdftex.def Info: figures/sinkhorn-soft-c-transform-epsilon--eps-0p55.pd
f  used on input line 995.
(pdftex.def)             Requested size: 105.64536pt x 85.15985pt.
<figures/sinkhorn-soft-c-transform-epsilon--eps-0p14.pdf, id=3397, 175.81999pt 
x 141.72298pt>
File: figures/sinkhorn-soft-c-transform-epsilon--eps-0p14.pdf Graphic file (typ
e pdf)
<use figures/sinkhorn-soft-c-transform-epsilon--eps-0p14.pdf>
Package pdftex.def Info: figures/sinkhorn-soft-c-transform-epsilon--eps-0p14.pd
f  used on input line 997.
(pdftex.def)             Requested size: 105.64536pt x 85.15985pt.
<figures/sinkhorn-soft-c-transform-epsilon--eps-0p035.pdf, id=3398, 175.81999pt
 x 141.72298pt>
File: figures/sinkhorn-soft-c-transform-epsilon--eps-0p035.pdf Graphic file (ty
pe pdf)
<use figures/sinkhorn-soft-c-transform-epsilon--eps-0p035.pdf>
Package pdftex.def Info: figures/sinkhorn-soft-c-transform-epsilon--eps-0p035.p
df  used on input line 999.
(pdftex.def)             Requested size: 105.64536pt x 85.15985pt.
<figures/sinkhorn-soft-c-transform-epsilon--hard.pdf, id=3399, 175.81999pt x 14
1.72298pt>
File: figures/sinkhorn-soft-c-transform-epsilon--hard.pdf Graphic file (type pd
f)
<use figures/sinkhorn-soft-c-transform-epsilon--hard.pdf>
Package pdftex.def Info: figures/sinkhorn-soft-c-transform-epsilon--hard.pdf  u
sed on input line 1000.
(pdftex.def)             Requested size: 105.64536pt x 85.15985pt.
 [118]
Package mdframed Info: mdframed works in twoside mode on input line 1039.
Package mdframed Info: mdframed detected package amsthm 
 changed the theorem header of amsthm
(mdframed)              on input line 1039.
 [119 <./figures/sinkhorn-soft-c-transform-epsilon--eps-0p55.pdf> <./figures/si
nkhorn-soft-c-transform-epsilon--eps-0p14.pdf> <./figures/sinkhorn-soft-c-trans
form-epsilon--eps-0p035.pdf> <./figures/sinkhorn-soft-c-transform-epsilon--hard
.pdf>] [120] [121] [122]
[123]
Package mdframed Info: mdframed works in twoside mode on input line 1478.
Package mdframed Info: mdframed detected package amsthm 
 changed the theorem header of amsthm
(mdframed)              on input line 1478.
<figures/sinkhorn-path-space-bridges--eps-0.pdf, id=3551, 127.81673pt x 127.816
73pt>
File: figures/sinkhorn-path-space-bridges--eps-0.pdf Graphic file (type pdf)
<use figures/sinkhorn-path-space-bridges--eps-0.pdf>
Package pdftex.def Info: figures/sinkhorn-path-space-bridges--eps-0.pdf  used o
n input line 1491.
(pdftex.def)             Requested size: 105.64536pt x 105.64706pt.
<figures/sinkhorn-path-space-bridges--eps-0p035.pdf, id=3552, 127.81673pt x 127
.81673pt>
File: figures/sinkhorn-path-space-bridges--eps-0p035.pdf Graphic file (type pdf
)
<use figures/sinkhorn-path-space-bridges--eps-0p035.pdf>
Package pdftex.def Info: figures/sinkhorn-path-space-bridges--eps-0p035.pdf  us
ed on input line 1493.
(pdftex.def)             Requested size: 105.64536pt x 105.64706pt.
<figures/sinkhorn-path-space-bridges--eps-0p10.pdf, id=3553, 127.81673pt x 127.
81673pt>
File: figures/sinkhorn-path-space-bridges--eps-0p10.pdf Graphic file (type pdf)

<use figures/sinkhorn-path-space-bridges--eps-0p10.pdf>
Package pdftex.def Info: figures/sinkhorn-path-space-bridges--eps-0p10.pdf  use
d on input line 1494.
(pdftex.def)             Requested size: 105.64536pt x 105.64706pt.
<figures/sinkhorn-path-space-bridges--eps-0p28.pdf, id=3554, 127.81673pt x 127.
81673pt>
File: figures/sinkhorn-path-space-bridges--eps-0p28.pdf Graphic file (type pdf)

<use figures/sinkhorn-path-space-bridges--eps-0p28.pdf>
Package pdftex.def Info: figures/sinkhorn-path-space-bridges--eps-0p28.pdf  use
d on input line 1495.
(pdftex.def)             Requested size: 105.64536pt x 105.64706pt.

Underfull \vbox (badness 10000) has occurred while \output is active []

 [124]
[125 <./figures/sinkhorn-path-space-bridges--eps-0.pdf> <./figures/sinkhorn-pat
h-space-bridges--eps-0p035.pdf> <./figures/sinkhorn-path-space-bridges--eps-0p1
0.pdf> <./figures/sinkhorn-path-space-bridges--eps-0p28.pdf>]
Package mdframed Info: mdframed works in twoside mode on input line 1668.
Package mdframed Info: mdframed detected package amsthm 
 changed the theorem header of amsthm
(mdframed)              on input line 1668.
LaTeX Font Info:    Trying to load font information for TS1+zplTLF on input lin
e 1693.

(/usr/local/texlive/2022/texmf-dist/tex/latex/newpx/ts1zpltlf.fd
File: ts1zpltlf.fd 2021/11/24 v1.0 fd file for TS1/zplTLF
)
LaTeX Font Info:    Font shape `TS1/zplTLF/m/n' will be
(Font)              scaled to size 10.0pt on input line 1693.
Package microtype Info: Loading generic protrusion settings for font family
(microtype)             `zplTLF' (encoding: TS1).
(microtype)             For optimal results, create family-specific settings.
(microtype)             See the microtype manual for details.
 [126]
[127]
<figures/sinkhorn-geodesics-in-heat--exact.pdf, id=3610, 122.2447pt x 122.2447p
t>
File: figures/sinkhorn-geodesics-in-heat--exact.pdf Graphic file (type pdf)
<use figures/sinkhorn-geodesics-in-heat--exact.pdf>
Package pdftex.def Info: figures/sinkhorn-geodesics-in-heat--exact.pdf  used on
 input line 1759.
(pdftex.def)             Requested size: 105.64536pt x 105.64694pt.
<figures/sinkhorn-geodesics-in-heat--tau-small.pdf, id=3611, 122.2447pt x 122.2
447pt>
File: figures/sinkhorn-geodesics-in-heat--tau-small.pdf Graphic file (type pdf)

<use figures/sinkhorn-geodesics-in-heat--tau-small.pdf>
Package pdftex.def Info: figures/sinkhorn-geodesics-in-heat--tau-small.pdf  use
d on input line 1760.
(pdftex.def)             Requested size: 105.64536pt x 105.64694pt.
<figures/sinkhorn-geodesics-in-heat--tau-medium.pdf, id=3612, 122.2447pt x 122.
2447pt>
File: figures/sinkhorn-geodesics-in-heat--tau-medium.pdf Graphic file (type pdf
)
<use figures/sinkhorn-geodesics-in-heat--tau-medium.pdf>
Package pdftex.def Info: figures/sinkhorn-geodesics-in-heat--tau-medium.pdf  us
ed on input line 1761.
(pdftex.def)             Requested size: 105.64536pt x 105.64694pt.
<figures/sinkhorn-geodesics-in-heat--tau-large.pdf, id=3613, 122.2447pt x 122.2
447pt>
File: figures/sinkhorn-geodesics-in-heat--tau-large.pdf Graphic file (type pdf)

<use figures/sinkhorn-geodesics-in-heat--tau-large.pdf>
Package pdftex.def Info: figures/sinkhorn-geodesics-in-heat--tau-large.pdf  use
d on input line 1762.
(pdftex.def)             Requested size: 105.64536pt x 105.64694pt.
 [128 <./figures/sinkhorn-geodesics-in-heat--exact.pdf> <./figures/sinkhorn-geo
desics-in-heat--tau-small.pdf> <./figures/sinkhorn-geodesics-in-heat--tau-mediu
m.pdf> <./figures/sinkhorn-geodesics-in-heat--tau-large.pdf>]
<figures/sinkhorn-hopf-cole-transform--biconjugate-simple.pdf, id=3656, 209.877
85pt x 150.62584pt>
File: figures/sinkhorn-hopf-cole-transform--biconjugate-simple.pdf Graphic file
 (type pdf)
<use figures/sinkhorn-hopf-cole-transform--biconjugate-simple.pdf>
Package pdftex.def Info: figures/sinkhorn-hopf-cole-transform--biconjugate-simp
le.pdf  used on input line 1885.
(pdftex.def)             Requested size: 211.29071pt x 151.64133pt.
<figures/sinkhorn-hopf-cole-transform--biconjugate-oscillatory.pdf, id=3657, 19
9.11891pt x 150.62584pt>
File: figures/sinkhorn-hopf-cole-transform--biconjugate-oscillatory.pdf Graphic
 file (type pdf)
<use figures/sinkhorn-hopf-cole-transform--biconjugate-oscillatory.pdf>
Package pdftex.def Info: figures/sinkhorn-hopf-cole-transform--biconjugate-osci
llatory.pdf  used on input line 1886.
(pdftex.def)             Requested size: 211.29071pt x 159.83958pt.
 [129]
<figures/sinkhorn-hopf-cole-transform--burgers-epsilon-small.pdf, id=3672, 196.
22083pt x 166.20724pt>
File: figures/sinkhorn-hopf-cole-transform--burgers-epsilon-small.pdf Graphic f
ile (type pdf)
<use figures/sinkhorn-hopf-cole-transform--burgers-epsilon-small.pdf>
Package pdftex.def Info: figures/sinkhorn-hopf-cole-transform--burgers-epsilon-
small.pdf  used on input line 1914.
(pdftex.def)             Requested size: 142.95496pt x 121.08934pt.
<figures/sinkhorn-hopf-cole-transform--burgers-epsilon-medium.pdf, id=3673, 196
.22083pt x 166.20724pt>
File: figures/sinkhorn-hopf-cole-transform--burgers-epsilon-medium.pdf Graphic 
file (type pdf)
<use figures/sinkhorn-hopf-cole-transform--burgers-epsilon-medium.pdf>
Package pdftex.def Info: figures/sinkhorn-hopf-cole-transform--burgers-epsilon-
medium.pdf  used on input line 1915.
(pdftex.def)             Requested size: 142.95496pt x 121.08934pt.
<figures/sinkhorn-hopf-cole-transform--burgers-epsilon-large.pdf, id=3674, 196.
22083pt x 166.20724pt>
File: figures/sinkhorn-hopf-cole-transform--burgers-epsilon-large.pdf Graphic f
ile (type pdf)
<use figures/sinkhorn-hopf-cole-transform--burgers-epsilon-large.pdf>
Package pdftex.def Info: figures/sinkhorn-hopf-cole-transform--burgers-epsilon-
large.pdf  used on input line 1916.
(pdftex.def)             Requested size: 142.95496pt x 121.08934pt.

[130 <./figures/sinkhorn-hopf-cole-transform--biconjugate-simple.pdf> <./figure
s/sinkhorn-hopf-cole-transform--biconjugate-oscillatory.pdf> <./figures/sinkhor
n-hopf-cole-transform--burgers-epsilon-small.pdf> <./figures/sinkhorn-hopf-cole
-transform--burgers-epsilon-medium.pdf> <./figures/sinkhorn-hopf-cole-transform
--burgers-epsilon-large.pdf>] [131]
<figures/sinkhorn-phi-soft-c-transforms--kl.pdf, id=3788, 148.8762pt x 137.0398
7pt>
File: figures/sinkhorn-phi-soft-c-transforms--kl.pdf Graphic file (type pdf)
<use figures/sinkhorn-phi-soft-c-transforms--kl.pdf>
Package pdftex.def Info: figures/sinkhorn-phi-soft-c-transforms--kl.pdf  used o
n input line 2065.
(pdftex.def)             Requested size: 139.3605pt x 128.28009pt.
<figures/sinkhorn-phi-soft-c-transforms--burg.pdf, id=3789, 148.8762pt x 137.03
987pt>
File: figures/sinkhorn-phi-soft-c-transforms--burg.pdf Graphic file (type pdf)
<use figures/sinkhorn-phi-soft-c-transforms--burg.pdf>
Package pdftex.def Info: figures/sinkhorn-phi-soft-c-transforms--burg.pdf  used
 on input line 2066.
(pdftex.def)             Requested size: 139.3605pt x 128.28009pt.
<figures/sinkhorn-phi-soft-c-transforms--quadratic.pdf, id=3790, 148.8762pt x 1
37.03987pt>
File: figures/sinkhorn-phi-soft-c-transforms--quadratic.pdf Graphic file (type 
pdf)
<use figures/sinkhorn-phi-soft-c-transforms--quadratic.pdf>
Package pdftex.def Info: figures/sinkhorn-phi-soft-c-transforms--quadratic.pdf 
 used on input line 2067.
(pdftex.def)             Requested size: 139.3605pt x 128.28009pt.
<figures/sinkhorn-entropic-versus-quadratic-regularization--kl-plan.pdf, id=379
1, 153.28468pt x 153.28468pt>
File: figures/sinkhorn-entropic-versus-quadratic-regularization--kl-plan.pdf Gr
aphic file (type pdf)
<use figures/sinkhorn-entropic-versus-quadratic-regularization--kl-plan.pdf>
Package pdftex.def Info: figures/sinkhorn-entropic-versus-quadratic-regularizat
ion--kl-plan.pdf  used on input line 2082.
(pdftex.def)             Requested size: 139.3605pt x 139.36296pt.
<figures/sinkhorn-entropic-versus-quadratic-regularization--burg-plan.pdf, id=3
792, 153.28468pt x 153.28468pt>
File: figures/sinkhorn-entropic-versus-quadratic-regularization--burg-plan.pdf 
Graphic file (type pdf)
<use figures/sinkhorn-entropic-versus-quadratic-regularization--burg-plan.pdf>
Package pdftex.def Info: figures/sinkhorn-entropic-versus-quadratic-regularizat
ion--burg-plan.pdf  used on input line 2083.
(pdftex.def)             Requested size: 139.3605pt x 139.36296pt.
<figures/sinkhorn-entropic-versus-quadratic-regularization--quadratic-plan.pdf,
 id=3793, 153.28468pt x 153.28468pt>
File: figures/sinkhorn-entropic-versus-quadratic-regularization--quadratic-plan
.pdf Graphic file (type pdf)
<use figures/sinkhorn-entropic-versus-quadratic-regularization--quadratic-plan.
pdf>
Package pdftex.def Info: figures/sinkhorn-entropic-versus-quadratic-regularizat
ion--quadratic-plan.pdf  used on input line 2084.
(pdftex.def)             Requested size: 139.3605pt x 139.36296pt.
 [132 <./figures/sinkhorn-phi-soft-c-transforms--kl.pdf> <./figures/sinkhorn-ph
i-soft-c-transforms--burg.pdf> <./figures/sinkhorn-phi-soft-c-transforms--quadr
atic.pdf> <./figures/sinkhorn-entropic-versus-quadratic-regularization--kl-plan
.pdf> <./figures/sinkhorn-entropic-versus-quadratic-regularization--burg-plan.p
df> <./figures/sinkhorn-entropic-versus-quadratic-regularization--quadratic-pla
n.pdf>]
Package mdframed Info: mdframed works in twoside mode on input line 2106.
Package mdframed Info: mdframed detected package amsthm 
 changed the theorem header of amsthm
(mdframed)              on input line 2106.
Package mdframed Info: Not enough space on this page on input line 2117.
 [133] [134]
Package mdframed Info: mdframed works in twoside mode on input line 2357.
Package mdframed Info: mdframed detected package amsthm 
 changed the theorem header of amsthm
(mdframed)              on input line 2357.
<figures/sinkhorn-divergence-debiasing--raw-small.pdf, id=3878, 103.30997pt x 7
9.22223pt>
File: figures/sinkhorn-divergence-debiasing--raw-small.pdf Graphic file (type p
df)
<use figures/sinkhorn-divergence-debiasing--raw-small.pdf>
Package pdftex.def Info: figures/sinkhorn-divergence-debiasing--raw-small.pdf  
used on input line 2371.
(pdftex.def)             Requested size: 105.64536pt x 81.01591pt.
<figures/sinkhorn-divergence-debiasing--debiased-small.pdf, id=3879, 103.30997p
t x 79.22223pt>
File: figures/sinkhorn-divergence-debiasing--debiased-small.pdf Graphic file (t
ype pdf)
<use figures/sinkhorn-divergence-debiasing--debiased-small.pdf>
Package pdftex.def Info: figures/sinkhorn-divergence-debiasing--debiased-small.
pdf  used on input line 2373.
(pdftex.def)             Requested size: 105.64536pt x 81.01591pt.
<figures/sinkhorn-divergence-debiasing--raw-large.pdf, id=3880, 103.30997pt x 7
9.22223pt>
File: figures/sinkhorn-divergence-debiasing--raw-large.pdf Graphic file (type p
df)
<use figures/sinkhorn-divergence-debiasing--raw-large.pdf>
Package pdftex.def Info: figures/sinkhorn-divergence-debiasing--raw-large.pdf  
used on input line 2374.
(pdftex.def)             Requested size: 105.64536pt x 81.01591pt.
<figures/sinkhorn-divergence-debiasing--debiased-large.pdf, id=3881, 103.30997p
t x 79.22223pt>
File: figures/sinkhorn-divergence-debiasing--debiased-large.pdf Graphic file (t
ype pdf)
<use figures/sinkhorn-divergence-debiasing--debiased-large.pdf>
Package pdftex.def Info: figures/sinkhorn-divergence-debiasing--debiased-large.
pdf  used on input line 2375.
(pdftex.def)             Requested size: 105.64536pt x 81.01591pt.
 [135] [136 <./figures/sinkhorn-divergence-debiasing--raw-small.pdf> <./figures
/sinkhorn-divergence-debiasing--debiased-small.pdf> <./figures/sinkhorn-diverge
nce-debiasing--raw-large.pdf> <./figures/sinkhorn-divergence-debiasing--debiase
d-large.pdf>] [137]
[138]
<figures/sinkhorn-complex-epsilon-continuation--real-potential.pdf, id=3938, 19
9.84575pt x 139.08325pt>
File: figures/sinkhorn-complex-epsilon-continuation--real-potential.pdf Graphic
 file (type pdf)
<use figures/sinkhorn-complex-epsilon-continuation--real-potential.pdf>
Package pdftex.def Info: figures/sinkhorn-complex-epsilon-continuation--real-po
tential.pdf  used on input line 2686.
(pdftex.def)             Requested size: 215.78378pt x 150.17583pt.
<figures/sinkhorn-complex-epsilon-continuation--imag-potential.pdf, id=3939, 19
2.66266pt x 136.47906pt>
File: figures/sinkhorn-complex-epsilon-continuation--imag-potential.pdf Graphic
 file (type pdf)
<use figures/sinkhorn-complex-epsilon-continuation--imag-potential.pdf>
Package pdftex.def Info: figures/sinkhorn-complex-epsilon-continuation--imag-po
tential.pdf  used on input line 2687.
(pdftex.def)             Requested size: 215.78378pt x 152.86174pt.
 [139] [140 <./figures/sinkhorn-complex-epsilon-continuation--real-potential.pd
f> <./figures/sinkhorn-complex-epsilon-continuation--imag-potential.pdf>]) (./s
ections/sinkhorn-advanced.tex
Chapter 8.
Package mdframed Info: mdframed works in twoside mode on input line 48.
Package mdframed Info: mdframed detected package amsthm 
 changed the theorem header of amsthm
(mdframed)              on input line 48.
[141


]
Package mdframed Info: mdframed works in twoside mode on input line 210.
Package mdframed Info: mdframed detected package amsthm 
 changed the theorem header of amsthm
(mdframed)              on input line 210.
 [142] [143] [144] [145]
Package mdframed Info: mdframed works in twoside mode on input line 462.
Package mdframed Info: mdframed detected package amsthm 
 changed the theorem header of amsthm
(mdframed)              on input line 462.
 [146]
Package mdframed Info: mdframed works in twoside mode on input line 578.
Package mdframed Info: mdframed detected package amsthm 
 changed the theorem header of amsthm
(mdframed)              on input line 578.
 [147] [148]
<figures/sinkhorn-mfunctions-nonvariational-scaling--uniform-outside.pdf, id=41
24, 396.026pt x 145.62405pt>
File: figures/sinkhorn-mfunctions-nonvariational-scaling--uniform-outside.pdf G
raphic file (type pdf)
<use figures/sinkhorn-mfunctions-nonvariational-scaling--uniform-outside.pdf>
Package pdftex.def Info: figures/sinkhorn-mfunctions-nonvariational-scaling--un
iform-outside.pdf  used on input line 740.
(pdftex.def)             Requested size: 395.60931pt x 145.47925pt.
<figures/sinkhorn-mfunctions-nonvariational-scaling--spatial-outside.pdf, id=41
25, 396.026pt x 145.62405pt>
File: figures/sinkhorn-mfunctions-nonvariational-scaling--spatial-outside.pdf G
raphic file (type pdf)
<use figures/sinkhorn-mfunctions-nonvariational-scaling--spatial-outside.pdf>
Package pdftex.def Info: figures/sinkhorn-mfunctions-nonvariational-scaling--sp
atial-outside.pdf  used on input line 742.
(pdftex.def)             Requested size: 395.60931pt x 145.47925pt.
 [149] [150 <./figures/sinkhorn-mfunctions-nonvariational-scaling--uniform-outs
ide.pdf> <./figures/sinkhorn-mfunctions-nonvariational-scaling--spatial-outside
.pdf>] [151]
Package mdframed Info: mdframed works in twoside mode on input line 957.
Package mdframed Info: mdframed detected package amsthm 
 changed the theorem header of amsthm
(mdframed)              on input line 957.
Package mdframed Info: mdframed works in twoside mode on input line 991.
Package mdframed Info: mdframed detected package amsthm 
 changed the theorem header of amsthm
(mdframed)              on input line 991.
 [152] [153]
[154] [155] [156]
Package mdframed Info: mdframed works in twoside mode on input line 1468.
Package mdframed Info: mdframed detected package amsthm 
 changed the theorem header of amsthm
(mdframed)              on input line 1468.
 [157] [158]
<figures/sinkhorn-continuous-epsilon-flow--unimodal.pdf, id=4335, 191.48978pt x
 162.30789pt>
File: figures/sinkhorn-continuous-epsilon-flow--unimodal.pdf Graphic file (type
 pdf)
<use figures/sinkhorn-continuous-epsilon-flow--unimodal.pdf>
Package pdftex.def Info: figures/sinkhorn-continuous-epsilon-flow--unimodal.pdf
  used on input line 1635.
(pdftex.def)             Requested size: 206.79765pt x 175.28741pt.
<figures/sinkhorn-continuous-epsilon-flow--multimodal.pdf, id=4336, 191.48978pt
 x 162.30789pt>
File: figures/sinkhorn-continuous-epsilon-flow--multimodal.pdf Graphic file (ty
pe pdf)
<use figures/sinkhorn-continuous-epsilon-flow--multimodal.pdf>
Package pdftex.def Info: figures/sinkhorn-continuous-epsilon-flow--multimodal.p
df  used on input line 1636.
(pdftex.def)             Requested size: 206.79765pt x 175.28741pt.
 [159 <./figures/sinkhorn-continuous-epsilon-flow--unimodal.pdf> <./figures/sin
khorn-continuous-epsilon-flow--multimodal.pdf>]
<figures/sinkhorn-bias-variance-tradeoff--dimension-3.pdf, id=4379, 199.99171pt
 x 157.07884pt>
File: figures/sinkhorn-bias-variance-tradeoff--dimension-3.pdf Graphic file (ty
pe pdf)
<use figures/sinkhorn-bias-variance-tradeoff--dimension-3.pdf>
Package pdftex.def Info: figures/sinkhorn-bias-variance-tradeoff--dimension-3.p
df  used on input line 1675.
(pdftex.def)             Requested size: 202.29771pt x 158.89523pt.
<figures/sinkhorn-bias-variance-tradeoff--dimension-6.pdf, id=4380, 199.99171pt
 x 157.07884pt>
File: figures/sinkhorn-bias-variance-tradeoff--dimension-6.pdf Graphic file (ty
pe pdf)
<use figures/sinkhorn-bias-variance-tradeoff--dimension-6.pdf>
Package pdftex.def Info: figures/sinkhorn-bias-variance-tradeoff--dimension-6.p
df  used on input line 1676.
(pdftex.def)             Requested size: 202.29771pt x 158.89523pt.

[160 <./figures/sinkhorn-bias-variance-tradeoff--dimension-3.pdf> <./figures/si
nkhorn-bias-variance-tradeoff--dimension-6.pdf>] [161] [162] [163] [164]
[165] [166]
<figures/sinkhorn-doubly-positive-counterexample--counterexample.pdf, id=4536, 
515.16176pt x 180.3879pt>
File: figures/sinkhorn-doubly-positive-counterexample--counterexample.pdf Graph
ic file (type pdf)
<use figures/sinkhorn-doubly-positive-counterexample--counterexample.pdf>
Package pdftex.def Info: figures/sinkhorn-doubly-positive-counterexample--count
erexample.pdf  used on input line 2173.
(pdftex.def)             Requested size: 422.58144pt x 147.97131pt.
 [167 <./figures/sinkhorn-doubly-positive-counterexample--counterexample.pdf>]
<figures/sinkhorn-positive-feature-sketching--exact.pdf, id=4589, 166.22101pt x
 151.767pt>
File: figures/sinkhorn-positive-feature-sketching--exact.pdf Graphic file (type
 pdf)
<use figures/sinkhorn-positive-feature-sketching--exact.pdf>
Package pdftex.def Info: figures/sinkhorn-positive-feature-sketching--exact.pdf
  used on input line 2222.
(pdftex.def)             Requested size: 98.90233pt x 90.30132pt.
<figures/sinkhorn-positive-feature-sketching--rank-040.pdf, id=4590, 166.22101p
t x 151.767pt>
File: figures/sinkhorn-positive-feature-sketching--rank-040.pdf Graphic file (t
ype pdf)
<use figures/sinkhorn-positive-feature-sketching--rank-040.pdf>
Package pdftex.def Info: figures/sinkhorn-positive-feature-sketching--rank-040.
pdf  used on input line 2223.
(pdftex.def)             Requested size: 98.90233pt x 90.30132pt.
<figures/sinkhorn-positive-feature-sketching--rank-010.pdf, id=4591, 166.22101p
t x 151.767pt>
File: figures/sinkhorn-positive-feature-sketching--rank-010.pdf Graphic file (t
ype pdf)
<use figures/sinkhorn-positive-feature-sketching--rank-010.pdf>
Package pdftex.def Info: figures/sinkhorn-positive-feature-sketching--rank-010.
pdf  used on input line 2224.
(pdftex.def)             Requested size: 98.90233pt x 90.30132pt.
<figures/sinkhorn-positive-feature-sketching--rank-003.pdf, id=4592, 166.22101p
t x 151.767pt>
File: figures/sinkhorn-positive-feature-sketching--rank-003.pdf Graphic file (t
ype pdf)
<use figures/sinkhorn-positive-feature-sketching--rank-003.pdf>
Package pdftex.def Info: figures/sinkhorn-positive-feature-sketching--rank-003.
pdf  used on input line 2225.
(pdftex.def)             Requested size: 98.90233pt x 90.30132pt.
<figures/sinkhorn-positive-feature-sketching--cost-exact.pdf, id=4593, 166.2210
1pt x 151.767pt>
File: figures/sinkhorn-positive-feature-sketching--cost-exact.pdf Graphic file 
(type pdf)
<use figures/sinkhorn-positive-feature-sketching--cost-exact.pdf>
Package pdftex.def Info: figures/sinkhorn-positive-feature-sketching--cost-exac
t.pdf  used on input line 2226.
(pdftex.def)             Requested size: 98.90233pt x 90.30132pt.
<figures/sinkhorn-positive-feature-sketching--cost-rank-040.pdf, id=4594, 166.2
2101pt x 151.767pt>
File: figures/sinkhorn-positive-feature-sketching--cost-rank-040.pdf Graphic fi
le (type pdf)
<use figures/sinkhorn-positive-feature-sketching--cost-rank-040.pdf>
Package pdftex.def Info: figures/sinkhorn-positive-feature-sketching--cost-rank
-040.pdf  used on input line 2227.
(pdftex.def)             Requested size: 98.90233pt x 90.30132pt.
<figures/sinkhorn-positive-feature-sketching--cost-rank-010.pdf, id=4595, 166.2
2101pt x 151.767pt>
File: figures/sinkhorn-positive-feature-sketching--cost-rank-010.pdf Graphic fi
le (type pdf)
<use figures/sinkhorn-positive-feature-sketching--cost-rank-010.pdf>
Package pdftex.def Info: figures/sinkhorn-positive-feature-sketching--cost-rank
-010.pdf  used on input line 2228.
(pdftex.def)             Requested size: 98.90233pt x 90.30132pt.
<figures/sinkhorn-positive-feature-sketching--cost-rank-003.pdf, id=4596, 166.2
2101pt x 151.767pt>
File: figures/sinkhorn-positive-feature-sketching--cost-rank-003.pdf Graphic fi
le (type pdf)
<use figures/sinkhorn-positive-feature-sketching--cost-rank-003.pdf>
Package pdftex.def Info: figures/sinkhorn-positive-feature-sketching--cost-rank
-003.pdf  used on input line 2229.
(pdftex.def)             Requested size: 98.90233pt x 90.30132pt.
) (./sections/generalized-wasserstein.tex [168 <./figures/sinkhorn-positive-fea
ture-sketching--exact.pdf> <./figures/sinkhorn-positive-feature-sketching--rank
-040.pdf> <./figures/sinkhorn-positive-feature-sketching--rank-010.pdf> <./figu
res/sinkhorn-positive-feature-sketching--rank-003.pdf> <./figures/sinkhorn-posi
tive-feature-sketching--cost-exact.pdf> <./figures/sinkhorn-positive-feature-sk
etching--cost-rank-040.pdf> <./figures/sinkhorn-positive-feature-sketching--cos
t-rank-010.pdf> <./figures/sinkhorn-positive-feature-sketching--cost-rank-003.p
df>]
Chapter 9.
<figures/unbalanced-mass-relaxation--tau-small.pdf, id=4643, 150.7733pt x 138.7
2226pt>
File: figures/unbalanced-mass-relaxation--tau-small.pdf Graphic file (type pdf)

<use figures/unbalanced-mass-relaxation--tau-small.pdf>
Package pdftex.def Info: figures/unbalanced-mass-relaxation--tau-small.pdf  use
d on input line 65.
(pdftex.def)             Requested size: 134.86743pt x 124.09319pt.
<figures/unbalanced-mass-relaxation--tau-medium.pdf, id=4644, 150.7733pt x 138.
72226pt>
File: figures/unbalanced-mass-relaxation--tau-medium.pdf Graphic file (type pdf
)
<use figures/unbalanced-mass-relaxation--tau-medium.pdf>
Package pdftex.def Info: figures/unbalanced-mass-relaxation--tau-medium.pdf  us
ed on input line 66.
(pdftex.def)             Requested size: 134.86743pt x 124.09319pt.
<figures/unbalanced-mass-relaxation--tau-large.pdf, id=4645, 150.7733pt x 138.7
2226pt>
File: figures/unbalanced-mass-relaxation--tau-large.pdf Graphic file (type pdf)

<use figures/unbalanced-mass-relaxation--tau-large.pdf>
Package pdftex.def Info: figures/unbalanced-mass-relaxation--tau-large.pdf  use
d on input line 67.
(pdftex.def)             Requested size: 134.86743pt x 124.09319pt.
[169

 <./figures/unbalanced-mass-relaxation--tau-small.pdf> <./figures/unbalanced-ma
ss-relaxation--tau-medium.pdf> <./figures/unbalanced-mass-relaxation--tau-large
.pdf>]
<figures/unbalanced-divergence-choice--kl.pdf, id=4669, 149.3279pt x 137.27687p
t>
File: figures/unbalanced-divergence-choice--kl.pdf Graphic file (type pdf)
<use figures/unbalanced-divergence-choice--kl.pdf>
Package pdftex.def Info: figures/unbalanced-divergence-choice--kl.pdf  used on 
input line 99.
(pdftex.def)             Requested size: 134.86743pt x 123.9942pt.
<figures/unbalanced-divergence-choice--burg.pdf, id=4670, 149.3279pt x 137.2768
7pt>
File: figures/unbalanced-divergence-choice--burg.pdf Graphic file (type pdf)
<use figures/unbalanced-divergence-choice--burg.pdf>
Package pdftex.def Info: figures/unbalanced-divergence-choice--burg.pdf  used o
n input line 100.
(pdftex.def)             Requested size: 134.86743pt x 123.9942pt.
<figures/unbalanced-divergence-choice--tv.pdf, id=4671, 149.3279pt x 137.27687p
t>
File: figures/unbalanced-divergence-choice--tv.pdf Graphic file (type pdf)
<use figures/unbalanced-divergence-choice--tv.pdf>
Package pdftex.def Info: figures/unbalanced-divergence-choice--tv.pdf  used on 
input line 101.
(pdftex.def)             Requested size: 134.86743pt x 123.9942pt.
 [170 <./figures/unbalanced-divergence-choice--kl.pdf> <./figures/unbalanced-di
vergence-choice--burg.pdf> <./figures/unbalanced-divergence-choice--tv.pdf>] [1
71] [172] [173] [174]
Package mdframed Info: mdframed works in twoside mode on input line 642.
Package mdframed Info: mdframed detected package amsthm 
 changed the theorem header of amsthm
(mdframed)              on input line 642.
 [175] [176]
<figures/partial-ot-active-mass--mass-090.pdf, id=4743, 136.98778pt x 123.87077
pt>
File: figures/partial-ot-active-mass--mass-090.pdf Graphic file (type pdf)
<use figures/partial-ot-active-mass--mass-090.pdf>
Package pdftex.def Info: figures/partial-ot-active-mass--mass-090.pdf  used on 
input line 763.
(pdftex.def)             Requested size: 107.89531pt x 97.56573pt.
<figures/partial-ot-active-mass--mass-065.pdf, id=4744, 136.98778pt x 123.87077
pt>
File: figures/partial-ot-active-mass--mass-065.pdf Graphic file (type pdf)
<use figures/partial-ot-active-mass--mass-065.pdf>
Package pdftex.def Info: figures/partial-ot-active-mass--mass-065.pdf  used on 
input line 764.
(pdftex.def)             Requested size: 107.89531pt x 97.56573pt.
<figures/partial-ot-active-mass--mass-042.pdf, id=4745, 136.98778pt x 123.87077
pt>
File: figures/partial-ot-active-mass--mass-042.pdf Graphic file (type pdf)
<use figures/partial-ot-active-mass--mass-042.pdf>
Package pdftex.def Info: figures/partial-ot-active-mass--mass-042.pdf  used on 
input line 765.
(pdftex.def)             Requested size: 107.89531pt x 97.56573pt.
<figures/partial-ot-active-mass--mass-022.pdf, id=4746, 136.98778pt x 123.87077
pt>
File: figures/partial-ot-active-mass--mass-022.pdf Graphic file (type pdf)
<use figures/partial-ot-active-mass--mass-022.pdf>
Package pdftex.def Info: figures/partial-ot-active-mass--mass-022.pdf  used on 
input line 766.
(pdftex.def)             Requested size: 107.89531pt x 97.56573pt.
<figures/partial-ot-shape-active-mass--mass-82.pdf, id=4748, 145.42531pt x 73.1
4569pt>
File: figures/partial-ot-shape-active-mass--mass-82.pdf Graphic file (type pdf)

<use figures/partial-ot-shape-active-mass--mass-82.pdf>
Package pdftex.def Info: figures/partial-ot-shape-active-mass--mass-82.pdf  use
d on input line 785.
(pdftex.def)             Requested size: 107.89531pt x 54.26982pt.
<figures/partial-ot-shape-active-mass--mass-58.pdf, id=4749, 145.42531pt x 73.1
4569pt>
File: figures/partial-ot-shape-active-mass--mass-58.pdf Graphic file (type pdf)

<use figures/partial-ot-shape-active-mass--mass-58.pdf>
Package pdftex.def Info: figures/partial-ot-shape-active-mass--mass-58.pdf  use
d on input line 786.
(pdftex.def)             Requested size: 107.89531pt x 54.26982pt.
<figures/partial-ot-shape-active-mass--mass-36.pdf, id=4750, 145.42531pt x 73.1
4569pt>
File: figures/partial-ot-shape-active-mass--mass-36.pdf Graphic file (type pdf)

<use figures/partial-ot-shape-active-mass--mass-36.pdf>
Package pdftex.def Info: figures/partial-ot-shape-active-mass--mass-36.pdf  use
d on input line 787.
(pdftex.def)             Requested size: 107.89531pt x 54.26982pt.
<figures/partial-ot-shape-active-mass--mass-18.pdf, id=4751, 145.42531pt x 73.1
4569pt>
File: figures/partial-ot-shape-active-mass--mass-18.pdf Graphic file (type pdf)

<use figures/partial-ot-shape-active-mass--mass-18.pdf>
Package pdftex.def Info: figures/partial-ot-shape-active-mass--mass-18.pdf  use
d on input line 788.
(pdftex.def)             Requested size: 107.89531pt x 54.26982pt.
 [177 <./figures/partial-ot-active-mass--mass-090.pdf> <./figures/partial-ot-ac
tive-mass--mass-065.pdf> <./figures/partial-ot-active-mass--mass-042.pdf> <./fi
gures/partial-ot-active-mass--mass-022.pdf>]
Package mdframed Info: mdframed works in twoside mode on input line 818.
Package mdframed Info: mdframed detected package amsthm 
 changed the theorem header of amsthm
(mdframed)              on input line 818.
Package mdframed Info: mdframed works in twoside mode on input line 864.
Package mdframed Info: mdframed detected package amsthm 
 changed the theorem header of amsthm
(mdframed)              on input line 864.
 [178 <./figures/partial-ot-shape-active-mass--mass-82.pdf> <./figures/partial-
ot-shape-active-mass--mass-58.pdf> <./figures/partial-ot-shape-active-mass--mas
s-36.pdf> <./figures/partial-ot-shape-active-mass--mass-18.pdf>]
<figures/sliced-wasserstein-projections--density-alpha.pdf, id=4807, 121.73158p
t x 121.73158pt>
File: figures/sliced-wasserstein-projections--density-alpha.pdf Graphic file (t
ype pdf)
<use figures/sliced-wasserstein-projections--density-alpha.pdf>
Package pdftex.def Info: figures/sliced-wasserstein-projections--density-alpha.
pdf  used on input line 884.
(pdftex.def)             Requested size: 103.39539pt x 103.39801pt.
<figures/sliced-wasserstein-projections--hist-alpha.pdf, id=4808, 93.37285pt x 
121.73158pt>
File: figures/sliced-wasserstein-projections--hist-alpha.pdf Graphic file (type
 pdf)
<use figures/sliced-wasserstein-projections--hist-alpha.pdf>
Package pdftex.def Info: figures/sliced-wasserstein-projections--hist-alpha.pdf
  used on input line 885.
(pdftex.def)             Requested size: 76.42328pt x 99.63849pt.
<figures/sliced-wasserstein-projections--hist-beta.pdf, id=4809, 93.37285pt x 1
21.73158pt>
File: figures/sliced-wasserstein-projections--hist-beta.pdf Graphic file (type 
pdf)
<use figures/sliced-wasserstein-projections--hist-beta.pdf>
Package pdftex.def Info: figures/sliced-wasserstein-projections--hist-beta.pdf 
 used on input line 886.
(pdftex.def)             Requested size: 76.42328pt x 99.63849pt.
<figures/sliced-wasserstein-projections--density-beta.pdf, id=4810, 121.73158pt
 x 121.73158pt>
File: figures/sliced-wasserstein-projections--density-beta.pdf Graphic file (ty
pe pdf)
<use figures/sliced-wasserstein-projections--density-beta.pdf>
Package pdftex.def Info: figures/sliced-wasserstein-projections--density-beta.p
df  used on input line 887.
(pdftex.def)             Requested size: 103.39539pt x 103.39801pt.

[179 <./figures/sliced-wasserstein-projections--density-alpha.pdf> <./figures/s
liced-wasserstein-projections--hist-alpha.pdf> <./figures/sliced-wasserstein-pr
ojections--hist-beta.pdf> <./figures/sliced-wasserstein-projections--density-be
ta.pdf>] [180] [181]
Package mdframed Info: mdframed works in twoside mode on input line 1133.
Package mdframed Info: mdframed detected package amsthm 
 changed the theorem header of amsthm
(mdframed)              on input line 1133.
Package mdframed Info: mdframed works in twoside mode on input line 1152.
Package mdframed Info: mdframed detected package amsthm 
 changed the theorem header of amsthm
(mdframed)              on input line 1152.
 [182]
Package mdframed Info: mdframed works in twoside mode on input line 1253.
Package mdframed Info: mdframed detected package amsthm 
 changed the theorem header of amsthm
(mdframed)              on input line 1253.
<figures/min-sliced-transport-plan--direction.pdf, id=4860, 136.77097pt x 92.80
586pt>
File: figures/min-sliced-transport-plan--direction.pdf Graphic file (type pdf)
<use figures/min-sliced-transport-plan--direction.pdf>
Package pdftex.def Info: figures/min-sliced-transport-plan--direction.pdf  used
 on input line 1273.
(pdftex.def)             Requested size: 134.86743pt x 91.51695pt.
<figures/min-sliced-transport-plan--lifted-plan.pdf, id=4861, 136.77097pt x 92.
80586pt>
File: figures/min-sliced-transport-plan--lifted-plan.pdf Graphic file (type pdf
)
<use figures/min-sliced-transport-plan--lifted-plan.pdf>
Package pdftex.def Info: figures/min-sliced-transport-plan--lifted-plan.pdf  us
ed on input line 1275.
(pdftex.def)             Requested size: 134.86743pt x 91.51695pt.
<figures/min-sliced-transport-plan--w2-plan.pdf, id=4862, 136.77097pt x 92.8058
6pt>
File: figures/min-sliced-transport-plan--w2-plan.pdf Graphic file (type pdf)
<use figures/min-sliced-transport-plan--w2-plan.pdf>
Package pdftex.def Info: figures/min-sliced-transport-plan--w2-plan.pdf  used o
n input line 1277.
(pdftex.def)             Requested size: 134.86743pt x 91.51695pt.
 [183]
Package mdframed Info: mdframed works in twoside mode on input line 1297.
Package mdframed Info: mdframed detected package amsthm 
 changed the theorem header of amsthm
(mdframed)              on input line 1297.
 [184 <./figures/min-sliced-transport-plan--direction.pdf> <./figures/min-slice
d-transport-plan--lifted-plan.pdf> <./figures/min-sliced-transport-plan--w2-pla
n.pdf>] [185]
Package mdframed Info: mdframed works in twoside mode on input line 1439.
Package mdframed Info: mdframed detected package amsthm 
 changed the theorem header of amsthm
(mdframed)              on input line 1439.
<figures/wasserstein-procrustes-rigid-motion--iter-01.pdf, id=4908, 98.50401pt 
x 66.99103pt>
File: figures/wasserstein-procrustes-rigid-motion--iter-01.pdf Graphic file (ty
pe pdf)
<use figures/wasserstein-procrustes-rigid-motion--iter-01.pdf>
Package pdftex.def Info: figures/wasserstein-procrustes-rigid-motion--iter-01.p
df  used on input line 1468.
(pdftex.def)             Requested size: 85.41626pt x 58.09158pt.
<figures/wasserstein-procrustes-rigid-motion--iter-02.pdf, id=4909, 98.50401pt 
x 72.05606pt>
File: figures/wasserstein-procrustes-rigid-motion--iter-02.pdf Graphic file (ty
pe pdf)
<use figures/wasserstein-procrustes-rigid-motion--iter-02.pdf>
Package pdftex.def Info: figures/wasserstein-procrustes-rigid-motion--iter-02.p
df  used on input line 1469.
(pdftex.def)             Requested size: 85.41626pt x 62.48375pt.
<figures/wasserstein-procrustes-rigid-motion--iter-03.pdf, id=4910, 98.50401pt 
x 76.28844pt>
File: figures/wasserstein-procrustes-rigid-motion--iter-03.pdf Graphic file (ty
pe pdf)
<use figures/wasserstein-procrustes-rigid-motion--iter-03.pdf>
Package pdftex.def Info: figures/wasserstein-procrustes-rigid-motion--iter-03.p
df  used on input line 1470.
(pdftex.def)             Requested size: 85.41626pt x 66.15387pt.
<figures/wasserstein-procrustes-rigid-motion--iter-05.pdf, id=4911, 98.50401pt 
x 82.16624pt>
File: figures/wasserstein-procrustes-rigid-motion--iter-05.pdf Graphic file (ty
pe pdf)
<use figures/wasserstein-procrustes-rigid-motion--iter-05.pdf>
Package pdftex.def Info: figures/wasserstein-procrustes-rigid-motion--iter-05.p
df  used on input line 1471.
(pdftex.def)             Requested size: 85.41626pt x 71.25084pt.
<figures/wasserstein-procrustes-rigid-motion--iter-10.pdf, id=4912, 98.50401pt 
x 86.08235pt>
File: figures/wasserstein-procrustes-rigid-motion--iter-10.pdf Graphic file (ty
pe pdf)
<use figures/wasserstein-procrustes-rigid-motion--iter-10.pdf>
Package pdftex.def Info: figures/wasserstein-procrustes-rigid-motion--iter-10.p
df  used on input line 1472.
(pdftex.def)             Requested size: 85.41626pt x 74.64671pt.
 [186 <./figures/wasserstein-procrustes-rigid-motion--iter-01.pdf> <./figures/w
asserstein-procrustes-rigid-motion--iter-02.pdf> <./figures/wasserstein-procrus
tes-rigid-motion--iter-03.pdf> <./figures/wasserstein-procrustes-rigid-motion--
iter-05.pdf> <./figures/wasserstein-procrustes-rigid-motion--iter-10.pdf>] [187
]
<figures/linear-ot-1d-pca--dataset.pdf, id=4954, 185.94469pt x 105.22993pt>
File: figures/linear-ot-1d-pca--dataset.pdf Graphic file (type pdf)
<use figures/linear-ot-1d-pca--dataset.pdf>
Package pdftex.def Info: figures/linear-ot-1d-pca--dataset.pdf  used on input l
ine 1578.
(pdftex.def)             Requested size: 211.29071pt x 119.57799pt.
<figures/linear-ot-1d-pca--mode-1.pdf, id=4955, 185.94469pt x 105.22993pt>
File: figures/linear-ot-1d-pca--mode-1.pdf Graphic file (type pdf)
<use figures/linear-ot-1d-pca--mode-1.pdf>
Package pdftex.def Info: figures/linear-ot-1d-pca--mode-1.pdf  used on input li
ne 1579.
(pdftex.def)             Requested size: 211.29071pt x 119.57799pt.
<figures/linear-ot-1d-pca--mode-2.pdf, id=4956, 185.94469pt x 105.22993pt>
File: figures/linear-ot-1d-pca--mode-2.pdf Graphic file (type pdf)
<use figures/linear-ot-1d-pca--mode-2.pdf>
Package pdftex.def Info: figures/linear-ot-1d-pca--mode-2.pdf  used on input li
ne 1583.
(pdftex.def)             Requested size: 211.29071pt x 119.57799pt.
<figures/linear-ot-1d-pca--mode-3.pdf, id=4957, 185.94469pt x 105.22993pt>
File: figures/linear-ot-1d-pca--mode-3.pdf Graphic file (type pdf)
<use figures/linear-ot-1d-pca--mode-3.pdf>
Package pdftex.def Info: figures/linear-ot-1d-pca--mode-3.pdf  used on input li
ne 1584.
(pdftex.def)             Requested size: 211.29071pt x 119.57799pt.
<figures/linear-ot-mnist-pca--barycenter.pdf, id=4959, 59.8757pt x 59.8757pt>
File: figures/linear-ot-mnist-pca--barycenter.pdf Graphic file (type pdf)
<use figures/linear-ot-mnist-pca--barycenter.pdf>
Package pdftex.def Info: figures/linear-ot-mnist-pca--barycenter.pdf  used on i
nput line 1604.
(pdftex.def)             Requested size: 71.9302pt x 71.92995pt.
<figures/linear-ot-mnist-pca--mode-1.pdf, id=4960, 189.13058pt x 63.18394pt>
File: figures/linear-ot-mnist-pca--mode-1.pdf Graphic file (type pdf)
<use figures/linear-ot-mnist-pca--mode-1.pdf>
Package pdftex.def Info: figures/linear-ot-mnist-pca--mode-1.pdf  used on input
 line 1610.
(pdftex.def)             Requested size: 175.3256pt x 58.57341pt.
<figures/linear-ot-mnist-pca--mode-2.pdf, id=4961, 189.13058pt x 63.18394pt>
File: figures/linear-ot-mnist-pca--mode-2.pdf Graphic file (type pdf)
<use figures/linear-ot-mnist-pca--mode-2.pdf>
Package pdftex.def Info: figures/linear-ot-mnist-pca--mode-2.pdf  used on input
 line 1611.
(pdftex.def)             Requested size: 175.3256pt x 58.57341pt.
<figures/linear-ot-mnist-pca--mode-3.pdf, id=4962, 189.13058pt x 63.18394pt>
File: figures/linear-ot-mnist-pca--mode-3.pdf Graphic file (type pdf)
<use figures/linear-ot-mnist-pca--mode-3.pdf>
Package pdftex.def Info: figures/linear-ot-mnist-pca--mode-3.pdf  used on input
 line 1615.
(pdftex.def)             Requested size: 175.3256pt x 58.57341pt.
<figures/linear-ot-mnist-pca--mode-4.pdf, id=4963, 189.13058pt x 63.18394pt>
File: figures/linear-ot-mnist-pca--mode-4.pdf Graphic file (type pdf)
<use figures/linear-ot-mnist-pca--mode-4.pdf>
Package pdftex.def Info: figures/linear-ot-mnist-pca--mode-4.pdf  used on input
 line 1616.
(pdftex.def)             Requested size: 175.3256pt x 58.57341pt.
<figures/dualnorms-linear-ot-embedding--displacements-1d.pdf, id=4966, 174.7428
3pt x 113.02065pt>
File: figures/dualnorms-linear-ot-embedding--displacements-1d.pdf Graphic file 
(type pdf)
<use figures/dualnorms-linear-ot-embedding--displacements-1d.pdf>
Package pdftex.def Info: figures/dualnorms-linear-ot-embedding--displacements-1
d.pdf  used on input line 1641.
(pdftex.def)             Requested size: 202.29771pt x 130.84706pt.
<figures/dualnorms-linear-ot-embedding--barycenter-1d.pdf, id=4967, 174.74283pt
 x 113.02065pt>
File: figures/dualnorms-linear-ot-embedding--barycenter-1d.pdf Graphic file (ty
pe pdf)
<use figures/dualnorms-linear-ot-embedding--barycenter-1d.pdf>
Package pdftex.def Info: figures/dualnorms-linear-ot-embedding--barycenter-1d.p
df  used on input line 1642.
(pdftex.def)             Requested size: 202.29771pt x 130.84706pt.
<figures/dualnorms-linear-ot-embedding--targets-2d.pdf, id=4968, 157.40405pt x 
101.20065pt>
File: figures/dualnorms-linear-ot-embedding--targets-2d.pdf Graphic file (type 
pdf)
<use figures/dualnorms-linear-ot-embedding--targets-2d.pdf>
Package pdftex.def Info: figures/dualnorms-linear-ot-embedding--targets-2d.pdf 
 used on input line 1648.
(pdftex.def)             Requested size: 134.86743pt x 86.71738pt.
<figures/dualnorms-linear-ot-embedding--barycenter-2d.pdf, id=4969, 157.40405pt
 x 101.20065pt>
File: figures/dualnorms-linear-ot-embedding--barycenter-2d.pdf Graphic file (ty
pe pdf)
<use figures/dualnorms-linear-ot-embedding--barycenter-2d.pdf>
Package pdftex.def Info: figures/dualnorms-linear-ot-embedding--barycenter-2d.p
df  used on input line 1650.
(pdftex.def)             Requested size: 134.86743pt x 86.71738pt.
<figures/dualnorms-linear-ot-embedding--barycenter-2d-ot.pdf, id=4970, 157.4040
5pt x 101.20065pt>
File: figures/dualnorms-linear-ot-embedding--barycenter-2d-ot.pdf Graphic file 
(type pdf)
<use figures/dualnorms-linear-ot-embedding--barycenter-2d-ot.pdf>
Package pdftex.def Info: figures/dualnorms-linear-ot-embedding--barycenter-2d-o
t.pdf  used on input line 1651.
(pdftex.def)             Requested size: 134.86743pt x 86.71738pt.
 [188 <./figures/linear-ot-1d-pca--dataset.pdf> <./figures/linear-ot-1d-pca--mo
de-1.pdf> <./figures/linear-ot-1d-pca--mode-2.pdf> <./figures/linear-ot-1d-pca-
-mode-3.pdf>] [189 <./figures/linear-ot-mnist-pca--barycenter.pdf> <./figures/l
inear-ot-mnist-pca--mode-1.pdf> <./figures/linear-ot-mnist-pca--mode-2.pdf> <./
figures/linear-ot-mnist-pca--mode-3.pdf> <./figures/linear-ot-mnist-pca--mode-4
.pdf> <./figures/dualnorms-linear-ot-embedding--displacements-1d.pdf> <./figure
s/dualnorms-linear-ot-embedding--barycenter-1d.pdf> <./figures/dualnorms-linear
-ot-embedding--targets-2d.pdf> <./figures/dualnorms-linear-ot-embedding--baryce
nter-2d.pdf> <./figures/dualnorms-linear-ot-embedding--barycenter-2d-ot.pdf>]
Package mdframed Info: mdframed works in twoside mode on input line 1700.
Package mdframed Info: mdframed detected package amsthm 
 changed the theorem header of amsthm
(mdframed)              on input line 1700.
Package mdframed Info: mdframed works in twoside mode on input line 1714.
Package mdframed Info: mdframed detected package amsthm 
 changed the theorem header of amsthm
(mdframed)              on input line 1714.
 [190]
Package mdframed Info: mdframed works in twoside mode on input line 1821.
Package mdframed Info: mdframed detected package amsthm 
 changed the theorem header of amsthm
(mdframed)              on input line 1821.
<figures/spectral-wasserstein-gauge--trace-coupling.pdf, id=5064, 141.55887pt x
 65.3109pt>
File: figures/spectral-wasserstein-gauge--trace-coupling.pdf Graphic file (type
 pdf)
<use figures/spectral-wasserstein-gauge--trace-coupling.pdf>
Package pdftex.def Info: figures/spectral-wasserstein-gauge--trace-coupling.pdf
  used on input line 1881.
(pdftex.def)             Requested size: 152.84656pt x 70.52373pt.
<figures/spectral-wasserstein-gauge--lambda-max-coupling.pdf, id=5065, 141.5588
7pt x 65.3109pt>
File: figures/spectral-wasserstein-gauge--lambda-max-coupling.pdf Graphic file 
(type pdf)
<use figures/spectral-wasserstein-gauge--lambda-max-coupling.pdf>
Package pdftex.def Info: figures/spectral-wasserstein-gauge--lambda-max-couplin
g.pdf  used on input line 1882.
(pdftex.def)             Requested size: 152.84656pt x 70.52373pt.
<figures/spectral-wasserstein-gauge--trace-density-t000.pdf, id=5066, 84.3391pt
 x 84.3391pt>
File: figures/spectral-wasserstein-gauge--trace-density-t000.pdf Graphic file (
type pdf)
<use figures/spectral-wasserstein-gauge--trace-density-t000.pdf>
Package pdftex.def Info: figures/spectral-wasserstein-gauge--trace-density-t000
.pdf  used on input line 1889.
(pdftex.def)             Requested size: 76.42328pt x 76.42566pt.
<figures/spectral-wasserstein-gauge--trace-density-t025.pdf, id=5067, 84.3391pt
 x 84.3391pt>
File: figures/spectral-wasserstein-gauge--trace-density-t025.pdf Graphic file (
type pdf)
<use figures/spectral-wasserstein-gauge--trace-density-t025.pdf>
Package pdftex.def Info: figures/spectral-wasserstein-gauge--trace-density-t025
.pdf  used on input line 1890.
(pdftex.def)             Requested size: 76.42328pt x 76.42566pt.
<figures/spectral-wasserstein-gauge--trace-density-t050.pdf, id=5068, 84.3391pt
 x 84.3391pt>
File: figures/spectral-wasserstein-gauge--trace-density-t050.pdf Graphic file (
type pdf)
<use figures/spectral-wasserstein-gauge--trace-density-t050.pdf>
Package pdftex.def Info: figures/spectral-wasserstein-gauge--trace-density-t050
.pdf  used on input line 1891.
(pdftex.def)             Requested size: 76.42328pt x 76.42566pt.
<figures/spectral-wasserstein-gauge--trace-density-t075.pdf, id=5069, 84.3391pt
 x 84.3391pt>
File: figures/spectral-wasserstein-gauge--trace-density-t075.pdf Graphic file (
type pdf)
<use figures/spectral-wasserstein-gauge--trace-density-t075.pdf>
Package pdftex.def Info: figures/spectral-wasserstein-gauge--trace-density-t075
.pdf  used on input line 1892.
(pdftex.def)             Requested size: 76.42328pt x 76.42566pt.
<figures/spectral-wasserstein-gauge--trace-density-t100.pdf, id=5070, 84.3391pt
 x 84.3391pt>
File: figures/spectral-wasserstein-gauge--trace-density-t100.pdf Graphic file (
type pdf)
<use figures/spectral-wasserstein-gauge--trace-density-t100.pdf>
Package pdftex.def Info: figures/spectral-wasserstein-gauge--trace-density-t100
.pdf  used on input line 1893.
(pdftex.def)             Requested size: 76.42328pt x 76.42566pt.
<figures/spectral-wasserstein-gauge--lambda-max-density-t000.pdf, id=5071, 84.3
391pt x 84.3391pt>
File: figures/spectral-wasserstein-gauge--lambda-max-density-t000.pdf Graphic f
ile (type pdf)
<use figures/spectral-wasserstein-gauge--lambda-max-density-t000.pdf>
Package pdftex.def Info: figures/spectral-wasserstein-gauge--lambda-max-density
-t000.pdf  used on input line 1896.
(pdftex.def)             Requested size: 76.42328pt x 76.42566pt.
<figures/spectral-wasserstein-gauge--lambda-max-density-t025.pdf, id=5072, 84.3
391pt x 84.3391pt>
File: figures/spectral-wasserstein-gauge--lambda-max-density-t025.pdf Graphic f
ile (type pdf)
<use figures/spectral-wasserstein-gauge--lambda-max-density-t025.pdf>
Package pdftex.def Info: figures/spectral-wasserstein-gauge--lambda-max-density
-t025.pdf  used on input line 1897.
(pdftex.def)             Requested size: 76.42328pt x 76.42566pt.
<figures/spectral-wasserstein-gauge--lambda-max-density-t050.pdf, id=5073, 84.3
391pt x 84.3391pt>
File: figures/spectral-wasserstein-gauge--lambda-max-density-t050.pdf Graphic f
ile (type pdf)
<use figures/spectral-wasserstein-gauge--lambda-max-density-t050.pdf>
Package pdftex.def Info: figures/spectral-wasserstein-gauge--lambda-max-density
-t050.pdf  used on input line 1898.
(pdftex.def)             Requested size: 76.42328pt x 76.42566pt.
<figures/spectral-wasserstein-gauge--lambda-max-density-t075.pdf, id=5074, 84.3
391pt x 84.3391pt>
File: figures/spectral-wasserstein-gauge--lambda-max-density-t075.pdf Graphic f
ile (type pdf)
<use figures/spectral-wasserstein-gauge--lambda-max-density-t075.pdf>
Package pdftex.def Info: figures/spectral-wasserstein-gauge--lambda-max-density
-t075.pdf  used on input line 1899.
(pdftex.def)             Requested size: 76.42328pt x 76.42566pt.
<figures/spectral-wasserstein-gauge--lambda-max-density-t100.pdf, id=5075, 84.3
391pt x 84.3391pt>
File: figures/spectral-wasserstein-gauge--lambda-max-density-t100.pdf Graphic f
ile (type pdf)
<use figures/spectral-wasserstein-gauge--lambda-max-density-t100.pdf>
Package pdftex.def Info: figures/spectral-wasserstein-gauge--lambda-max-density
-t100.pdf  used on input line 1900.
(pdftex.def)             Requested size: 76.42328pt x 76.42566pt.
 [191]
Package mdframed Info: mdframed works in twoside mode on input line 1927.
Package mdframed Info: mdframed detected package amsthm 
 changed the theorem header of amsthm
(mdframed)              on input line 1927.
 [192 <./figures/spectral-wasserstein-gauge--trace-coupling.pdf> <./figures/spe
ctral-wasserstein-gauge--lambda-max-coupling.pdf> <./figures/spectral-wasserste
in-gauge--trace-density-t000.pdf> <./figures/spectral-wasserstein-gauge--trace-
density-t025.pdf> <./figures/spectral-wasserstein-gauge--trace-density-t050.pdf
> <./figures/spectral-wasserstein-gauge--trace-density-t075.pdf> <./figures/spe
ctral-wasserstein-gauge--trace-density-t100.pdf> <./figures/spectral-wasserstei
n-gauge--lambda-max-density-t000.pdf> <./figures/spectral-wasserstein-gauge--la
mbda-max-density-t025.pdf> <./figures/spectral-wasserstein-gauge--lambda-max-de
nsity-t050.pdf> <./figures/spectral-wasserstein-gauge--lambda-max-density-t075.
pdf> <./figures/spectral-wasserstein-gauge--lambda-max-density-t100.pdf>]
Package mdframed Info: Not enough space on this page on input line 1955.
Package mdframed Info: mdframed works in twoside mode on input line 1963.
Package mdframed Info: mdframed detected package amsthm 
 changed the theorem header of amsthm
(mdframed)              on input line 1963.
 [193])
(./sections/generalized-ot-problems.tex [194]
Chapter 10.
[195

]
<figures/barycenters-four-shapes--quantile-grid.pdf, id=5178, 176.8447pt x 176.
8447pt>
File: figures/barycenters-four-shapes--quantile-grid.pdf Graphic file (type pdf
)
<use figures/barycenters-four-shapes--quantile-grid.pdf>
Package pdftex.def Info: figures/barycenters-four-shapes--quantile-grid.pdf  us
ed on input line 80.
(pdftex.def)             Requested size: 188.81166pt x 188.81178pt.
<figures/barycenters-four-shapes--shape-grid.pdf, id=5179, 176.8447pt x 176.844
7pt>
File: figures/barycenters-four-shapes--shape-grid.pdf Graphic file (type pdf)
<use figures/barycenters-four-shapes--shape-grid.pdf>
Package pdftex.def Info: figures/barycenters-four-shapes--shape-grid.pdf  used 
on input line 81.
(pdftex.def)             Requested size: 188.81166pt x 188.81178pt.
 [196 <./figures/barycenters-four-shapes--quantile-grid.pdf> <./figures/barycen
ters-four-shapes--shape-grid.pdf>] [197]
Package mdframed Info: mdframed works in twoside mode on input line 205.
Package mdframed Info: mdframed detected package amsthm 
 changed the theorem header of amsthm
(mdframed)              on input line 205.
Package mdframed Info: mdframed works in twoside mode on input line 211.
Package mdframed Info: mdframed detected package amsthm 
 changed the theorem header of amsthm
(mdframed)              on input line 211.
<figures/barycenters-gaussian-covariances--moderate-grid.pdf, id=5207, 165.7151
pt x 165.7151pt>
File: figures/barycenters-gaussian-covariances--moderate-grid.pdf Graphic file 
(type pdf)
<use figures/barycenters-gaussian-covariances--moderate-grid.pdf>
Package pdftex.def Info: figures/barycenters-gaussian-covariances--moderate-gri
d.pdf  used on input line 222.
(pdftex.def)             Requested size: 157.34648pt x 157.3551pt.
<figures/barycenters-gaussian-covariances--anisotropic-grid.pdf, id=5208, 165.7
151pt x 165.7151pt>
File: figures/barycenters-gaussian-covariances--anisotropic-grid.pdf Graphic fi
le (type pdf)
<use figures/barycenters-gaussian-covariances--anisotropic-grid.pdf>
Package pdftex.def Info: figures/barycenters-gaussian-covariances--anisotropic-
grid.pdf  used on input line 223.
(pdftex.def)             Requested size: 157.34648pt x 157.3551pt.
 [198 <./figures/barycenters-gaussian-covariances--moderate-grid.pdf> <./figure
s/barycenters-gaussian-covariances--anisotropic-grid.pdf>]
Package mdframed Info: mdframed works in twoside mode on input line 304.
Package mdframed Info: mdframed detected package amsthm 
 changed the theorem header of amsthm
(mdframed)              on input line 304.
Package mdframed Info: mdframed works in twoside mode on input line 309.
Package mdframed Info: mdframed detected package amsthm 
 changed the theorem header of amsthm
(mdframed)              on input line 309.
Package mdframed Info: mdframed works in twoside mode on input line 316.
Package mdframed Info: mdframed detected package amsthm 
 changed the theorem header of amsthm
(mdframed)              on input line 316.
 [199] [200] [201]
Package mdframed Info: mdframed works in twoside mode on input line 550.
Package mdframed Info: mdframed detected package amsthm 
 changed the theorem header of amsthm
(mdframed)              on input line 550.
 [202] [203]
<figures/multimarginal-coulomb-sinkhorn--epsilon-small.pdf, id=5317, 165.62477p
t x 165.62477pt>
File: figures/multimarginal-coulomb-sinkhorn--epsilon-small.pdf Graphic file (t
ype pdf)
<use figures/multimarginal-coulomb-sinkhorn--epsilon-small.pdf>
Package pdftex.def Info: figures/multimarginal-coulomb-sinkhorn--epsilon-small.
pdf  used on input line 669.
(pdftex.def)             Requested size: 134.86743pt x 134.8781pt.
<figures/multimarginal-coulomb-sinkhorn--epsilon-medium.pdf, id=5318, 165.62477
pt x 165.62477pt>
File: figures/multimarginal-coulomb-sinkhorn--epsilon-medium.pdf Graphic file (
type pdf)
<use figures/multimarginal-coulomb-sinkhorn--epsilon-medium.pdf>
Package pdftex.def Info: figures/multimarginal-coulomb-sinkhorn--epsilon-medium
.pdf  used on input line 670.
(pdftex.def)             Requested size: 134.86743pt x 134.8781pt.
<figures/multimarginal-coulomb-sinkhorn--epsilon-large.pdf, id=5319, 165.62477p
t x 165.62477pt>
File: figures/multimarginal-coulomb-sinkhorn--epsilon-large.pdf Graphic file (t
ype pdf)
<use figures/multimarginal-coulomb-sinkhorn--epsilon-large.pdf>
Package pdftex.def Info: figures/multimarginal-coulomb-sinkhorn--epsilon-large.
pdf  used on input line 671.
(pdftex.def)             Requested size: 134.86743pt x 134.8781pt.
 [204 <./figures/multimarginal-coulomb-sinkhorn--epsilon-small.pdf> <./figures/
multimarginal-coulomb-sinkhorn--epsilon-medium.pdf> <./figures/multimarginal-co
ulomb-sinkhorn--epsilon-large.pdf>]
Package mdframed Info: mdframed works in twoside mode on input line 794.
Package mdframed Info: mdframed detected package amsthm 
 changed the theorem header of amsthm
(mdframed)              on input line 794.
Package mdframed Info: mdframed works in twoside mode on input line 797.
Package mdframed Info: mdframed detected package amsthm 
 changed the theorem header of amsthm
(mdframed)              on input line 797.
 [205]
Package mdframed Info: mdframed works in twoside mode on input line 823.
Package mdframed Info: mdframed detected package amsthm 
 changed the theorem header of amsthm
(mdframed)              on input line 823.
 [206]
Package mdframed Info: mdframed works in twoside mode on input line 911.
Package mdframed Info: mdframed detected package amsthm 
 changed the theorem header of amsthm
(mdframed)              on input line 911.
Package mdframed Info: mdframed works in twoside mode on input line 927.
Package mdframed Info: mdframed detected package amsthm 
 changed the theorem header of amsthm
(mdframed)              on input line 927.
<figures/low-rank-ot-factorization--factor-view-r4.pdf, id=5383, 246.87431pt x 
107.39322pt>
File: figures/low-rank-ot-factorization--factor-view-r4.pdf Graphic file (type 
pdf)
<use figures/low-rank-ot-factorization--factor-view-r4.pdf>
Package pdftex.def Info: figures/low-rank-ot-factorization--factor-view-r4.pdf 
 used on input line 941.
(pdftex.def)             Requested size: 179.81866pt x 78.2276pt.
<figures/low-rank-ot-factorization--full.pdf, id=5384, 114.62022pt x 107.39322p
t>
File: figures/low-rank-ot-factorization--full.pdf Graphic file (type pdf)
<use figures/low-rank-ot-factorization--full.pdf>
Package pdftex.def Info: figures/low-rank-ot-factorization--full.pdf  used on i
nput line 942.
(pdftex.def)             Requested size: 89.90933pt x 84.24158pt.
<figures/low-rank-ot-factorization--rank-2.pdf, id=5385, 114.62022pt x 107.3932
2pt>
File: figures/low-rank-ot-factorization--rank-2.pdf Graphic file (type pdf)
<use figures/low-rank-ot-factorization--rank-2.pdf>
Package pdftex.def Info: figures/low-rank-ot-factorization--rank-2.pdf  used on
 input line 943.
(pdftex.def)             Requested size: 89.90933pt x 84.24158pt.
<figures/low-rank-ot-factorization--rank-4.pdf, id=5386, 114.62022pt x 107.3932
2pt>
File: figures/low-rank-ot-factorization--rank-4.pdf Graphic file (type pdf)
<use figures/low-rank-ot-factorization--rank-4.pdf>
Package pdftex.def Info: figures/low-rank-ot-factorization--rank-4.pdf  used on
 input line 947.
(pdftex.def)             Requested size: 112.38838pt x 105.3036pt.
<figures/low-rank-ot-factorization--rank-8.pdf, id=5387, 114.62022pt x 107.3932
2pt>
File: figures/low-rank-ot-factorization--rank-8.pdf Graphic file (type pdf)
<use figures/low-rank-ot-factorization--rank-8.pdf>
Package pdftex.def Info: figures/low-rank-ot-factorization--rank-8.pdf  used on
 input line 948.
(pdftex.def)             Requested size: 112.38838pt x 105.3036pt.
<figures/low-rank-ot-factorization--rank-16.pdf, id=5388, 114.62022pt x 107.393
22pt>
File: figures/low-rank-ot-factorization--rank-16.pdf Graphic file (type pdf)
<use figures/low-rank-ot-factorization--rank-16.pdf>
Package pdftex.def Info: figures/low-rank-ot-factorization--rank-16.pdf  used o
n input line 949.
(pdftex.def)             Requested size: 112.38838pt x 105.3036pt.

Underfull \vbox (badness 4403) has occurred while \output is active []

 [207]
[208 <./figures/low-rank-ot-factorization--factor-view-r4.pdf> <./figures/low-r
ank-ot-factorization--full.pdf> <./figures/low-rank-ot-factorization--rank-2.pd
f> <./figures/low-rank-ot-factorization--rank-4.pdf> <./figures/low-rank-ot-fac
torization--rank-8.pdf> <./figures/low-rank-ot-factorization--rank-16.pdf>]
Package mdframed Info: mdframed works in twoside mode on input line 1060.
Package mdframed Info: mdframed detected package amsthm 
 changed the theorem header of amsthm
(mdframed)              on input line 1060.
<figures/capacity-constrained-ot-1d--large.pdf, id=5431, 135.23523pt x 134.3860
6pt>
File: figures/capacity-constrained-ot-1d--large.pdf Graphic file (type pdf)
<use figures/capacity-constrained-ot-1d--large.pdf>
Package pdftex.def Info: figures/capacity-constrained-ot-1d--large.pdf  used on
 input line 1090.
(pdftex.def)             Requested size: 130.36751pt x 129.54845pt.
<figures/capacity-constrained-ot-1d--medium.pdf, id=5432, 135.23523pt x 134.386
06pt>
File: figures/capacity-constrained-ot-1d--medium.pdf Graphic file (type pdf)
<use figures/capacity-constrained-ot-1d--medium.pdf>
Package pdftex.def Info: figures/capacity-constrained-ot-1d--medium.pdf  used o
n input line 1091.
(pdftex.def)             Requested size: 130.36751pt x 129.54845pt.
<figures/capacity-constrained-ot-1d--small.pdf, id=5433, 135.23523pt x 134.3860
6pt>
File: figures/capacity-constrained-ot-1d--small.pdf Graphic file (type pdf)
<use figures/capacity-constrained-ot-1d--small.pdf>
Package pdftex.def Info: figures/capacity-constrained-ot-1d--small.pdf  used on
 input line 1092.
(pdftex.def)             Requested size: 130.36751pt x 129.54845pt.
<figures/capacity-constrained-ot-2d--cap-1.pdf, id=5436, 151.08044pt x 151.0804
4pt>
File: figures/capacity-constrained-ot-2d--cap-1.pdf Graphic file (type pdf)
<use figures/capacity-constrained-ot-2d--cap-1.pdf>
Package pdftex.def Info: figures/capacity-constrained-ot-2d--cap-1.pdf  used on
 input line 1109.
(pdftex.def)             Requested size: 134.86743pt x 134.86688pt.
<figures/capacity-constrained-ot-2d--cap-3.pdf, id=5437, 151.08044pt x 151.0804
4pt>
File: figures/capacity-constrained-ot-2d--cap-3.pdf Graphic file (type pdf)
<use figures/capacity-constrained-ot-2d--cap-3.pdf>
Package pdftex.def Info: figures/capacity-constrained-ot-2d--cap-3.pdf  used on
 input line 1110.
(pdftex.def)             Requested size: 134.86743pt x 134.86688pt.
<figures/capacity-constrained-ot-2d--cap-5.pdf, id=5438, 151.08044pt x 151.0804
4pt>
File: figures/capacity-constrained-ot-2d--cap-5.pdf Graphic file (type pdf)
<use figures/capacity-constrained-ot-2d--cap-5.pdf>
Package pdftex.def Info: figures/capacity-constrained-ot-2d--cap-5.pdf  used on
 input line 1111.
(pdftex.def)             Requested size: 134.86743pt x 134.86688pt.

[209]
LaTeX Font Info:    Font shape `T1/zplTLF/b/n' will be
(Font)              scaled to size 12.0pt on input line 1138.
 [210 <./figures/capacity-constrained-ot-1d--large.pdf> <./figures/capacity-con
strained-ot-1d--medium.pdf> <./figures/capacity-constrained-ot-1d--small.pdf> <
./figures/capacity-constrained-ot-2d--cap-1.pdf> <./figures/capacity-constraine
d-ot-2d--cap-3.pdf> <./figures/capacity-constrained-ot-2d--cap-5.pdf>]
[211]
<figures/metric-learning-cost-deformation--euclidean.pdf, id=5489, 130.12213pt 
x 98.23692pt>
File: figures/metric-learning-cost-deformation--euclidean.pdf Graphic file (typ
e pdf)
<use figures/metric-learning-cost-deformation--euclidean.pdf>
Package pdftex.def Info: figures/metric-learning-cost-deformation--euclidean.pd
f  used on input line 1300.
(pdftex.def)             Requested size: 134.86743pt x 101.8282pt.
<figures/metric-learning-cost-deformation--moderate.pdf, id=5490, 130.12213pt x
 98.44804pt>
File: figures/metric-learning-cost-deformation--moderate.pdf Graphic file (type
 pdf)
<use figures/metric-learning-cost-deformation--moderate.pdf>
Package pdftex.def Info: figures/metric-learning-cost-deformation--moderate.pdf
  used on input line 1301.
(pdftex.def)             Requested size: 134.86743pt x 102.04704pt.
<figures/metric-learning-cost-deformation--strong.pdf, id=5491, 130.12213pt x 1
06.87387pt>
File: figures/metric-learning-cost-deformation--strong.pdf Graphic file (type p
df)
<use figures/metric-learning-cost-deformation--strong.pdf>
Package pdftex.def Info: figures/metric-learning-cost-deformation--strong.pdf  
used on input line 1302.
(pdftex.def)             Requested size: 134.86743pt x 110.7809pt.
 [212 <./figures/metric-learning-cost-deformation--euclidean.pdf> <./figures/me
tric-learning-cost-deformation--moderate.pdf> <./figures/metric-learning-cost-d
eformation--strong.pdf>] [213]
<figures/inverse-ot-bilinear-logo-map--horizontal.pdf, id=5520, 291.04936pt x 8
0.6373pt>
File: figures/inverse-ot-bilinear-logo-map--horizontal.pdf Graphic file (type p
df)
<use figures/inverse-ot-bilinear-logo-map--horizontal.pdf>
Package pdftex.def Info: figures/inverse-ot-bilinear-logo-map--horizontal.pdf  
used on input line 1384.
(pdftex.def)             Requested size: 215.78378pt x 59.78384pt.
<figures/inverse-ot-bilinear-logo-map--vertical.pdf, id=5521, 291.04936pt x 80.
6373pt>
File: figures/inverse-ot-bilinear-logo-map--vertical.pdf Graphic file (type pdf
)
<use figures/inverse-ot-bilinear-logo-map--vertical.pdf>
Package pdftex.def Info: figures/inverse-ot-bilinear-logo-map--vertical.pdf  us
ed on input line 1385.
(pdftex.def)             Requested size: 215.78378pt x 59.78384pt.
<figures/inverse-ot-bilinear-logo-map--w2.pdf, id=5522, 291.04936pt x 80.6373pt
>
File: figures/inverse-ot-bilinear-logo-map--w2.pdf Graphic file (type pdf)
<use figures/inverse-ot-bilinear-logo-map--w2.pdf>
Package pdftex.def Info: figures/inverse-ot-bilinear-logo-map--w2.pdf  used on 
input line 1390.
(pdftex.def)             Requested size: 215.78378pt x 59.78384pt.
<figures/inverse-ot-bilinear-logo-map--anti.pdf, id=5523, 291.04936pt x 80.6373
pt>
File: figures/inverse-ot-bilinear-logo-map--anti.pdf Graphic file (type pdf)
<use figures/inverse-ot-bilinear-logo-map--anti.pdf>
Package pdftex.def Info: figures/inverse-ot-bilinear-logo-map--anti.pdf  used o
n input line 1391.
(pdftex.def)             Requested size: 215.78378pt x 59.78384pt.
<figures/inverse-ot-gap-loss--observed-map-n10.pdf, id=5525, 152.03801pt x 119.
1328pt>
File: figures/inverse-ot-gap-loss--observed-map-n10.pdf Graphic file (type pdf)

<use figures/inverse-ot-gap-loss--observed-map-n10.pdf>
Package pdftex.def Info: figures/inverse-ot-gap-loss--observed-map-n10.pdf  use
d on input line 1425.
(pdftex.def)             Requested size: 157.34648pt x 123.2971pt.
<figures/inverse-ot-gap-loss--gap-loss-n10.pdf, id=5526, 190.91765pt x 158.8867
2pt>
File: figures/inverse-ot-gap-loss--gap-loss-n10.pdf Graphic file (type pdf)
<use figures/inverse-ot-gap-loss--gap-loss-n10.pdf>
Package pdftex.def Info: figures/inverse-ot-gap-loss--gap-loss-n10.pdf  used on
 input line 1426.
(pdftex.def)             Requested size: 130.36751pt x 108.49974pt.
<figures/inverse-ot-gap-loss--gap-loss-n100.pdf, id=5527, 190.91765pt x 158.886
72pt>
File: figures/inverse-ot-gap-loss--gap-loss-n100.pdf Graphic file (type pdf)
<use figures/inverse-ot-gap-loss--gap-loss-n100.pdf>
Package pdftex.def Info: figures/inverse-ot-gap-loss--gap-loss-n100.pdf  used o
n input line 1427.
(pdftex.def)             Requested size: 130.36751pt x 108.49974pt.
 [214 <./figures/inverse-ot-bilinear-logo-map--horizontal.pdf> <./figures/inver
se-ot-bilinear-logo-map--vertical.pdf> <./figures/inverse-ot-bilinear-logo-map-
-w2.pdf> <./figures/inverse-ot-bilinear-logo-map--anti.pdf>] [215 <./figures/in
verse-ot-gap-loss--observed-map-n10.pdf> <./figures/inverse-ot-gap-loss--gap-lo
ss-n10.pdf> <./figures/inverse-ot-gap-loss--gap-loss-n100.pdf>]
Package mdframed Info: mdframed works in twoside mode on input line 1526.
Package mdframed Info: mdframed detected package amsthm 
 changed the theorem header of amsthm
(mdframed)              on input line 1526.
 [216]
<figures/weak-ot-barycentric-projection--conditional-coupling.pdf, id=5651, 117
.87099pt x 119.1371pt>
File: figures/weak-ot-barycentric-projection--conditional-coupling.pdf Graphic 
file (type pdf)
<use figures/weak-ot-barycentric-projection--conditional-coupling.pdf>
Package pdftex.def Info: figures/weak-ot-barycentric-projection--conditional-co
upling.pdf  used on input line 1673.
(pdftex.def)             Requested size: 193.30473pt x 195.3988pt.
<figures/weak-ot-barycentric-projection--barycentric-projection.pdf, id=5652, 1
17.87099pt x 119.1371pt>
File: figures/weak-ot-barycentric-projection--barycentric-projection.pdf Graphi
c file (type pdf)
<use figures/weak-ot-barycentric-projection--barycentric-projection.pdf>
Package pdftex.def Info: figures/weak-ot-barycentric-projection--barycentric-pr
ojection.pdf  used on input line 1675.
(pdftex.def)             Requested size: 193.30473pt x 195.3988pt.
 [217]
Package mdframed Info: mdframed works in twoside mode on input line 1699.
Package mdframed Info: mdframed detected package amsthm 
 changed the theorem header of amsthm
(mdframed)              on input line 1699.
 [218 <./figures/weak-ot-barycentric-projection--conditional-coupling.pdf> <./f
igures/weak-ot-barycentric-projection--barycentric-projection.pdf>] [219]
<figures/martingale-ot-centered-kernels--marginals.pdf, id=5700, 124.99097pt x 
104.16998pt>
File: figures/martingale-ot-centered-kernels--marginals.pdf Graphic file (type 
pdf)
<use figures/martingale-ot-centered-kernels--marginals.pdf>
Package pdftex.def Info: figures/martingale-ot-centered-kernels--marginals.pdf 
 used on input line 1875.
(pdftex.def)             Requested size: 103.39539pt x 86.17494pt.
<figures/martingale-ot-centered-kernels--generated-coupling.pdf, id=5701, 124.9
9097pt x 104.16998pt>
File: figures/martingale-ot-centered-kernels--generated-coupling.pdf Graphic fi
le (type pdf)
<use figures/martingale-ot-centered-kernels--generated-coupling.pdf>
Package pdftex.def Info: figures/martingale-ot-centered-kernels--generated-coup
ling.pdf  used on input line 1876.
(pdftex.def)             Requested size: 103.39539pt x 86.17494pt.
<figures/martingale-ot-centered-kernels--optimal-coupling.pdf, id=5702, 125.713
67pt x 104.89268pt>
File: figures/martingale-ot-centered-kernels--optimal-coupling.pdf Graphic file
 (type pdf)
<use figures/martingale-ot-centered-kernels--optimal-coupling.pdf>
Package pdftex.def Info: figures/martingale-ot-centered-kernels--optimal-coupli
ng.pdf  used on input line 1877.
(pdftex.def)             Requested size: 103.39539pt x 86.27184pt.
<figures/martingale-ot-centered-kernels--conditionals.pdf, id=5703, 124.99097pt
 x 104.16998pt>
File: figures/martingale-ot-centered-kernels--conditionals.pdf Graphic file (ty
pe pdf)
<use figures/martingale-ot-centered-kernels--conditionals.pdf>
Package pdftex.def Info: figures/martingale-ot-centered-kernels--conditionals.p
df  used on input line 1878.
(pdftex.def)             Requested size: 103.39539pt x 86.17494pt.
) (./sections/beyond-comparing-measures.tex [220 <./figures/martingale-ot-cente
red-kernels--marginals.pdf> <./figures/martingale-ot-centered-kernels--generate
d-coupling.pdf> <./figures/martingale-ot-centered-kernels--optimal-coupling.pdf
> <./figures/martingale-ot-centered-kernels--conditionals.pdf>]
Chapter 11.
Package mdframed Info: mdframed works in twoside mode on input line 27.
Package mdframed Info: mdframed detected package amsthm 
 changed the theorem header of amsthm
(mdframed)              on input line 27.
[221

]
<figures/vector-valued-measure-geodesics--kappa-zero-arrows.pdf, id=5736, 261.3
5327pt x 219.49754pt>
File: figures/vector-valued-measure-geodesics--kappa-zero-arrows.pdf Graphic fi
le (type pdf)
<use figures/vector-valued-measure-geodesics--kappa-zero-arrows.pdf>
Package pdftex.def Info: figures/vector-valued-measure-geodesics--kappa-zero-ar
rows.pdf  used on input line 120.
(pdftex.def)             Requested size: 202.29771pt x 169.90453pt.
<figures/vector-valued-measure-geodesics--kappa-large-arrows.pdf, id=5737, 261.
35327pt x 219.49754pt>
File: figures/vector-valued-measure-geodesics--kappa-large-arrows.pdf Graphic f
ile (type pdf)
<use figures/vector-valued-measure-geodesics--kappa-large-arrows.pdf>
Package pdftex.def Info: figures/vector-valued-measure-geodesics--kappa-large-a
rrows.pdf  used on input line 121.
(pdftex.def)             Requested size: 202.29771pt x 169.90453pt.

Underfull \vbox (badness 3701) has occurred while \output is active []

 [222]
Package mdframed Info: mdframed works in twoside mode on input line 136.
Package mdframed Info: mdframed detected package amsthm 
 changed the theorem header of amsthm
(mdframed)              on input line 136.

[223 <./figures/vector-valued-measure-geodesics--kappa-zero-arrows.pdf> <./figu
res/vector-valued-measure-geodesics--kappa-large-arrows.pdf>]
<figures/matrix-valued-measure-geodesic--independent-ellipses.pdf, id=5798, 277
.9754pt x 188.42143pt>
File: figures/matrix-valued-measure-geodesic--independent-ellipses.pdf Graphic 
file (type pdf)
<use figures/matrix-valued-measure-geodesic--independent-ellipses.pdf>
Package pdftex.def Info: figures/matrix-valued-measure-geodesic--independent-el
lipses.pdf  used on input line 204.
(pdftex.def)             Requested size: 206.79765pt x 140.17719pt.
<figures/matrix-valued-measure-geodesic--coupled-ellipses.pdf, id=5799, 277.975
4pt x 188.42143pt>
File: figures/matrix-valued-measure-geodesic--coupled-ellipses.pdf Graphic file
 (type pdf)
<use figures/matrix-valued-measure-geodesic--coupled-ellipses.pdf>
Package pdftex.def Info: figures/matrix-valued-measure-geodesic--coupled-ellips
es.pdf  used on input line 205.
(pdftex.def)             Requested size: 206.79765pt x 140.17719pt.
 [224 <./figures/matrix-valued-measure-geodesic--independent-ellipses.pdf> <./f
igures/matrix-valued-measure-geodesic--coupled-ellipses.pdf>]
Package mdframed Info: mdframed works in twoside mode on input line 257.
Package mdframed Info: mdframed detected package amsthm 
 changed the theorem header of amsthm
(mdframed)              on input line 257.
 [225]
<figures/kantorovich-wow-mixtures--component-level.pdf, id=5857, 173.08665pt x 
105.22513pt>
File: figures/kantorovich-wow-mixtures--component-level.pdf Graphic file (type 
pdf)
<use figures/kantorovich-wow-mixtures--component-level.pdf>
Package pdftex.def Info: figures/kantorovich-wow-mixtures--component-level.pdf 
 used on input line 327.
(pdftex.def)             Requested size: 206.79765pt x 125.72359pt.
<figures/kantorovich-wow-mixtures--collapsed-w2.pdf, id=5858, 173.08665pt x 105
.22513pt>
File: figures/kantorovich-wow-mixtures--collapsed-w2.pdf Graphic file (type pdf
)
<use figures/kantorovich-wow-mixtures--collapsed-w2.pdf>
Package pdftex.def Info: figures/kantorovich-wow-mixtures--collapsed-w2.pdf  us
ed on input line 328.
(pdftex.def)             Requested size: 206.79765pt x 125.72359pt.
 [226 <./figures/kantorovich-wow-mixtures--component-level.pdf> <./figures/kant
orovich-wow-mixtures--collapsed-w2.pdf>]
<figures/gromov-isometry-matching--isometric.pdf, id=5873, 156.97044pt x 68.408
07pt>
File: figures/gromov-isometry-matching--isometric.pdf Graphic file (type pdf)
<use figures/gromov-isometry-matching--isometric.pdf>
Package pdftex.def Info: figures/gromov-isometry-matching--isometric.pdf  used 
on input line 441.
(pdftex.def)             Requested size: 134.86743pt x 58.7755pt.
<figures/gromov-isometry-matching--mild-deformation.pdf, id=5874, 156.97044pt x
 62.87947pt>
File: figures/gromov-isometry-matching--mild-deformation.pdf Graphic file (type
 pdf)
<use figures/gromov-isometry-matching--mild-deformation.pdf>
Package pdftex.def Info: figures/gromov-isometry-matching--mild-deformation.pdf
  used on input line 442.
(pdftex.def)             Requested size: 134.86743pt x 54.02538pt.
<figures/gromov-isometry-matching--strong-deformation.pdf, id=5875, 156.97044pt
 x 64.52248pt>
File: figures/gromov-isometry-matching--strong-deformation.pdf Graphic file (ty
pe pdf)
<use figures/gromov-isometry-matching--strong-deformation.pdf>
Package pdftex.def Info: figures/gromov-isometry-matching--strong-deformation.p
df  used on input line 443.
(pdftex.def)             Requested size: 134.86743pt x 55.43703pt.
 [227 <./figures/gromov-isometry-matching--isometric.pdf> <./figures/gromov-iso
metry-matching--mild-deformation.pdf> <./figures/gromov-isometry-matching--stro
ng-deformation.pdf>]
Package mdframed Info: mdframed works in twoside mode on input line 471.
Package mdframed Info: mdframed detected package amsthm 
 changed the theorem header of amsthm
(mdframed)              on input line 471.
Package mdframed Info: mdframed works in twoside mode on input line 520.
Package mdframed Info: mdframed detected package amsthm 
 changed the theorem header of amsthm
(mdframed)              on input line 520.
 [228] [229]
<figures/gromov-nonisometric-distortion--correspondence.pdf, id=5920, 156.97044
pt x 61.789pt>
File: figures/gromov-nonisometric-distortion--correspondence.pdf Graphic file (
type pdf)
<use figures/gromov-nonisometric-distortion--correspondence.pdf>
Package pdftex.def Info: figures/gromov-nonisometric-distortion--correspondence
.pdf  used on input line 704.
(pdftex.def)             Requested size: 193.30473pt x 76.09145pt.
<figures/gromov-nonisometric-distortion--distance-residual.pdf, id=5921, 102.00
911pt x 102.00911pt>
File: figures/gromov-nonisometric-distortion--distance-residual.pdf Graphic fil
e (type pdf)
<use figures/gromov-nonisometric-distortion--distance-residual.pdf>
Package pdftex.def Info: figures/gromov-nonisometric-distortion--distance-resid
ual.pdf  used on input line 705.
(pdftex.def)             Requested size: 103.39539pt x 103.3957pt.
 [230 <./figures/gromov-nonisometric-distortion--correspondence.pdf> <./figures
/gromov-nonisometric-distortion--distance-residual.pdf>] [231]
Package mdframed Info: mdframed works in twoside mode on input line 854.
Package mdframed Info: mdframed detected package amsthm 
 changed the theorem header of amsthm
(mdframed)              on input line 854.
Package mdframed Info: mdframed works in twoside mode on input line 861.
Package mdframed Info: mdframed detected package amsthm 
 changed the theorem header of amsthm
(mdframed)              on input line 861.
<figures/fused-gromov-feature-geometry--feature-ot.pdf, id=5956, 143.72696pt x 
87.87859pt>
File: figures/fused-gromov-feature-geometry--feature-ot.pdf Graphic file (type 
pdf)
<use figures/fused-gromov-feature-geometry--feature-ot.pdf>
Package pdftex.def Info: figures/fused-gromov-feature-geometry--feature-ot.pdf 
 used on input line 890.
(pdftex.def)             Requested size: 134.86743pt x 82.46507pt.
<figures/fused-gromov-feature-geometry--fused-gw.pdf, id=5957, 143.72696pt x 87
.87859pt>
File: figures/fused-gromov-feature-geometry--fused-gw.pdf Graphic file (type pd
f)
<use figures/fused-gromov-feature-geometry--fused-gw.pdf>
Package pdftex.def Info: figures/fused-gromov-feature-geometry--fused-gw.pdf  u
sed on input line 891.
(pdftex.def)             Requested size: 134.86743pt x 82.46507pt.
<figures/fused-gromov-feature-geometry--pure-gw.pdf, id=5958, 143.72696pt x 87.
87859pt>
File: figures/fused-gromov-feature-geometry--pure-gw.pdf Graphic file (type pdf
)
<use figures/fused-gromov-feature-geometry--pure-gw.pdf>
Package pdftex.def Info: figures/fused-gromov-feature-geometry--pure-gw.pdf  us
ed on input line 892.
(pdftex.def)             Requested size: 134.86743pt x 82.46507pt.
 [232 <./figures/fused-gromov-feature-geometry--feature-ot.pdf> <./figures/fuse
d-gromov-feature-geometry--fused-gw.pdf> <./figures/fused-gromov-feature-geomet
ry--pure-gw.pdf>]
Package mdframed Info: mdframed works in twoside mode on input line 952.
Package mdframed Info: mdframed detected package amsthm 
 changed the theorem header of amsthm
(mdframed)              on input line 952.
Package mdframed Info: mdframed works in twoside mode on input line 976.
Package mdframed Info: mdframed detected package amsthm 
 changed the theorem header of amsthm
(mdframed)              on input line 976.
 [233]
Package mdframed Info: mdframed works in twoside mode on input line 1052.
Package mdframed Info: mdframed detected package amsthm 
 changed the theorem header of amsthm
(mdframed)              on input line 1052.
 [234]
Package mdframed Info: mdframed works in twoside mode on input line 1180.
Package mdframed Info: mdframed detected package amsthm 
 changed the theorem header of amsthm
(mdframed)              on input line 1180.
Package mdframed Info: mdframed works in twoside mode on input line 1194.
Package mdframed Info: mdframed detected package amsthm 
 changed the theorem header of amsthm
(mdframed)              on input line 1194.
 [235]
Package mdframed Info: mdframed works in twoside mode on input line 1255.
Package mdframed Info: mdframed detected package amsthm 
 changed the theorem header of amsthm
(mdframed)              on input line 1255.
 [236])
(./sections/dynamic-ot.tex [237]
Chapter 12.
[238

] [239] [240] [241]
<figures/dynamic-benamou-brenier-duality--density.pdf, id=6136, 272.3707pt x 15
8.6264pt>
File: figures/dynamic-benamou-brenier-duality--density.pdf Graphic file (type p
df)
<use figures/dynamic-benamou-brenier-duality--density.pdf>
Package pdftex.def Info: figures/dynamic-benamou-brenier-duality--density.pdf  
used on input line 427.
(pdftex.def)             Requested size: 139.3605pt x 81.16463pt.
<figures/dynamic-benamou-brenier-duality--momentum.pdf, id=6137, 277.48355pt x 
158.74211pt>
File: figures/dynamic-benamou-brenier-duality--momentum.pdf Graphic file (type 
pdf)
<use figures/dynamic-benamou-brenier-duality--momentum.pdf>
Package pdftex.def Info: figures/dynamic-benamou-brenier-duality--momentum.pdf 
 used on input line 428.
(pdftex.def)             Requested size: 139.3605pt x 79.72691pt.
<figures/dynamic-benamou-brenier-duality--dual-potential.pdf, id=6138, 279.3812
6pt x 157.47672pt>
File: figures/dynamic-benamou-brenier-duality--dual-potential.pdf Graphic file 
(type pdf)
<use figures/dynamic-benamou-brenier-duality--dual-potential.pdf>
Package pdftex.def Info: figures/dynamic-benamou-brenier-duality--dual-potentia
l.pdf  used on input line 429.
(pdftex.def)             Requested size: 139.3605pt x 78.55313pt.
 [242 <./figures/dynamic-benamou-brenier-duality--density.pdf> <./figures/dynam
ic-benamou-brenier-duality--momentum.pdf> <./figures/dynamic-benamou-brenier-du
ality--dual-potential.pdf>]
Package mdframed Info: mdframed works in twoside mode on input line 492.
Package mdframed Info: mdframed detected package amsthm 
 changed the theorem header of amsthm
(mdframed)              on input line 492.
Package mdframed Info: mdframed works in twoside mode on input line 502.
Package mdframed Info: mdframed detected package amsthm 
 changed the theorem header of amsthm
(mdframed)              on input line 502.
<figures/dynamic-benamou-brenier-geodesic--density-sequence.pdf, id=6209, 317.3
195pt x 67.63464pt>
File: figures/dynamic-benamou-brenier-geodesic--density-sequence.pdf Graphic fi
le (type pdf)
<use figures/dynamic-benamou-brenier-geodesic--density-sequence.pdf>
Package pdftex.def Info: figures/dynamic-benamou-brenier-geodesic--density-sequ
ence.pdf  used on input line 516.
(pdftex.def)             Requested size: 326.9202pt x 69.68025pt.
<figures/dynamic-benamou-brenier-geodesic--midpoint-velocities.pdf, id=6210, 10
4.89409pt x 98.54015pt>
File: figures/dynamic-benamou-brenier-geodesic--midpoint-velocities.pdf Graphic
 file (type pdf)
<use figures/dynamic-benamou-brenier-geodesic--midpoint-velocities.pdf>
Package pdftex.def Info: figures/dynamic-benamou-brenier-geodesic--midpoint-vel
ocities.pdf  used on input line 518.
(pdftex.def)             Requested size: 74.1728pt x 69.68025pt.
 [243] [244 <./figures/dynamic-benamou-brenier-geodesic--density-sequence.pdf> 
<./figures/dynamic-benamou-brenier-geodesic--midpoint-velocities.pdf>] [245] [2
46] [247] [248] [249]
[250] [251] [252] [253] [254]
<figures/discrete-markov-simplex-distances--sigma2-curves.pdf, id=6396, 202.62p
t x 149.39563pt>
File: figures/discrete-markov-simplex-distances--sigma2-curves.pdf Graphic file
 (type pdf)
<use figures/discrete-markov-simplex-distances--sigma2-curves.pdf>
Package pdftex.def Info: figures/discrete-markov-simplex-distances--sigma2-curv
es.pdf  used on input line 1384.
(pdftex.def)             Requested size: 139.3605pt x 102.75711pt.
<figures/discrete-markov-simplex-distances--sigma3-markov-levels.pdf, id=6397, 
159.17236pt x 140.22876pt>
File: figures/discrete-markov-simplex-distances--sigma3-markov-levels.pdf Graph
ic file (type pdf)
<use figures/discrete-markov-simplex-distances--sigma3-markov-levels.pdf>
Package pdftex.def Info: figures/discrete-markov-simplex-distances--sigma3-mark
ov-levels.pdf  used on input line 1386.
(pdftex.def)             Requested size: 139.3605pt x 122.77472pt.
<figures/discrete-markov-simplex-distances--sigma3-tv-levels.pdf, id=6398, 159.
17236pt x 140.22876pt>
File: figures/discrete-markov-simplex-distances--sigma3-tv-levels.pdf Graphic f
ile (type pdf)
<use figures/discrete-markov-simplex-distances--sigma3-tv-levels.pdf>
Package pdftex.def Info: figures/discrete-markov-simplex-distances--sigma3-tv-l
evels.pdf  used on input line 1388.
(pdftex.def)             Requested size: 139.3605pt x 122.77472pt.
 [255 <./figures/discrete-markov-simplex-distances--sigma2-curves.pdf> <./figur
es/discrete-markov-simplex-distances--sigma3-markov-levels.pdf> <./figures/disc
rete-markov-simplex-distances--sigma3-tv-levels.pdf>] [256]
<figures/dynamic-unbalanced-geodesic--balanced-t000.pdf, id=6493, 102.6234pt x 
49.1436pt>
File: figures/dynamic-unbalanced-geodesic--balanced-t000.pdf Graphic file (type
 pdf)
<use figures/dynamic-unbalanced-geodesic--balanced-t000.pdf>
Package pdftex.def Info: figures/dynamic-unbalanced-geodesic--balanced-t000.pdf
  used on input line 1523.
(pdftex.def)             Requested size: 74.17331pt x 35.52132pt.
<figures/dynamic-unbalanced-geodesic--balanced-t025.pdf, id=6494, 102.6234pt x 
49.1436pt>
File: figures/dynamic-unbalanced-geodesic--balanced-t025.pdf Graphic file (type
 pdf)
<use figures/dynamic-unbalanced-geodesic--balanced-t025.pdf>
Package pdftex.def Info: figures/dynamic-unbalanced-geodesic--balanced-t025.pdf
  used on input line 1524.
(pdftex.def)             Requested size: 74.17331pt x 35.52132pt.
<figures/dynamic-unbalanced-geodesic--balanced-t050.pdf, id=6495, 102.6234pt x 
49.1436pt>
File: figures/dynamic-unbalanced-geodesic--balanced-t050.pdf Graphic file (type
 pdf)
<use figures/dynamic-unbalanced-geodesic--balanced-t050.pdf>
Package pdftex.def Info: figures/dynamic-unbalanced-geodesic--balanced-t050.pdf
  used on input line 1525.
(pdftex.def)             Requested size: 74.17331pt x 35.52132pt.
<figures/dynamic-unbalanced-geodesic--balanced-t075.pdf, id=6496, 102.6234pt x 
49.1436pt>
File: figures/dynamic-unbalanced-geodesic--balanced-t075.pdf Graphic file (type
 pdf)
<use figures/dynamic-unbalanced-geodesic--balanced-t075.pdf>
Package pdftex.def Info: figures/dynamic-unbalanced-geodesic--balanced-t075.pdf
  used on input line 1526.
(pdftex.def)             Requested size: 74.17331pt x 35.52132pt.
<figures/dynamic-unbalanced-geodesic--balanced-t100.pdf, id=6497, 102.6234pt x 
49.1436pt>
File: figures/dynamic-unbalanced-geodesic--balanced-t100.pdf Graphic file (type
 pdf)
<use figures/dynamic-unbalanced-geodesic--balanced-t100.pdf>
Package pdftex.def Info: figures/dynamic-unbalanced-geodesic--balanced-t100.pdf
  used on input line 1527.
(pdftex.def)             Requested size: 74.17331pt x 35.52132pt.
<figures/dynamic-unbalanced-geodesic--unbalanced-t000.pdf, id=6498, 102.6234pt 
x 49.1436pt>
File: figures/dynamic-unbalanced-geodesic--unbalanced-t000.pdf Graphic file (ty
pe pdf)
<use figures/dynamic-unbalanced-geodesic--unbalanced-t000.pdf>
Package pdftex.def Info: figures/dynamic-unbalanced-geodesic--unbalanced-t000.p
df  used on input line 1529.
(pdftex.def)             Requested size: 74.17331pt x 35.52132pt.
<figures/dynamic-unbalanced-geodesic--unbalanced-t025.pdf, id=6499, 102.6234pt 
x 49.1436pt>
File: figures/dynamic-unbalanced-geodesic--unbalanced-t025.pdf Graphic file (ty
pe pdf)
<use figures/dynamic-unbalanced-geodesic--unbalanced-t025.pdf>
Package pdftex.def Info: figures/dynamic-unbalanced-geodesic--unbalanced-t025.p
df  used on input line 1530.
(pdftex.def)             Requested size: 74.17331pt x 35.52132pt.
<figures/dynamic-unbalanced-geodesic--unbalanced-t050.pdf, id=6500, 102.6234pt 
x 49.1436pt>
File: figures/dynamic-unbalanced-geodesic--unbalanced-t050.pdf Graphic file (ty
pe pdf)
<use figures/dynamic-unbalanced-geodesic--unbalanced-t050.pdf>
Package pdftex.def Info: figures/dynamic-unbalanced-geodesic--unbalanced-t050.p
df  used on input line 1531.
(pdftex.def)             Requested size: 74.17331pt x 35.52132pt.
<figures/dynamic-unbalanced-geodesic--unbalanced-t075.pdf, id=6501, 102.6234pt 
x 49.1436pt>
File: figures/dynamic-unbalanced-geodesic--unbalanced-t075.pdf Graphic file (ty
pe pdf)
<use figures/dynamic-unbalanced-geodesic--unbalanced-t075.pdf>
Package pdftex.def Info: figures/dynamic-unbalanced-geodesic--unbalanced-t075.p
df  used on input line 1532.
(pdftex.def)             Requested size: 74.17331pt x 35.52132pt.
<figures/dynamic-unbalanced-geodesic--unbalanced-t100.pdf, id=6502, 102.6234pt 
x 49.1436pt>
File: figures/dynamic-unbalanced-geodesic--unbalanced-t100.pdf Graphic file (ty
pe pdf)
<use figures/dynamic-unbalanced-geodesic--unbalanced-t100.pdf>
Package pdftex.def Info: figures/dynamic-unbalanced-geodesic--unbalanced-t100.p
df  used on input line 1533.
(pdftex.def)             Requested size: 74.17331pt x 35.52132pt.
) (./sections/wasserstein-gradient-flows.tex [257 <./figures/dynamic-unbalanced
-geodesic--balanced-t000.pdf> <./figures/dynamic-unbalanced-geodesic--balanced-
t025.pdf> <./figures/dynamic-unbalanced-geodesic--balanced-t050.pdf> <./figures
/dynamic-unbalanced-geodesic--balanced-t075.pdf> <./figures/dynamic-unbalanced-
geodesic--balanced-t100.pdf> <./figures/dynamic-unbalanced-geodesic--unbalanced
-t000.pdf> <./figures/dynamic-unbalanced-geodesic--unbalanced-t025.pdf> <./figu
res/dynamic-unbalanced-geodesic--unbalanced-t050.pdf> <./figures/dynamic-unbala
nced-geodesic--unbalanced-t075.pdf> <./figures/dynamic-unbalanced-geodesic--unb
alanced-t100.pdf>]
Chapter 13.
Package mdframed Info: mdframed works in twoside mode on input line 35.
Package mdframed Info: mdframed detected package amsthm 
 changed the theorem header of amsthm
(mdframed)              on input line 35.
[258

]
Package mdframed Info: mdframed works in twoside mode on input line 84.
Package mdframed Info: mdframed detected package amsthm 
 changed the theorem header of amsthm
(mdframed)              on input line 84.
Package mdframed Info: Not enough space on this page on input line 90.
 [259]
<figures/gradflow-jko-entropy-steps--density-steps.pdf, id=6553, 198.05148pt x 
111.30064pt>
File: figures/gradflow-jko-entropy-steps--density-steps.pdf Graphic file (type 
pdf)
<use figures/gradflow-jko-entropy-steps--density-steps.pdf>
Package pdftex.def Info: figures/gradflow-jko-entropy-steps--density-steps.pdf 
 used on input line 207.
(pdftex.def)             Requested size: 193.30473pt x 108.634pt.
<figures/gradflow-jko-entropy-steps--quantile-steps.pdf, id=6554, 195.00102pt x
 107.96178pt>
File: figures/gradflow-jko-entropy-steps--quantile-steps.pdf Graphic file (type
 pdf)
<use figures/gradflow-jko-entropy-steps--quantile-steps.pdf>
Package pdftex.def Info: figures/gradflow-jko-entropy-steps--quantile-steps.pdf
  used on input line 208.
(pdftex.def)             Requested size: 193.30473pt x 107.02249pt.
Package mdframed Info: mdframed works in twoside mode on input line 239.
Package mdframed Info: mdframed detected package amsthm 
 changed the theorem header of amsthm
(mdframed)              on input line 239.
Package mdframed Info: mdframed works in twoside mode on input line 242.
Package mdframed Info: mdframed detected package amsthm 
 changed the theorem header of amsthm
(mdframed)              on input line 242.
Package mdframed Info: mdframed works in twoside mode on input line 246.
Package mdframed Info: mdframed detected package amsthm 
 changed the theorem header of amsthm
(mdframed)              on input line 246.
 [260 <./figures/gradflow-jko-entropy-steps--density-steps.pdf> <./figures/grad
flow-jko-entropy-steps--quantile-steps.pdf>]
<figures/gradflow-heat-versus-porous-medium--heat.pdf, id=6598, 197.48593pt x 1
07.96178pt>
File: figures/gradflow-heat-versus-porous-medium--heat.pdf Graphic file (type p
df)
<use figures/gradflow-heat-versus-porous-medium--heat.pdf>
Package pdftex.def Info: figures/gradflow-heat-versus-porous-medium--heat.pdf  
used on input line 319.
(pdftex.def)             Requested size: 134.86743pt x 73.72931pt.
<figures/gradflow-heat-versus-porous-medium--porous-medium.pdf, id=6599, 197.48
593pt x 107.96178pt>
File: figures/gradflow-heat-versus-porous-medium--porous-medium.pdf Graphic fil
e (type pdf)
<use figures/gradflow-heat-versus-porous-medium--porous-medium.pdf>
Package pdftex.def Info: figures/gradflow-heat-versus-porous-medium--porous-med
ium.pdf  used on input line 320.
(pdftex.def)             Requested size: 134.86743pt x 73.72931pt.
<figures/gradflow-heat-versus-porous-medium--porous-medium-m6.pdf, id=6600, 197
.48593pt x 107.96178pt>
File: figures/gradflow-heat-versus-porous-medium--porous-medium-m6.pdf Graphic 
file (type pdf)
<use figures/gradflow-heat-versus-porous-medium--porous-medium-m6.pdf>
Package pdftex.def Info: figures/gradflow-heat-versus-porous-medium--porous-med
ium-m6.pdf  used on input line 321.
(pdftex.def)             Requested size: 134.86743pt x 73.72931pt.
 [261]
Package mdframed Info: mdframed works in twoside mode on input line 380.
Package mdframed Info: mdframed detected package amsthm 
 changed the theorem header of amsthm
(mdframed)              on input line 380.
Package mdframed Info: mdframed works in twoside mode on input line 383.
Package mdframed Info: mdframed detected package amsthm 
 changed the theorem header of amsthm
(mdframed)              on input line 383.
Package mdframed Info: mdframed works in twoside mode on input line 387.
Package mdframed Info: mdframed detected package amsthm 
 changed the theorem header of amsthm
(mdframed)              on input line 387.
Package mdframed Info: mdframed works in twoside mode on input line 393.
Package mdframed Info: mdframed detected package amsthm 
 changed the theorem header of amsthm
(mdframed)              on input line 393.
<figures/gradflow-mmd-particle-count--n-010.pdf, id=6619, 142.28156pt x 103.144
1pt>
File: figures/gradflow-mmd-particle-count--n-010.pdf Graphic file (type pdf)
<use figures/gradflow-mmd-particle-count--n-010.pdf>
Package pdftex.def Info: figures/gradflow-mmd-particle-count--n-010.pdf  used o
n input line 421.
(pdftex.def)             Requested size: 134.86743pt x 97.77856pt.
<figures/gradflow-mmd-particle-count--n-050.pdf, id=6620, 142.28156pt x 103.144
1pt>
File: figures/gradflow-mmd-particle-count--n-050.pdf Graphic file (type pdf)
<use figures/gradflow-mmd-particle-count--n-050.pdf>
Package pdftex.def Info: figures/gradflow-mmd-particle-count--n-050.pdf  used o
n input line 422.
(pdftex.def)             Requested size: 134.86743pt x 97.77856pt.
<figures/gradflow-mmd-particle-count--n-300.pdf, id=6621, 142.28156pt x 103.144
1pt>
File: figures/gradflow-mmd-particle-count--n-300.pdf Graphic file (type pdf)
<use figures/gradflow-mmd-particle-count--n-300.pdf>
Package pdftex.def Info: figures/gradflow-mmd-particle-count--n-300.pdf  used o
n input line 423.
(pdftex.def)             Requested size: 134.86743pt x 97.77856pt.
 [262 <./figures/gradflow-heat-versus-porous-medium--heat.pdf> <./figures/gradf
low-heat-versus-porous-medium--porous-medium.pdf> <./figures/gradflow-heat-vers
us-porous-medium--porous-medium-m6.pdf>]
<figures/gradflow-discrepancy-density-comparison--energy-distance.pdf, id=6653,
 149.34595pt x 100.54202pt>
File: figures/gradflow-discrepancy-density-comparison--energy-distance.pdf Grap
hic file (type pdf)
<use figures/gradflow-discrepancy-density-comparison--energy-distance.pdf>
Package pdftex.def Info: figures/gradflow-discrepancy-density-comparison--energ
y-distance.pdf  used on input line 440.
(pdftex.def)             Requested size: 134.86743pt x 90.79533pt.
<figures/gradflow-discrepancy-density-comparison--w2.pdf, id=6654, 149.34595pt 
x 100.54202pt>
File: figures/gradflow-discrepancy-density-comparison--w2.pdf Graphic file (typ
e pdf)
<use figures/gradflow-discrepancy-density-comparison--w2.pdf>
Package pdftex.def Info: figures/gradflow-discrepancy-density-comparison--w2.pd
f  used on input line 441.
(pdftex.def)             Requested size: 134.86743pt x 90.79533pt.
<figures/gradflow-discrepancy-density-comparison--kl.pdf, id=6655, 149.34595pt 
x 100.54202pt>
File: figures/gradflow-discrepancy-density-comparison--kl.pdf Graphic file (typ
e pdf)
<use figures/gradflow-discrepancy-density-comparison--kl.pdf>
Package pdftex.def Info: figures/gradflow-discrepancy-density-comparison--kl.pd
f  used on input line 442.
(pdftex.def)             Requested size: 134.86743pt x 90.79533pt.
<figures/gradflow-interaction-particles--repulsive.pdf, id=6656, 117.88916pt x 
114.85149pt>
File: figures/gradflow-interaction-particles--repulsive.pdf Graphic file (type 
pdf)
<use figures/gradflow-interaction-particles--repulsive.pdf>
Package pdftex.def Info: figures/gradflow-interaction-particles--repulsive.pdf 
 used on input line 456.
(pdftex.def)             Requested size: 134.86743pt x 131.40697pt.
<figures/gradflow-interaction-particles--attractive.pdf, id=6657, 117.88916pt x
 114.85149pt>
File: figures/gradflow-interaction-particles--attractive.pdf Graphic file (type
 pdf)
<use figures/gradflow-interaction-particles--attractive.pdf>
Package pdftex.def Info: figures/gradflow-interaction-particles--attractive.pdf
  used on input line 457.
(pdftex.def)             Requested size: 134.86743pt x 131.40697pt.
<figures/gradflow-interaction-particles--attraction-repulsion.pdf, id=6658, 117
.88916pt x 114.85149pt>
File: figures/gradflow-interaction-particles--attraction-repulsion.pdf Graphic 
file (type pdf)
<use figures/gradflow-interaction-particles--attraction-repulsion.pdf>
Package pdftex.def Info: figures/gradflow-interaction-particles--attraction-rep
ulsion.pdf  used on input line 458.
(pdftex.def)             Requested size: 134.86743pt x 131.40697pt.
<figures/gradflow-particle-objective-geometries--ot-rays.pdf, id=6660, 136.7709
7pt x 86.5327pt>
File: figures/gradflow-particle-objective-geometries--ot-rays.pdf Graphic file 
(type pdf)
<use figures/gradflow-particle-objective-geometries--ot-rays.pdf>
Package pdftex.def Info: figures/gradflow-particle-objective-geometries--ot-ray
s.pdf  used on input line 470.
(pdftex.def)             Requested size: 101.15228pt x 63.99884pt.
<figures/gradflow-particle-objective-geometries--mmd-force.pdf, id=6661, 136.77
097pt x 86.5327pt>
File: figures/gradflow-particle-objective-geometries--mmd-force.pdf Graphic fil
e (type pdf)
<use figures/gradflow-particle-objective-geometries--mmd-force.pdf>
Package pdftex.def Info: figures/gradflow-particle-objective-geometries--mmd-fo
rce.pdf  used on input line 471.
(pdftex.def)             Requested size: 101.15228pt x 63.99884pt.
<figures/gradflow-particle-objective-geometries--sinkhorn-divergence.pdf, id=66
62, 136.77097pt x 86.5327pt>
File: figures/gradflow-particle-objective-geometries--sinkhorn-divergence.pdf G
raphic file (type pdf)
<use figures/gradflow-particle-objective-geometries--sinkhorn-divergence.pdf>
Package pdftex.def Info: figures/gradflow-particle-objective-geometries--sinkho
rn-divergence.pdf  used on input line 472.
(pdftex.def)             Requested size: 101.15228pt x 63.99884pt.
<figures/gradflow-particle-objective-geometries--drifting-field.pdf, id=6663, 1
36.77097pt x 86.5327pt>
File: figures/gradflow-particle-objective-geometries--drifting-field.pdf Graphi
c file (type pdf)
<use figures/gradflow-particle-objective-geometries--drifting-field.pdf>
Package pdftex.def Info: figures/gradflow-particle-objective-geometries--drifti
ng-field.pdf  used on input line 474.
(pdftex.def)             Requested size: 101.15228pt x 63.99884pt.
 [263 <./figures/gradflow-mmd-particle-count--n-010.pdf> <./figures/gradflow-mm
d-particle-count--n-050.pdf> <./figures/gradflow-mmd-particle-count--n-300.pdf>
 <./figures/gradflow-discrepancy-density-comparison--energy-distance.pdf> <./fi
gures/gradflow-discrepancy-density-comparison--w2.pdf> <./figures/gradflow-disc
repancy-density-comparison--kl.pdf>] [264 <./figures/gradflow-interaction-parti
cles--repulsive.pdf> <./figures/gradflow-interaction-particles--attractive.pdf>
 <./figures/gradflow-interaction-particles--attraction-repulsion.pdf> <./figure
s/gradflow-particle-objective-geometries--ot-rays.pdf> <./figures/gradflow-part
icle-objective-geometries--mmd-force.pdf> <./figures/gradflow-particle-objectiv
e-geometries--sinkhorn-divergence.pdf> <./figures/gradflow-particle-objective-g
eometries--drifting-field.pdf>]
<figures/gradflow-fokker-planck-three-representations--langevin-particles.pdf, 
id=6728, 412.48103pt x 59.5816pt>
File: figures/gradflow-fokker-planck-three-representations--langevin-particles.
pdf Graphic file (type pdf)
<use figures/gradflow-fokker-planck-three-representations--langevin-particles.p
df>
Package pdftex.def Info: figures/gradflow-fokker-planck-three-representations--
langevin-particles.pdf  used on input line 549.
(pdftex.def)             Requested size: 386.61633pt x 55.8467pt.
<figures/gradflow-fokker-planck-three-representations--kde-particles.pdf, id=67
29, 412.48103pt x 59.5816pt>
File: figures/gradflow-fokker-planck-three-representations--kde-particles.pdf G
raphic file (type pdf)
<use figures/gradflow-fokker-planck-three-representations--kde-particles.pdf>
Package pdftex.def Info: figures/gradflow-fokker-planck-three-representations--
kde-particles.pdf  used on input line 551.
(pdftex.def)             Requested size: 386.61633pt x 55.8467pt.
<figures/gradflow-fokker-planck-three-representations--grid-pde.pdf, id=6730, 4
12.48103pt x 59.5816pt>
File: figures/gradflow-fokker-planck-three-representations--grid-pde.pdf Graphi
c file (type pdf)
<use figures/gradflow-fokker-planck-three-representations--grid-pde.pdf>
Package pdftex.def Info: figures/gradflow-fokker-planck-three-representations--
grid-pde.pdf  used on input line 553.
(pdftex.def)             Requested size: 386.61633pt x 55.8467pt.
 [265 <./figures/gradflow-fokker-planck-three-representations--langevin-particl
es.pdf> <./figures/gradflow-fokker-planck-three-representations--kde-particles.
pdf> <./figures/gradflow-fokker-planck-three-representations--grid-pde.pdf>]
<figures/gradflow-density-constrained-flow--kappa-small.pdf, id=6840, 134.51253
pt x 122.53378pt>
File: figures/gradflow-density-constrained-flow--kappa-small.pdf Graphic file (
type pdf)
<use figures/gradflow-density-constrained-flow--kappa-small.pdf>
Package pdftex.def Info: figures/gradflow-density-constrained-flow--kappa-small
.pdf  used on input line 631.
(pdftex.def)             Requested size: 134.86743pt x 122.86815pt.
<figures/gradflow-density-constrained-flow--kappa-medium.pdf, id=6841, 134.5125
3pt x 122.53378pt>
File: figures/gradflow-density-constrained-flow--kappa-medium.pdf Graphic file 
(type pdf)
<use figures/gradflow-density-constrained-flow--kappa-medium.pdf>
Package pdftex.def Info: figures/gradflow-density-constrained-flow--kappa-mediu
m.pdf  used on input line 632.
(pdftex.def)             Requested size: 134.86743pt x 122.86815pt.
<figures/gradflow-density-constrained-flow--unconstrained.pdf, id=6842, 134.512
53pt x 122.53378pt>
File: figures/gradflow-density-constrained-flow--unconstrained.pdf Graphic file
 (type pdf)
<use figures/gradflow-density-constrained-flow--unconstrained.pdf>
Package pdftex.def Info: figures/gradflow-density-constrained-flow--unconstrain
ed.pdf  used on input line 633.
(pdftex.def)             Requested size: 134.86743pt x 122.86815pt.
 [266 <./figures/gradflow-density-constrained-flow--kappa-small.pdf> <./figures
/gradflow-density-constrained-flow--kappa-medium.pdf> <./figures/gradflow-densi
ty-constrained-flow--unconstrained.pdf>]
<figures/gradflow-multispecies-entropy-flow--two-species.pdf, id=6864, 136.0428
3pt x 121.0884pt>
File: figures/gradflow-multispecies-entropy-flow--two-species.pdf Graphic file 
(type pdf)
<use figures/gradflow-multispecies-entropy-flow--two-species.pdf>
Package pdftex.def Info: figures/gradflow-multispecies-entropy-flow--two-specie
s.pdf  used on input line 712.
(pdftex.def)             Requested size: 134.86743pt x 120.05154pt.
<figures/gradflow-multispecies-entropy-flow--three-species.pdf, id=6865, 136.04
283pt x 121.0884pt>
File: figures/gradflow-multispecies-entropy-flow--three-species.pdf Graphic fil
e (type pdf)
<use figures/gradflow-multispecies-entropy-flow--three-species.pdf>
Package pdftex.def Info: figures/gradflow-multispecies-entropy-flow--three-spec
ies.pdf  used on input line 713.
(pdftex.def)             Requested size: 134.86743pt x 120.05154pt.
<figures/gradflow-multispecies-entropy-flow--five-species.pdf, id=6866, 136.042
83pt x 121.0884pt>
File: figures/gradflow-multispecies-entropy-flow--five-species.pdf Graphic file
 (type pdf)
<use figures/gradflow-multispecies-entropy-flow--five-species.pdf>
Package pdftex.def Info: figures/gradflow-multispecies-entropy-flow--five-speci
es.pdf  used on input line 714.
(pdftex.def)             Requested size: 134.86743pt x 120.05154pt.
Package mdframed Info: mdframed works in twoside mode on input line 732.
Package mdframed Info: mdframed detected package amsthm 
 changed the theorem header of amsthm
(mdframed)              on input line 732.
 [267 <./figures/gradflow-multispecies-entropy-flow--two-species.pdf> <./figure
s/gradflow-multispecies-entropy-flow--three-species.pdf> <./figures/gradflow-mu
ltispecies-entropy-flow--five-species.pdf>] [268]
<figures/gradflow-wfr-unbalanced-flow--balanced.pdf, id=6949, 231.9867pt x 155.
38051pt>
File: figures/gradflow-wfr-unbalanced-flow--balanced.pdf Graphic file (type pdf
)
<use figures/gradflow-wfr-unbalanced-flow--balanced.pdf>
Package pdftex.def Info: figures/gradflow-wfr-unbalanced-flow--balanced.pdf  us
ed on input line 834.
(pdftex.def)             Requested size: 206.79765pt x 138.5087pt.
<figures/gradflow-wfr-unbalanced-flow--unbalanced.pdf, id=6950, 231.9867pt x 15
5.38051pt>
File: figures/gradflow-wfr-unbalanced-flow--unbalanced.pdf Graphic file (type p
df)
<use figures/gradflow-wfr-unbalanced-flow--unbalanced.pdf>
Package pdftex.def Info: figures/gradflow-wfr-unbalanced-flow--unbalanced.pdf  
used on input line 835.
(pdftex.def)             Requested size: 206.79765pt x 138.5087pt.
Package mdframed Info: mdframed works in twoside mode on input line 869.
Package mdframed Info: mdframed detected package amsthm 
 changed the theorem header of amsthm
(mdframed)              on input line 869.


Package mdframed Warning: You got a bad break
(mdframed)                because the last box will be empty
(mdframed)                you have to change it manually
(mdframed)                by changing the text, the space
(mdframed)                or something else on input line 876.

[269 <./figures/gradflow-wfr-unbalanced-flow--balanced.pdf> <./figures/gradflow
-wfr-unbalanced-flow--unbalanced.pdf>] [270] [271] [272] [273] [274]
<figures/gradflow-mlp-homogeneous-relu--neuron-trajectories.pdf, id=7037, 126.7
6158pt x 126.76158pt>
File: figures/gradflow-mlp-homogeneous-relu--neuron-trajectories.pdf Graphic fi
le (type pdf)
<use figures/gradflow-mlp-homogeneous-relu--neuron-trajectories.pdf>
Package pdftex.def Info: figures/gradflow-mlp-homogeneous-relu--neuron-trajecto
ries.pdf  used on input line 1316.
(pdftex.def)             Requested size: 152.84656pt x 152.85973pt.
<figures/gradflow-mlp-homogeneous-relu--direction-histogram.pdf, id=7038, 146.6
238pt x 106.51637pt>
File: figures/gradflow-mlp-homogeneous-relu--direction-histogram.pdf Graphic fi
le (type pdf)
<use figures/gradflow-mlp-homogeneous-relu--direction-histogram.pdf>
Package pdftex.def Info: figures/gradflow-mlp-homogeneous-relu--direction-histo
gram.pdf  used on input line 1317.
(pdftex.def)             Requested size: 152.84656pt x 111.04744pt.
 [275 <./figures/gradflow-mlp-homogeneous-relu--neuron-trajectories.pdf> <./fig
ures/gradflow-mlp-homogeneous-relu--direction-histogram.pdf>] [276] [277] [278]
 [279]
<figures/gradflow-brunn-minkowski-ot--ellipse-t000.pdf, id=7121, 98.21494pt x 9
8.21494pt>
File: figures/gradflow-brunn-minkowski-ot--ellipse-t000.pdf Graphic file (type 
pdf)
<use figures/gradflow-brunn-minkowski-ot--ellipse-t000.pdf>
Package pdftex.def Info: figures/gradflow-brunn-minkowski-ot--ellipse-t000.pdf 
 used on input line 1680.
(pdftex.def)             Requested size: 53.04561pt x 53.04726pt.
<figures/gradflow-brunn-minkowski-ot--ellipse-t025.pdf, id=7122, 98.21494pt x 9
8.21494pt>
File: figures/gradflow-brunn-minkowski-ot--ellipse-t025.pdf Graphic file (type 
pdf)
<use figures/gradflow-brunn-minkowski-ot--ellipse-t025.pdf>
Package pdftex.def Info: figures/gradflow-brunn-minkowski-ot--ellipse-t025.pdf 
 used on input line 1681.
(pdftex.def)             Requested size: 53.04561pt x 53.04726pt.
<figures/gradflow-brunn-minkowski-ot--ellipse-t050.pdf, id=7123, 98.21494pt x 9
8.21494pt>
File: figures/gradflow-brunn-minkowski-ot--ellipse-t050.pdf Graphic file (type 
pdf)
<use figures/gradflow-brunn-minkowski-ot--ellipse-t050.pdf>
Package pdftex.def Info: figures/gradflow-brunn-minkowski-ot--ellipse-t050.pdf 
 used on input line 1682.
(pdftex.def)             Requested size: 53.04561pt x 53.04726pt.
<figures/gradflow-brunn-minkowski-ot--ellipse-t075.pdf, id=7124, 98.21494pt x 9
8.21494pt>
File: figures/gradflow-brunn-minkowski-ot--ellipse-t075.pdf Graphic file (type 
pdf)
<use figures/gradflow-brunn-minkowski-ot--ellipse-t075.pdf>
Package pdftex.def Info: figures/gradflow-brunn-minkowski-ot--ellipse-t075.pdf 
 used on input line 1683.
(pdftex.def)             Requested size: 53.04561pt x 53.04726pt.
<figures/gradflow-brunn-minkowski-ot--ellipse-t100.pdf, id=7125, 98.21494pt x 9
8.21494pt>
File: figures/gradflow-brunn-minkowski-ot--ellipse-t100.pdf Graphic file (type 
pdf)
<use figures/gradflow-brunn-minkowski-ot--ellipse-t100.pdf>
Package pdftex.def Info: figures/gradflow-brunn-minkowski-ot--ellipse-t100.pdf 
 used on input line 1684.
(pdftex.def)             Requested size: 53.04561pt x 53.04726pt.
<figures/gradflow-brunn-minkowski-ot--area-concavity.pdf, id=7126, 193.89978pt 
x 122.33823pt>
File: figures/gradflow-brunn-minkowski-ot--area-concavity.pdf Graphic file (typ
e pdf)
<use figures/gradflow-brunn-minkowski-ot--area-concavity.pdf>
Package pdftex.def Info: figures/gradflow-brunn-minkowski-ot--area-concavity.pd
f  used on input line 1685.
(pdftex.def)             Requested size: 119.13141pt x 75.16382pt.

[280 <./figures/gradflow-brunn-minkowski-ot--ellipse-t000.pdf> <./figures/gradf
low-brunn-minkowski-ot--ellipse-t025.pdf> <./figures/gradflow-brunn-minkowski-o
t--ellipse-t050.pdf> <./figures/gradflow-brunn-minkowski-ot--ellipse-t075.pdf> 
<./figures/gradflow-brunn-minkowski-ot--ellipse-t100.pdf> <./figures/gradflow-b
runn-minkowski-ot--area-concavity.pdf>] [281] [282]
<figures/gradflow-hwi-entropy-decay--ou-densities.pdf, id=7193, 180.60605pt x 1
25.67711pt>
File: figures/gradflow-hwi-entropy-decay--ou-densities.pdf Graphic file (type p
df)
<use figures/gradflow-hwi-entropy-decay--ou-densities.pdf>
Package pdftex.def Info: figures/gradflow-hwi-entropy-decay--ou-densities.pdf  
used on input line 1900.
(pdftex.def)             Requested size: 139.3605pt x 96.98068pt.
<figures/gradflow-hwi-entropy-decay--static-bounds.pdf, id=7194, 199.80772pt x 
125.67711pt>
File: figures/gradflow-hwi-entropy-decay--static-bounds.pdf Graphic file (type 
pdf)
<use figures/gradflow-hwi-entropy-decay--static-bounds.pdf>
Package pdftex.def Info: figures/gradflow-hwi-entropy-decay--static-bounds.pdf 
 used on input line 1901.
(pdftex.def)             Requested size: 152.84656pt x 96.14265pt.
<figures/gradflow-hwi-entropy-decay--entropy-decay.pdf, id=7195, 180.76459pt x 
125.67711pt>
File: figures/gradflow-hwi-entropy-decay--entropy-decay.pdf Graphic file (type 
pdf)
<use figures/gradflow-hwi-entropy-decay--entropy-decay.pdf>
Package pdftex.def Info: figures/gradflow-hwi-entropy-decay--entropy-decay.pdf 
 used on input line 1902.
(pdftex.def)             Requested size: 125.87444pt x 87.51695pt.
)
(./sections/transportation-models.tex [283 <./figures/gradflow-hwi-entropy-deca
y--ou-densities.pdf> <./figures/gradflow-hwi-entropy-decay--static-bounds.pdf> 
<./figures/gradflow-hwi-entropy-decay--entropy-decay.pdf>]
Chapter 14.
[284

]
<figures/generative-flow-matching-interpolants--product-linear.pdf, id=7308, 13
3.97052pt x 97.06183pt>
File: figures/generative-flow-matching-interpolants--product-linear.pdf Graphic
 file (type pdf)
<use figures/generative-flow-matching-interpolants--product-linear.pdf>
Package pdftex.def Info: figures/generative-flow-matching-interpolants--product
-linear.pdf  used on input line 96.
(pdftex.def)             Requested size: 134.86743pt x 97.71175pt.
<figures/generative-flow-matching-interpolants--ot-linear.pdf, id=7309, 133.970
52pt x 97.06183pt>
File: figures/generative-flow-matching-interpolants--ot-linear.pdf Graphic file
 (type pdf)
<use figures/generative-flow-matching-interpolants--ot-linear.pdf>
Package pdftex.def Info: figures/generative-flow-matching-interpolants--ot-line
ar.pdf  used on input line 98.
(pdftex.def)             Requested size: 134.86743pt x 97.71175pt.
<figures/generative-flow-matching-interpolants--curved-bridge.pdf, id=7310, 133
.97052pt x 97.06183pt>
File: figures/generative-flow-matching-interpolants--curved-bridge.pdf Graphic 
file (type pdf)
<use figures/generative-flow-matching-interpolants--curved-bridge.pdf>
Package pdftex.def Info: figures/generative-flow-matching-interpolants--curved-
bridge.pdf  used on input line 99.
(pdftex.def)             Requested size: 134.86743pt x 97.71175pt.
 [285 <./figures/generative-flow-matching-interpolants--product-linear.pdf> <./
figures/generative-flow-matching-interpolants--ot-linear.pdf> <./figures/genera
tive-flow-matching-interpolants--curved-bridge.pdf>]
Package mdframed Info: mdframed works in twoside mode on input line 216.
Package mdframed Info: mdframed detected package amsthm 
 changed the theorem header of amsthm
(mdframed)              on input line 216.
 [286] [287] [288]
<figures/generative-diffusion-1d-forward-backward--forward-densities.pdf, id=73
76, 216.60611pt x 130.26096pt>
File: figures/generative-diffusion-1d-forward-backward--forward-densities.pdf G
raphic file (type pdf)
<use figures/generative-diffusion-1d-forward-backward--forward-densities.pdf>
Package pdftex.def Info: figures/generative-diffusion-1d-forward-backward--forw
ard-densities.pdf  used on input line 437.
(pdftex.def)             Requested size: 193.30473pt x 116.25388pt.
<figures/generative-diffusion-1d-forward-backward--backward-trajectories.pdf, i
d=7377, 218.03526pt x 126.3656pt>
File: figures/generative-diffusion-1d-forward-backward--backward-trajectories.p
df Graphic file (type pdf)
<use figures/generative-diffusion-1d-forward-backward--backward-trajectories.pd
f>
Package pdftex.def Info: figures/generative-diffusion-1d-forward-backward--back
ward-trajectories.pdf  used on input line 438.
(pdftex.def)             Requested size: 193.30473pt x 112.0331pt.
Package mdframed Info: mdframed works in twoside mode on input line 466.
Package mdframed Info: mdframed detected package amsthm 
 changed the theorem header of amsthm
(mdframed)              on input line 466.
<figures/generative-diffusion-2d-forward-backward--forward-density-linear.pdf, 
id=7380, 307.85213pt x 48.25395pt>
File: figures/generative-diffusion-2d-forward-backward--forward-density-linear.
pdf Graphic file (type pdf)
<use figures/generative-diffusion-2d-forward-backward--forward-density-linear.p
df>
Package pdftex.def Info: figures/generative-diffusion-2d-forward-backward--forw
ard-density-linear.pdf  used on input line 481.
(pdftex.def)             Requested size: 323.67911pt x 50.73586pt.
<figures/generative-diffusion-2d-forward-backward--forward-density-ou.pdf, id=7
381, 307.85213pt x 48.25395pt>
File: figures/generative-diffusion-2d-forward-backward--forward-density-ou.pdf 
Graphic file (type pdf)
<use figures/generative-diffusion-2d-forward-backward--forward-density-ou.pdf>
Package pdftex.def Info: figures/generative-diffusion-2d-forward-backward--forw
ard-density-ou.pdf  used on input line 485.
(pdftex.def)             Requested size: 323.67911pt x 50.73586pt.

[289 <./figures/generative-diffusion-1d-forward-backward--forward-densities.pdf
> <./figures/generative-diffusion-1d-forward-backward--backward-trajectories.pd
f>] [290 <./figures/generative-diffusion-2d-forward-backward--forward-density-l
inear.pdf> <./figures/generative-diffusion-2d-forward-backward--forward-density
-ou.pdf>] [291]
<figures/generative-diffusion-versus-ot-2d--diffusion-curves.pdf, id=7460, 135.
68692pt x 103.80707pt>
File: figures/generative-diffusion-versus-ot-2d--diffusion-curves.pdf Graphic f
ile (type pdf)
<use figures/generative-diffusion-versus-ot-2d--diffusion-curves.pdf>
Package pdftex.def Info: figures/generative-diffusion-versus-ot-2d--diffusion-c
urves.pdf  used on input line 660.
(pdftex.def)             Requested size: 175.3256pt x 134.14609pt.
<figures/generative-diffusion-versus-ot-2d--ot-rays.pdf, id=7461, 135.68692pt x
 103.80707pt>
File: figures/generative-diffusion-versus-ot-2d--ot-rays.pdf Graphic file (type
 pdf)
<use figures/generative-diffusion-versus-ot-2d--ot-rays.pdf>
Package pdftex.def Info: figures/generative-diffusion-versus-ot-2d--ot-rays.pdf
  used on input line 661.
(pdftex.def)             Requested size: 175.3256pt x 134.14609pt.
<figures/generative-diffusion-versus-ot-2d--schedule-linear.pdf, id=7463, 135.6
8692pt x 103.80707pt>
File: figures/generative-diffusion-versus-ot-2d--schedule-linear.pdf Graphic fi
le (type pdf)
<use figures/generative-diffusion-versus-ot-2d--schedule-linear.pdf>
Package pdftex.def Info: figures/generative-diffusion-versus-ot-2d--schedule-li
near.pdf  used on input line 678.
(pdftex.def)             Requested size: 134.86743pt x 103.19064pt.
<figures/generative-diffusion-versus-ot-2d--schedule-vp.pdf, id=7464, 135.68692
pt x 103.80707pt>
File: figures/generative-diffusion-versus-ot-2d--schedule-vp.pdf Graphic file (
type pdf)
<use figures/generative-diffusion-versus-ot-2d--schedule-vp.pdf>
Package pdftex.def Info: figures/generative-diffusion-versus-ot-2d--schedule-vp
.pdf  used on input line 679.
(pdftex.def)             Requested size: 134.86743pt x 103.19064pt.
<figures/generative-diffusion-versus-ot-2d--schedule-overshoot.pdf, id=7465, 13
5.68692pt x 103.80707pt>
File: figures/generative-diffusion-versus-ot-2d--schedule-overshoot.pdf Graphic
 file (type pdf)
<use figures/generative-diffusion-versus-ot-2d--schedule-overshoot.pdf>
Package pdftex.def Info: figures/generative-diffusion-versus-ot-2d--schedule-ov
ershoot.pdf  used on input line 680.
(pdftex.def)             Requested size: 134.86743pt x 103.19064pt.
 [292 <./figures/generative-diffusion-versus-ot-2d--diffusion-curves.pdf> <./fi
gures/generative-diffusion-versus-ot-2d--ot-rays.pdf> <./figures/generative-dif
fusion-versus-ot-2d--schedule-linear.pdf> <./figures/generative-diffusion-versu
s-ot-2d--schedule-vp.pdf> <./figures/generative-diffusion-versus-ot-2d--schedul
e-overshoot.pdf>] [293] [294]
<figures/generative-w2-vs-sliced-flow-shapes--w2-trajectories.pdf, id=7539, 104
.37233pt x 104.37233pt>
File: figures/generative-w2-vs-sliced-flow-shapes--w2-trajectories.pdf Graphic 
file (type pdf)
<use figures/generative-w2-vs-sliced-flow-shapes--w2-trajectories.pdf>
Package pdftex.def Info: figures/generative-w2-vs-sliced-flow-shapes--w2-trajec
tories.pdf  used on input line 890.
(pdftex.def)             Requested size: 76.42328pt x 76.42526pt.
<figures/generative-w2-vs-sliced-flow-shapes--w2-density-0.pdf, id=7540, 64.573
24pt x 64.57324pt>
File: figures/generative-w2-vs-sliced-flow-shapes--w2-density-0.pdf Graphic fil
e (type pdf)
<use figures/generative-w2-vs-sliced-flow-shapes--w2-density-0.pdf>
Package pdftex.def Info: figures/generative-w2-vs-sliced-flow-shapes--w2-densit
y-0.pdf  used on input line 891.
(pdftex.def)             Requested size: 51.70113pt x 51.70299pt.
<figures/generative-w2-vs-sliced-flow-shapes--w2-density-1.pdf, id=7541, 64.573
24pt x 64.57324pt>
File: figures/generative-w2-vs-sliced-flow-shapes--w2-density-1.pdf Graphic fil
e (type pdf)
<use figures/generative-w2-vs-sliced-flow-shapes--w2-density-1.pdf>
Package pdftex.def Info: figures/generative-w2-vs-sliced-flow-shapes--w2-densit
y-1.pdf  used on input line 892.
(pdftex.def)             Requested size: 51.70113pt x 51.70299pt.
<figures/generative-w2-vs-sliced-flow-shapes--w2-density-2.pdf, id=7542, 64.573
24pt x 64.57324pt>
File: figures/generative-w2-vs-sliced-flow-shapes--w2-density-2.pdf Graphic fil
e (type pdf)
<use figures/generative-w2-vs-sliced-flow-shapes--w2-density-2.pdf>
Package pdftex.def Info: figures/generative-w2-vs-sliced-flow-shapes--w2-densit
y-2.pdf  used on input line 893.
(pdftex.def)             Requested size: 51.70113pt x 51.70299pt.
<figures/generative-w2-vs-sliced-flow-shapes--w2-density-3.pdf, id=7543, 64.573
24pt x 64.57324pt>
File: figures/generative-w2-vs-sliced-flow-shapes--w2-density-3.pdf Graphic fil
e (type pdf)
<use figures/generative-w2-vs-sliced-flow-shapes--w2-density-3.pdf>
Package pdftex.def Info: figures/generative-w2-vs-sliced-flow-shapes--w2-densit
y-3.pdf  used on input line 894.
(pdftex.def)             Requested size: 51.70113pt x 51.70299pt.
<figures/generative-w2-vs-sliced-flow-shapes--w2-density-4.pdf, id=7544, 64.573
24pt x 64.57324pt>
File: figures/generative-w2-vs-sliced-flow-shapes--w2-density-4.pdf Graphic fil
e (type pdf)
<use figures/generative-w2-vs-sliced-flow-shapes--w2-density-4.pdf>
Package pdftex.def Info: figures/generative-w2-vs-sliced-flow-shapes--w2-densit
y-4.pdf  used on input line 895.
(pdftex.def)             Requested size: 51.70113pt x 51.70299pt.
<figures/generative-w2-vs-sliced-flow-shapes--sw-trajectories.pdf, id=7545, 104
.37233pt x 104.37233pt>
File: figures/generative-w2-vs-sliced-flow-shapes--sw-trajectories.pdf Graphic 
file (type pdf)
<use figures/generative-w2-vs-sliced-flow-shapes--sw-trajectories.pdf>
Package pdftex.def Info: figures/generative-w2-vs-sliced-flow-shapes--sw-trajec
tories.pdf  used on input line 897.
(pdftex.def)             Requested size: 76.42328pt x 76.42526pt.
<figures/generative-w2-vs-sliced-flow-shapes--sw-density-0.pdf, id=7546, 64.573
24pt x 64.57324pt>
File: figures/generative-w2-vs-sliced-flow-shapes--sw-density-0.pdf Graphic fil
e (type pdf)
<use figures/generative-w2-vs-sliced-flow-shapes--sw-density-0.pdf>
Package pdftex.def Info: figures/generative-w2-vs-sliced-flow-shapes--sw-densit
y-0.pdf  used on input line 898.
(pdftex.def)             Requested size: 51.70113pt x 51.70299pt.
<figures/generative-w2-vs-sliced-flow-shapes--sw-density-1.pdf, id=7547, 64.573
24pt x 64.57324pt>
File: figures/generative-w2-vs-sliced-flow-shapes--sw-density-1.pdf Graphic fil
e (type pdf)
<use figures/generative-w2-vs-sliced-flow-shapes--sw-density-1.pdf>
Package pdftex.def Info: figures/generative-w2-vs-sliced-flow-shapes--sw-densit
y-1.pdf  used on input line 899.
(pdftex.def)             Requested size: 51.70113pt x 51.70299pt.
<figures/generative-w2-vs-sliced-flow-shapes--sw-density-2.pdf, id=7548, 64.573
24pt x 64.57324pt>
File: figures/generative-w2-vs-sliced-flow-shapes--sw-density-2.pdf Graphic fil
e (type pdf)
<use figures/generative-w2-vs-sliced-flow-shapes--sw-density-2.pdf>
Package pdftex.def Info: figures/generative-w2-vs-sliced-flow-shapes--sw-densit
y-2.pdf  used on input line 900.
(pdftex.def)             Requested size: 51.70113pt x 51.70299pt.
<figures/generative-w2-vs-sliced-flow-shapes--sw-density-3.pdf, id=7549, 64.573
24pt x 64.57324pt>
File: figures/generative-w2-vs-sliced-flow-shapes--sw-density-3.pdf Graphic fil
e (type pdf)
<use figures/generative-w2-vs-sliced-flow-shapes--sw-density-3.pdf>
Package pdftex.def Info: figures/generative-w2-vs-sliced-flow-shapes--sw-densit
y-3.pdf  used on input line 901.
(pdftex.def)             Requested size: 51.70113pt x 51.70299pt.
<figures/generative-w2-vs-sliced-flow-shapes--sw-density-4.pdf, id=7550, 64.573
24pt x 64.57324pt>
File: figures/generative-w2-vs-sliced-flow-shapes--sw-density-4.pdf Graphic fil
e (type pdf)
<use figures/generative-w2-vs-sliced-flow-shapes--sw-density-4.pdf>
Package pdftex.def Info: figures/generative-w2-vs-sliced-flow-shapes--sw-densit
y-4.pdf  used on input line 902.
(pdftex.def)             Requested size: 51.70113pt x 51.70299pt.
 [295]
<figures/generative-w2-vs-svgd-entropy-flow--w2-kde-trajectories.pdf, id=7567, 
182.5641pt x 121.06671pt>
File: figures/generative-w2-vs-svgd-entropy-flow--w2-kde-trajectories.pdf Graph
ic file (type pdf)
<use figures/generative-w2-vs-svgd-entropy-flow--w2-kde-trajectories.pdf>
Package pdftex.def Info: figures/generative-w2-vs-svgd-entropy-flow--w2-kde-tra
jectories.pdf  used on input line 958.
(pdftex.def)             Requested size: 211.29071pt x 140.11603pt.
<figures/generative-w2-vs-svgd-entropy-flow--svgd-trajectories.pdf, id=7568, 18
2.5641pt x 121.06671pt>
File: figures/generative-w2-vs-svgd-entropy-flow--svgd-trajectories.pdf Graphic
 file (type pdf)
<use figures/generative-w2-vs-svgd-entropy-flow--svgd-trajectories.pdf>
Package pdftex.def Info: figures/generative-w2-vs-svgd-entropy-flow--svgd-traje
ctories.pdf  used on input line 959.
(pdftex.def)             Requested size: 211.29071pt x 140.11603pt.

Underfull \vbox (badness 10000) has occurred while \output is active []

 [296 <./figures/generative-w2-vs-sliced-flow-shapes--w2-trajectories.pdf> <./f
igures/generative-w2-vs-sliced-flow-shapes--w2-density-0.pdf> <./figures/genera
tive-w2-vs-sliced-flow-shapes--w2-density-1.pdf> <./figures/generative-w2-vs-sl
iced-flow-shapes--w2-density-2.pdf> <./figures/generative-w2-vs-sliced-flow-sha
pes--w2-density-3.pdf> <./figures/generative-w2-vs-sliced-flow-shapes--w2-densi
ty-4.pdf> <./figures/generative-w2-vs-sliced-flow-shapes--sw-trajectories.pdf> 
<./figures/generative-w2-vs-sliced-flow-shapes--sw-density-0.pdf> <./figures/ge
nerative-w2-vs-sliced-flow-shapes--sw-density-1.pdf> <./figures/generative-w2-v
s-sliced-flow-shapes--sw-density-2.pdf> <./figures/generative-w2-vs-sliced-flow
-shapes--sw-density-3.pdf> <./figures/generative-w2-vs-sliced-flow-shapes--sw-d
ensity-4.pdf>]
Package mdframed Info: mdframed works in twoside mode on input line 1008.
Package mdframed Info: mdframed detected package amsthm 
 changed the theorem header of amsthm
(mdframed)              on input line 1008.
<figures/generative-drifting-model-trajectories--unnormalized-trajectories.pdf,
 id=7637, 132.52512pt x 112.71104pt>
File: figures/generative-drifting-model-trajectories--unnormalized-trajectories
.pdf Graphic file (type pdf)
<use figures/generative-drifting-model-trajectories--unnormalized-trajectories.
pdf>
Package pdftex.def Info: figures/generative-drifting-model-trajectories--unnorm
alized-trajectories.pdf  used on input line 1029.
(pdftex.def)             Requested size: 170.83253pt x 145.2998pt.
<figures/generative-drifting-model-trajectories--normalized-trajectories.pdf, i
d=7638, 132.52512pt x 112.71104pt>
File: figures/generative-drifting-model-trajectories--normalized-trajectories.p
df Graphic file (type pdf)
<use figures/generative-drifting-model-trajectories--normalized-trajectories.pd
f>
Package pdftex.def Info: figures/generative-drifting-model-trajectories--normal
ized-trajectories.pdf  used on input line 1031.
(pdftex.def)             Requested size: 170.83253pt x 145.2998pt.
 [297 <./figures/generative-w2-vs-svgd-entropy-flow--w2-kde-trajectories.pdf> <
./figures/generative-w2-vs-svgd-entropy-flow--svgd-trajectories.pdf>]
[298 <./figures/generative-drifting-model-trajectories--unnormalized-trajectori
es.pdf> <./figures/generative-drifting-model-trajectories--normalized-trajector
ies.pdf>]
Package mdframed Info: mdframed works in twoside mode on input line 1134.
Package mdframed Info: mdframed detected package amsthm 
 changed the theorem header of amsthm
(mdframed)              on input line 1134.
<figures/moment-measure-forward-map--slanted-source.pdf, id=7676, 139.18074pt x
 99.33675pt>
File: figures/moment-measure-forward-map--slanted-source.pdf Graphic file (type
 pdf)
<use figures/moment-measure-forward-map--slanted-source.pdf>
Package pdftex.def Info: figures/moment-measure-forward-map--slanted-source.pdf
  used on input line 1170.
(pdftex.def)             Requested size: 134.86743pt x 96.26404pt.
<figures/moment-measure-forward-map--twobump-source.pdf, id=7677, 144.18268pt x
 99.33675pt>
File: figures/moment-measure-forward-map--twobump-source.pdf Graphic file (type
 pdf)
<use figures/moment-measure-forward-map--twobump-source.pdf>
Package pdftex.def Info: figures/moment-measure-forward-map--twobump-source.pdf
  used on input line 1171.
(pdftex.def)             Requested size: 134.86743pt x 92.92484pt.
<figures/moment-measure-forward-map--threebump-source.pdf, id=7678, 138.36092pt
 x 99.33675pt>
File: figures/moment-measure-forward-map--threebump-source.pdf Graphic file (ty
pe pdf)
<use figures/moment-measure-forward-map--threebump-source.pdf>
Package pdftex.def Info: figures/moment-measure-forward-map--threebump-source.p
df  used on input line 1172.
(pdftex.def)             Requested size: 134.86743pt x 96.82791pt.
<figures/moment-measure-forward-map--slanted-moment.pdf, id=7679, 138.36092pt x
 99.33675pt>
File: figures/moment-measure-forward-map--slanted-moment.pdf Graphic file (type
 pdf)
<use figures/moment-measure-forward-map--slanted-moment.pdf>
Package pdftex.def Info: figures/moment-measure-forward-map--slanted-moment.pdf
  used on input line 1176.
(pdftex.def)             Requested size: 134.86743pt x 96.82791pt.
<figures/moment-measure-forward-map--twobump-moment.pdf, id=7680, 138.36092pt x
 99.33675pt>
File: figures/moment-measure-forward-map--twobump-moment.pdf Graphic file (type
 pdf)
<use figures/moment-measure-forward-map--twobump-moment.pdf>
Package pdftex.def Info: figures/moment-measure-forward-map--twobump-moment.pdf
  used on input line 1177.
(pdftex.def)             Requested size: 134.86743pt x 96.82791pt.
<figures/moment-measure-forward-map--threebump-moment.pdf, id=7681, 138.36092pt
 x 99.33675pt>
File: figures/moment-measure-forward-map--threebump-moment.pdf Graphic file (ty
pe pdf)
<use figures/moment-measure-forward-map--threebump-moment.pdf>
Package pdftex.def Info: figures/moment-measure-forward-map--threebump-moment.p
df  used on input line 1178.
(pdftex.def)             Requested size: 134.86743pt x 96.82791pt.
 [299] [300 <./figures/moment-measure-forward-map--slanted-source.pdf> <./figur
es/moment-measure-forward-map--twobump-source.pdf> <./figures/moment-measure-fo
rward-map--threebump-source.pdf> <./figures/moment-measure-forward-map--slanted
-moment.pdf> <./figures/moment-measure-forward-map--twobump-moment.pdf> <./figu
res/moment-measure-forward-map--threebump-moment.pdf>] [301] [302]
Package mdframed Info: mdframed works in twoside mode on input line 1430.
Package mdframed Info: mdframed detected package amsthm 
 changed the theorem header of amsthm
(mdframed)              on input line 1430.
Package mdframed Info: mdframed works in twoside mode on input line 1433.
Package mdframed Info: mdframed detected package amsthm 
 changed the theorem header of amsthm
(mdframed)              on input line 1433.

[303]
<figures/generative-mean-shift-pde--trajectories.pdf, id=7873, 139.39076pt x 99
.85202pt>
File: figures/generative-mean-shift-pde--trajectories.pdf Graphic file (type pd
f)
<use figures/generative-mean-shift-pde--trajectories.pdf>
Package pdftex.def Info: figures/generative-mean-shift-pde--trajectories.pdf  u
sed on input line 1501.
(pdftex.def)             Requested size: 175.3256pt x 125.60698pt.
<figures/generative-mean-shift-pde--snapshot-1.pdf, id=7874, 67.53632pt x 48.49
316pt>
File: figures/generative-mean-shift-pde--snapshot-1.pdf Graphic file (type pdf)

<use figures/generative-mean-shift-pde--snapshot-1.pdf>
Package pdftex.def Info: figures/generative-mean-shift-pde--snapshot-1.pdf  use
d on input line 1503.
(pdftex.def)             Requested size: 83.1663pt x 59.72021pt.
<figures/generative-mean-shift-pde--snapshot-2.pdf, id=7875, 67.53632pt x 48.49
316pt>
File: figures/generative-mean-shift-pde--snapshot-2.pdf Graphic file (type pdf)

<use figures/generative-mean-shift-pde--snapshot-2.pdf>
Package pdftex.def Info: figures/generative-mean-shift-pde--snapshot-2.pdf  use
d on input line 1504.
(pdftex.def)             Requested size: 83.1663pt x 59.72021pt.
<figures/generative-mean-shift-pde--snapshot-3.pdf, id=7876, 67.53632pt x 48.49
316pt>
File: figures/generative-mean-shift-pde--snapshot-3.pdf Graphic file (type pdf)

<use figures/generative-mean-shift-pde--snapshot-3.pdf>
Package pdftex.def Info: figures/generative-mean-shift-pde--snapshot-3.pdf  use
d on input line 1505.
(pdftex.def)             Requested size: 83.1663pt x 59.72021pt.
<figures/generative-mean-shift-pde--snapshot-4.pdf, id=7877, 67.53632pt x 48.49
316pt>
File: figures/generative-mean-shift-pde--snapshot-4.pdf Graphic file (type pdf)

<use figures/generative-mean-shift-pde--snapshot-4.pdf>
Package pdftex.def Info: figures/generative-mean-shift-pde--snapshot-4.pdf  use
d on input line 1506.
(pdftex.def)             Requested size: 83.1663pt x 59.72021pt.
 [304 <./figures/generative-mean-shift-pde--trajectories.pdf> <./figures/genera
tive-mean-shift-pde--snapshot-1.pdf> <./figures/generative-mean-shift-pde--snap
shot-2.pdf> <./figures/generative-mean-shift-pde--snapshot-3.pdf> <./figures/ge
nerative-mean-shift-pde--snapshot-4.pdf>]
<figures/gradflow-gaussian-closure--ot-ellipses.pdf, id=7915, 143.49208pt x 100
.24886pt>
File: figures/gradflow-gaussian-closure--ot-ellipses.pdf Graphic file (type pdf
)
<use figures/gradflow-gaussian-closure--ot-ellipses.pdf>
Package pdftex.def Info: figures/gradflow-gaussian-closure--ot-ellipses.pdf  us
ed on input line 1590.
(pdftex.def)             Requested size: 134.86743pt x 94.22781pt.
<figures/gradflow-gaussian-closure--sinkhorn-ellipses.pdf, id=7916, 143.49208pt
 x 100.24886pt>
File: figures/gradflow-gaussian-closure--sinkhorn-ellipses.pdf Graphic file (ty
pe pdf)
<use figures/gradflow-gaussian-closure--sinkhorn-ellipses.pdf>
Package pdftex.def Info: figures/gradflow-gaussian-closure--sinkhorn-ellipses.p
df  used on input line 1591.
(pdftex.def)             Requested size: 134.86743pt x 94.22781pt.
<figures/gradflow-gaussian-closure--drifting-ellipses.pdf, id=7917, 143.49208pt
 x 100.24886pt>
File: figures/gradflow-gaussian-closure--drifting-ellipses.pdf Graphic file (ty
pe pdf)
<use figures/gradflow-gaussian-closure--drifting-ellipses.pdf>
Package pdftex.def Info: figures/gradflow-gaussian-closure--drifting-ellipses.p
df  used on input line 1592.
(pdftex.def)             Requested size: 134.86743pt x 94.22781pt.
 [305 <./figures/gradflow-gaussian-closure--ot-ellipses.pdf> <./figures/gradflo
w-gaussian-closure--sinkhorn-ellipses.pdf> <./figures/gradflow-gaussian-closure
--drifting-ellipses.pdf>]
[306]
LaTeX Font Info:    Font shape `T1/zplTLF/b/it' will be
(Font)              scaled to size 9.0pt on input line 1737.
 [307] [308] [309] [310] [311] [312]) [313] (./OT4ML.bbl [314

] [315

]
[316] [317] [318] [319] [320] [321] [322] [323] [324] [325] [326] [327]
[328] [329] [330] [331] [332] [333] [334] [335]) [336]
(./sections/notation-table.tex
Appendix A.
LaTeX Font Info:    Font shape `T1/zplTLF/b/n' will be
(Font)              scaled to size 9.0pt on input line 20.
[337


] [338] [339] [340] [341] [342]) [343] [344

] (./OT4ML.ind
Appendix B.
[345

] [346] [347] [348] [349] [350] [351] [352] [353] [354] [355] [356])
[357] (./OT4ML.aux)

LaTeX Font Warning: Size substitutions with differences
(Font)              up to 1.97499pt have occurred.

Package rerunfilecheck Info: File `OT4ML.out' has not changed.
(rerunfilecheck)             Checksum: CC5CF1C076248F3B19C80D9FC855F0E4;21703.
 ) 
Here is how much of TeX's memory you used:
 41376 strings out of 478268
 922713 string characters out of 5846347
 1416339 words of memory out of 5000000
 55673 multiletter control sequences out of 15000+600000
 707088 words of font info for 694 fonts, out of 8000000 for 9000
 1141 hyphenation exceptions out of 8191
 99i,19n,94p,1589b,1433s stack positions out of 10000i,1000n,20000p,200000b,200000s
{/usr/local/texlive/2022/texmf-dist/fonts/enc/dvips/newtx/ntx-ec-tlf.enc}{/us
r/local/texlive/2022/texmf-dist/fonts/enc/dvips/newpx/zpl_TOsF.enc}{/usr/local/
texlive/2022/texmf-dist/fonts/enc/dvips/tex-gyre/q-ec.enc}{/usr/local/texlive/2
022/texmf-dist/fonts/enc/dvips/newtx/ntx-ot1-tlf.enc}{/usr/local/texlive/2022/t
exmf-dist/fonts/enc/dvips/inconsolata/i4-t1-0.enc}</usr/local/texlive/2022/texm
f-dist/fonts/type1/public/inconsolata/Inconsolata-zi4r.pfb></usr/local/texlive/
2022/texmf-dist/fonts/type1/public/newpx/NewPXMI.pfb></usr/local/texlive/2022/t
exmf-dist/fonts/type1/public/newpx/NewPXMI_gnu.pfb></usr/local/texlive/2022/tex
mf-dist/fonts/type1/public/bbold-type1/bbold10.pfb></usr/local/texlive/2022/tex
mf-dist/fonts/type1/public/bbold-type1/bbold5.pfb></usr/local/texlive/2022/texm
f-dist/fonts/type1/public/bbold-type1/bbold7.pfb></usr/local/texlive/2022/texmf
-dist/fonts/type1/public/doublestroke/dsrom10.pfb></usr/local/texlive/2022/texm
f-dist/fonts/type1/public/doublestroke/dsrom8.pfb></usr/local/texlive/2022/texm
f-dist/fonts/type1/public/newpx/pxmiaX.pfb></usr/local/texlive/2022/texmf-dist/
fonts/type1/public/newpx/pxsys.pfb></usr/local/texlive/2022/texmf-dist/fonts/ty
pe1/public/tex-gyre/qhvr.pfb></usr/local/texlive/2022/texmf-dist/fonts/type1/pu
blic/newtx/stxscr.pfb></usr/local/texlive/2022/texmf-dist/fonts/type1/public/ne
wtx/txexs.pfb></usr/local/texlive/2022/texmf-dist/fonts/type1/public/txfonts/tx
sya.pfb></usr/local/texlive/2022/texmf-dist/fonts/type1/public/txfonts/txsyb.pf
b></usr/local/texlive/2022/texmf-dist/fonts/type1/public/txfonts/txsyc.pfb></us
r/local/texlive/2022/texmf-dist/fonts/type1/public/newpx/zplb.pfb></usr/local/t
exlive/2022/texmf-dist/fonts/type1/public/newpx/zplbi.pfb></usr/local/texlive/2
022/texmf-dist/fonts/type1/public/newpx/zplr.pfb></usr/local/texlive/2022/texmf
-dist/fonts/type1/public/newpx/zplri.pfb>
Output written on OT4ML.pdf (365 pages, 21284717 bytes).
PDF statistics:
 12085 PDF objects out of 12825 (max. 8388607)
 9975 compressed objects within 100 object streams
 2004 named destinations out of 2073 (max. 500000)
 137225 words of extra memory for PDF output out of 154059 (max. 10000000)

