This is pdfTeX, Version 3.141592653-2.6-1.40.24 (TeX Live 2022) (preloaded format=pdflatex 2022.6.22)  26 AUG 2026 13:02
entering extended mode
 restricted \write18 enabled.
 %&-line parsing enabled.
**OT4ML.tex
(./OT4ML.tex
LaTeX2e <2021-11-15> patch level 1
L3 programming layer <2022-02-24>
(/usr/local/texlive/2022/texmf-dist/tex/latex/base/book.cls
Document Class: book 2021/10/04 v1.4n Standard LaTeX document class
(/usr/local/texlive/2022/texmf-dist/tex/latex/base/bk10.clo
File: bk10.clo 2021/10/04 v1.4n Standard LaTeX file (size option)
)
\c@part=\count185
\c@chapter=\count186
\c@section=\count187
\c@subsection=\count188
\c@subsubsection=\count189
\c@paragraph=\count190
\c@subparagraph=\count191
\c@figure=\count192
\c@table=\count193
\abovecaptionskip=\skip47
\belowcaptionskip=\skip48
\bibindent=\dimen138
)
(/usr/local/texlive/2022/texmf-dist/tex/latex/base/fontenc.sty
Package: fontenc 2021/04/29 v2.0v Standard LaTeX package
)
(/usr/local/texlive/2022/texmf-dist/tex/latex/geometry/geometry.sty
Package: geometry 2020/01/02 v5.9 Page Geometry

(/usr/local/texlive/2022/texmf-dist/tex/latex/graphics/keyval.sty
Package: keyval 2014/10/28 v1.15 key=value parser (DPC)
\KV@toks@=\toks16
)
(/usr/local/texlive/2022/texmf-dist/tex/generic/iftex/ifvtex.sty
Package: ifvtex 2019/10/25 v1.7 ifvtex legacy package. Use iftex instead.

(/usr/local/texlive/2022/texmf-dist/tex/generic/iftex/iftex.sty
Package: iftex 2022/02/03 v1.0f TeX engine tests
))
\Gm@cnth=\count194
\Gm@cntv=\count195
\c@Gm@tempcnt=\count196
\Gm@bindingoffset=\dimen139
\Gm@wd@mp=\dimen140
\Gm@odd@mp=\dimen141
\Gm@even@mp=\dimen142
\Gm@layoutwidth=\dimen143
\Gm@layoutheight=\dimen144
\Gm@layouthoffset=\dimen145
\Gm@layoutvoffset=\dimen146
\Gm@dimlist=\toks17
)
(/usr/local/texlive/2022/texmf-dist/tex/latex/newpx/newpxtext.sty
Package: newpxtext 2022/01/30 v1.504(Michael Sharpe) latex and unicode latex su
pport for TeXGyrePagellaX

`newpxtext' v1.504, 2022/01/30 Text macros taking advantage of TeXGyre Pagella 
and its extensions (msharpe)
(/usr/local/texlive/2022/texmf-dist/tex/latex/base/fontenc.sty
Package: fontenc 2021/04/29 v2.0v Standard LaTeX package
)
(/usr/local/texlive/2022/texmf-dist/tex/generic/iftex/ifxetex.sty
Package: ifxetex 2019/10/25 v0.7 ifxetex legacy package. Use iftex instead.
)
(/usr/local/texlive/2022/texmf-dist/tex/generic/iftex/ifluatex.sty
Package: ifluatex 2019/10/25 v1.5 ifluatex legacy package. Use iftex instead.
)
(/usr/local/texlive/2022/texmf-dist/tex/latex/xkeyval/xkeyval.sty
Package: xkeyval 2020/11/20 v2.8 package option processing (HA)

(/usr/local/texlive/2022/texmf-dist/tex/generic/xkeyval/xkeyval.tex
(/usr/local/texlive/2022/texmf-dist/tex/generic/xkeyval/xkvutils.tex
\XKV@toks=\toks18
\XKV@tempa@toks=\toks19
)
\XKV@depth=\count197
File: xkeyval.tex 2014/12/03 v2.7a key=value parser (HA)
))
(/usr/local/texlive/2022/texmf-dist/tex/latex/etoolbox/etoolbox.sty
Package: etoolbox 2020/10/05 v2.5k e-TeX tools for LaTeX (JAW)
\etb@tempcnta=\count198
)
(/usr/local/texlive/2022/texmf-dist/tex/latex/base/textcomp.sty
Package: textcomp 2020/02/02 v2.0n Standard LaTeX package
)
(/usr/local/texlive/2022/texmf-dist/tex/generic/xstring/xstring.sty
(/usr/local/texlive/2022/texmf-dist/tex/generic/xstring/xstring.tex
\integerpart=\count199
\decimalpart=\count266
)
Package: xstring 2021/07/21 v1.84 String manipulations (CT)
)
(/usr/local/texlive/2022/texmf-dist/tex/latex/base/ifthen.sty
Package: ifthen 2020/11/24 v1.1c Standard LaTeX ifthen package (DPC)
)
(/usr/local/texlive/2022/texmf-dist/tex/latex/carlisle/scalefnt.sty)
LaTeX Font Info:    Setting zplLF sub-encoding to TS1/0 on input line 24.
LaTeX Font Info:    Setting zplTLF sub-encoding to TS1/0 on input line 24.
LaTeX Font Info:    Setting zplOsF sub-encoding to TS1/0 on input line 24.
LaTeX Font Info:    Setting zplTOsF sub-encoding to TS1/0 on input line 24.
\zpl@cnt=\count267

(/usr/local/texlive/2022/texmf-dist/tex/latex/fontaxes/fontaxes.sty
Package: fontaxes 2020/07/21 v1.0e Font selection axes
LaTeX Info: Redefining \upshape on input line 29.
LaTeX Info: Redefining \itshape on input line 31.
LaTeX Info: Redefining \slshape on input line 33.
LaTeX Info: Redefining \swshape on input line 35.
LaTeX Info: Redefining \scshape on input line 37.
LaTeX Info: Redefining \sscshape on input line 39.
LaTeX Info: Redefining \ulcshape on input line 41.
LaTeX Info: Redefining \textsw on input line 47.
LaTeX Info: Redefining \textssc on input line 48.
LaTeX Info: Redefining \textulc on input line 49.
)
LaTeX Info: Redefining \nustyle on input line 254.
LaTeX Info: Redefining \textsu on input line 492.
LaTeX Info: Redefining \oldstylenums on input line 581.
)
(/usr/local/texlive/2022/texmf-dist/tex/latex/microtype/microtype.sty
Package: microtype 2022/03/14 v3.0d Micro-typographical refinements (RS)
\MT@toks=\toks20
\MT@tempbox=\box50
\MT@count=\count268
LaTeX Info: Redefining \noprotrusionifhmode on input line 1027.
LaTeX Info: Redefining \leftprotrusion on input line 1028.
LaTeX Info: Redefining \rightprotrusion on input line 1036.
LaTeX Info: Redefining \textls on input line 1195.
\MT@outer@kern=\dimen147
LaTeX Info: Redefining \textmicrotypecontext on input line 1781.
\MT@listname@count=\count269

(/usr/local/texlive/2022/texmf-dist/tex/latex/microtype/microtype-pdftex.def
File: microtype-pdftex.def 2022/03/14 v3.0d Definitions specific to pdftex (RS)

LaTeX Info: Redefining \lsstyle on input line 900.
LaTeX Info: Redefining \lslig on input line 900.
\MT@outer@space=\skip49
)
Package microtype Info: Loading configuration file microtype.cfg.

(/usr/local/texlive/2022/texmf-dist/tex/latex/microtype/microtype.cfg
File: microtype.cfg 2022/03/14 v3.0d microtype main configuration file (RS)
))
(/usr/local/texlive/2022/texmf-dist/tex/latex/fancyhdr/fancyhdr.sty
Package: fancyhdr 2021/01/28 v4.0.1 Extensive control of page headers and foote
rs
\f@nch@headwidth=\skip50
\f@nch@O@elh=\skip51
\f@nch@O@erh=\skip52
\f@nch@O@olh=\skip53
\f@nch@O@orh=\skip54
\f@nch@O@elf=\skip55
\f@nch@O@erf=\skip56
\f@nch@O@olf=\skip57
\f@nch@O@orf=\skip58
)
(/usr/local/texlive/2022/texmf-dist/tex/latex/titlesec/titlesec.sty
Package: titlesec 2021/07/05 v2.14 Sectioning titles
\ttl@box=\box51
\beforetitleunit=\skip59
\aftertitleunit=\skip60
\ttl@plus=\dimen148
\ttl@minus=\dimen149
\ttl@toksa=\toks21
\titlewidth=\dimen150
\titlewidthlast=\dimen151
\titlewidthfirst=\dimen152
)
(/usr/local/texlive/2022/texmf-dist/tex/latex/base/makeidx.sty
Package: makeidx 2021/10/04 v1.0m Standard LaTeX package
)
(/usr/local/texlive/2022/texmf-dist/tex/latex/tools/multicol.sty
Package: multicol 2021/10/28 v1.9b multicolumn formatting (FMi)
\c@tracingmulticols=\count270
\mult@box=\box52
\multicol@leftmargin=\dimen153
\c@unbalance=\count271
\c@collectmore=\count272
\doublecol@number=\count273
\multicoltolerance=\count274
\multicolpretolerance=\count275
\full@width=\dimen154
\page@free=\dimen155
\premulticols=\dimen156
\postmulticols=\dimen157
\multicolsep=\skip61
\multicolbaselineskip=\skip62
\partial@page=\box53
\last@line=\box54
\maxbalancingoverflow=\dimen158
\mult@rightbox=\box55
\mult@grightbox=\box56
\mult@firstbox=\box57
\mult@gfirstbox=\box58
\@tempa=\box59
\@tempa=\box60
\@tempa=\box61
\@tempa=\box62
\@tempa=\box63
\@tempa=\box64
\@tempa=\box65
\@tempa=\box66
\@tempa=\box67
\@tempa=\box68
\@tempa=\box69
\@tempa=\box70
\@tempa=\box71
\@tempa=\box72
\@tempa=\box73
\@tempa=\box74
\@tempa=\box75
\@tempa=\box76
\@tempa=\box77
\@tempa=\box78
\@tempa=\box79
\@tempa=\box80
\@tempa=\box81
\@tempa=\box82
\@tempa=\box83
\@tempa=\box84
\@tempa=\box85
\@tempa=\box86
\@tempa=\box87
\@tempa=\box88
\@tempa=\box89
\@tempa=\box90
\@tempa=\box91
\@tempa=\box92
\@tempa=\box93
\@tempa=\box94
\c@minrows=\count276
\c@columnbadness=\count277
\c@finalcolumnbadness=\count278
\last@try=\dimen159
\multicolovershoot=\dimen160
\multicolundershoot=\dimen161
\mult@nat@firstbox=\box95
\colbreak@box=\box96
\mc@col@check@num=\count279
)
(/usr/local/texlive/2022/texmf-dist/tex/latex/tools/longtable.sty
Package: longtable 2021-09-01 v4.17 Multi-page Table package (DPC)
\LTleft=\skip63
\LTright=\skip64
\LTpre=\skip65
\LTpost=\skip66
\LTchunksize=\count280
\LTcapwidth=\dimen162
\LT@head=\box97
\LT@firsthead=\box98
\LT@foot=\box99
\LT@lastfoot=\box100
\LT@gbox=\box101
\LT@cols=\count281
\LT@rows=\count282
\c@LT@tables=\count283
\c@LT@chunks=\count284
\LT@p@ftn=\toks22
)
(/usr/local/texlive/2022/texmf-dist/tex/latex/base/inputenc.sty
Package: inputenc 2021/02/14 v1.3d Input encoding file
\inpenc@prehook=\toks23
\inpenc@posthook=\toks24

(/usr/local/texlive/2022/texmf-dist/tex/latex/base/latin1.def
File: latin1.def 2021/02/14 v1.3d Input encoding file
)) (./mystyle.sty
(/usr/local/texlive/2022/texmf-dist/tex/latex/amsmath/amsmath.sty
Package: amsmath 2021/10/15 v2.17l AMS math features
\@mathmargin=\skip67

For additional information on amsmath, use the `?' option.
(/usr/local/texlive/2022/texmf-dist/tex/latex/amsmath/amstext.sty
Package: amstext 2021/08/26 v2.01 AMS text

(/usr/local/texlive/2022/texmf-dist/tex/latex/amsmath/amsgen.sty
File: amsgen.sty 1999/11/30 v2.0 generic functions
\@emptytoks=\toks25
\ex@=\dimen163
))
(/usr/local/texlive/2022/texmf-dist/tex/latex/amsmath/amsbsy.sty
Package: amsbsy 1999/11/29 v1.2d Bold Symbols
\pmbraise@=\dimen164
)
(/usr/local/texlive/2022/texmf-dist/tex/latex/amsmath/amsopn.sty
Package: amsopn 2021/08/26 v2.02 operator names
)
\inf@bad=\count285
LaTeX Info: Redefining \frac on input line 234.
\uproot@=\count286
\leftroot@=\count287
LaTeX Info: Redefining \overline on input line 399.
\classnum@=\count288
\DOTSCASE@=\count289
LaTeX Info: Redefining \ldots on input line 496.
LaTeX Info: Redefining \dots on input line 499.
LaTeX Info: Redefining \cdots on input line 620.
\Mathstrutbox@=\box102
\strutbox@=\box103
\big@size=\dimen165
LaTeX Font Info:    Redeclaring font encoding OML on input line 743.
LaTeX Font Info:    Redeclaring font encoding OMS on input line 744.
\macc@depth=\count290
\c@MaxMatrixCols=\count291
\dotsspace@=\muskip16
\c@parentequation=\count292
\dspbrk@lvl=\count293
\tag@help=\toks26
\row@=\count294
\column@=\count295
\maxfields@=\count296
\andhelp@=\toks27
\eqnshift@=\dimen166
\alignsep@=\dimen167
\tagshift@=\dimen168
\tagwidth@=\dimen169
\totwidth@=\dimen170
\lineht@=\dimen171
\@envbody=\toks28
\multlinegap=\skip68
\multlinetaggap=\skip69
\mathdisplay@stack=\toks29
LaTeX Info: Redefining \[ on input line 2938.
LaTeX Info: Redefining \] on input line 2939.
)
(/usr/local/texlive/2022/texmf-dist/tex/latex/amsfonts/amsfonts.sty
Package: amsfonts 2013/01/14 v3.01 Basic AMSFonts support
\symAMSa=\mathgroup4
\symAMSb=\mathgroup5
LaTeX Font Info:    Redeclaring math symbol \hbar on input line 98.
LaTeX Font Info:    Overwriting math alphabet `\mathfrak' in version `bold'
(Font)                  U/euf/m/n --> U/euf/b/n on input line 106.
)
(/usr/local/texlive/2022/texmf-dist/tex/latex/amsfonts/amssymb.sty
Package: amssymb 2013/01/14 v3.01 AMS font symbols
)
(/usr/local/texlive/2022/texmf-dist/tex/latex/amscls/amsthm.sty
Package: amsthm 2020/05/29 v2.20.6
\thm@style=\toks30
\thm@bodyfont=\toks31
\thm@headfont=\toks32
\thm@notefont=\toks33
\thm@headpunct=\toks34
\thm@preskip=\skip70
\thm@postskip=\skip71
\thm@headsep=\skip72
\dth@everypar=\toks35
)
(/usr/local/texlive/2022/texmf-dist/tex/latex/mathtools/mathtools.sty
Package: mathtools 2022/02/07 v1.28a mathematical typesetting tools

(/usr/local/texlive/2022/texmf-dist/tex/latex/tools/calc.sty
Package: calc 2017/05/25 v4.3 Infix arithmetic (KKT,FJ)
\calc@Acount=\count297
\calc@Bcount=\count298
\calc@Adimen=\dimen172
\calc@Bdimen=\dimen173
\calc@Askip=\skip73
\calc@Bskip=\skip74
LaTeX Info: Redefining \setlength on input line 80.
LaTeX Info: Redefining \addtolength on input line 81.
\calc@Ccount=\count299
\calc@Cskip=\skip75
)
(/usr/local/texlive/2022/texmf-dist/tex/latex/mathtools/mhsetup.sty
Package: mhsetup 2021/03/18 v1.4 programming setup (MH)
)
\g_MT_multlinerow_int=\count300
\l_MT_multwidth_dim=\dimen174
\origjot=\skip76
\l_MT_shortvdotswithinadjustabove_dim=\dimen175
\l_MT_shortvdotswithinadjustbelow_dim=\dimen176
\l_MT_above_intertext_sep=\dimen177
\l_MT_below_intertext_sep=\dimen178
\l_MT_above_shortintertext_sep=\dimen179
\l_MT_below_shortintertext_sep=\dimen180
\xmathstrut@box=\box104
\xmathstrut@dim=\dimen181
)
(/usr/local/texlive/2022/texmf-dist/tex/latex/graphics/graphicx.sty
Package: graphicx 2021/09/16 v1.2d Enhanced LaTeX Graphics (DPC,SPQR)

(/usr/local/texlive/2022/texmf-dist/tex/latex/graphics/graphics.sty
Package: graphics 2021/03/04 v1.4d Standard LaTeX Graphics (DPC,SPQR)

(/usr/local/texlive/2022/texmf-dist/tex/latex/graphics/trig.sty
Package: trig 2021/08/11 v1.11 sin cos tan (DPC)
)
(/usr/local/texlive/2022/texmf-dist/tex/latex/graphics-cfg/graphics.cfg
File: graphics.cfg 2016/06/04 v1.11 sample graphics configuration
)
Package graphics Info: Driver file: pdftex.def on input line 107.

(/usr/local/texlive/2022/texmf-dist/tex/latex/graphics-def/pdftex.def
File: pdftex.def 2020/10/05 v1.2a Graphics/color driver for pdftex
))
\Gin@req@height=\dimen182
\Gin@req@width=\dimen183
)
(/usr/local/texlive/2022/texmf-dist/tex/latex/subfigure/subfigure.sty
Package: subfigure 2002/03/15 v2.1.5 subfigure package
\subfigtopskip=\skip77
\subfigcapskip=\skip78
\subfigcaptopadj=\dimen184
\subfigbottomskip=\skip79
\subfigcapmargin=\dimen185
\subfiglabelskip=\skip80
\c@subfigure=\count301
\c@lofdepth=\count302
\c@subtable=\count303
\c@lotdepth=\count304

****************************************
* Local config file subfigure.cfg used *
****************************************
(/usr/local/texlive/2022/texmf-dist/tex/latex/subfigure/subfigure.cfg)
\subfig@top=\skip81
\subfig@bottom=\skip82
)
(/usr/local/texlive/2022/texmf-dist/tex/latex/tools/array.sty
Package: array 2021/10/04 v2.5f Tabular extension package (FMi)
\col@sep=\dimen186
\ar@mcellbox=\box105
\extrarowheight=\dimen187
\NC@list=\toks36
\extratabsurround=\skip83
\backup@length=\skip84
\ar@cellbox=\box106
)
(/usr/local/texlive/2022/texmf-dist/tex/latex/tools/tabularx.sty
Package: tabularx 2020/01/15 v2.11c `tabularx' package (DPC)
\TX@col@width=\dimen188
\TX@old@table=\dimen189
\TX@old@col=\dimen190
\TX@target=\dimen191
\TX@delta=\dimen192
\TX@cols=\count305
\TX@ftn=\toks37
)
(/usr/local/texlive/2022/texmf-dist/tex/latex/tools/indentfirst.sty
Package: indentfirst 1995/11/23 v1.03 Indent first paragraph (DPC)
)
(/usr/local/texlive/2022/texmf-dist/tex/latex/doublestroke/dsfont.sty
Package: dsfont 1995/08/01 v0.1 Double stroke roman fonts
)
(/usr/local/texlive/2022/texmf-dist/tex/latex/url/url.sty
\Urlmuskip=\muskip17
Package: url 2013/09/16  ver 3.4  Verb mode for urls, etc.
)
(/usr/local/texlive/2022/texmf-dist/tex/latex/stmaryrd/stmaryrd.sty
Package: stmaryrd 1994/03/03 St Mary's Road symbol package
\symstmry=\mathgroup6
LaTeX Font Info:    Overwriting symbol font `stmry' in version `bold'
(Font)                  U/stmry/m/n --> U/stmry/b/n on input line 89.
)
(/usr/local/texlive/2022/texmf-dist/tex/latex/tools/xspace.sty
Package: xspace 2014/10/28 v1.13 Space after command names (DPC,MH)
)
(/usr/local/texlive/2022/texmf-dist/tex/latex/xcolor/xcolor.sty
Package: xcolor 2021/10/31 v2.13 LaTeX color extensions (UK)

(/usr/local/texlive/2022/texmf-dist/tex/latex/graphics-cfg/color.cfg
File: color.cfg 2016/01/02 v1.6 sample color configuration
)
Package xcolor Info: Driver file: pdftex.def on input line 227.
Package xcolor Info: Model `cmy' substituted by `cmy0' on input line 1352.
Package xcolor Info: Model `hsb' substituted by `rgb' on input line 1356.
Package xcolor Info: Model `RGB' extended on input line 1368.
Package xcolor Info: Model `HTML' substituted by `rgb' on input line 1370.
Package xcolor Info: Model `Hsb' substituted by `hsb' on input line 1371.
Package xcolor Info: Model `tHsb' substituted by `hsb' on input line 1372.
Package xcolor Info: Model `HSB' substituted by `hsb' on input line 1373.
Package xcolor Info: Model `Gray' substituted by `gray' on input line 1374.
Package xcolor Info: Model `wave' substituted by `hsb' on input line 1375.
)
(/usr/local/texlive/2022/texmf-dist/tex/latex/pgf/frontendlayer/tikz.sty
(/usr/local/texlive/2022/texmf-dist/tex/latex/pgf/basiclayer/pgf.sty
(/usr/local/texlive/2022/texmf-dist/tex/latex/pgf/utilities/pgfrcs.sty
(/usr/local/texlive/2022/texmf-dist/tex/generic/pgf/utilities/pgfutil-common.te
x
\pgfutil@everybye=\toks38
\pgfutil@tempdima=\dimen193
\pgfutil@tempdimb=\dimen194

(/usr/local/texlive/2022/texmf-dist/tex/generic/pgf/utilities/pgfutil-common-li
sts.tex))
(/usr/local/texlive/2022/texmf-dist/tex/generic/pgf/utilities/pgfutil-latex.def
\pgfutil@abb=\box107
) (/usr/local/texlive/2022/texmf-dist/tex/generic/pgf/utilities/pgfrcs.code.tex
(/usr/local/texlive/2022/texmf-dist/tex/generic/pgf/pgf.revision.tex)
Package: pgfrcs 2021/05/15 v3.1.9a (3.1.9a)
))
Package: pgf 2021/05/15 v3.1.9a (3.1.9a)

(/usr/local/texlive/2022/texmf-dist/tex/latex/pgf/basiclayer/pgfcore.sty
(/usr/local/texlive/2022/texmf-dist/tex/latex/pgf/systemlayer/pgfsys.sty
(/usr/local/texlive/2022/texmf-dist/tex/generic/pgf/systemlayer/pgfsys.code.tex
Package: pgfsys 2021/05/15 v3.1.9a (3.1.9a)
(/usr/local/texlive/2022/texmf-dist/tex/generic/pgf/utilities/pgfkeys.code.tex
\pgfkeys@pathtoks=\toks39
\pgfkeys@temptoks=\toks40

(/usr/local/texlive/2022/texmf-dist/tex/generic/pgf/utilities/pgfkeysfiltered.c
ode.tex
\pgfkeys@tmptoks=\toks41
))
\pgf@x=\dimen195
\pgf@y=\dimen196
\pgf@xa=\dimen197
\pgf@ya=\dimen198
\pgf@xb=\dimen199
\pgf@yb=\dimen256
\pgf@xc=\dimen257
\pgf@yc=\dimen258
\pgf@xd=\dimen259
\pgf@yd=\dimen260
\w@pgf@writea=\write3
\r@pgf@reada=\read2
\c@pgf@counta=\count306
\c@pgf@countb=\count307
\c@pgf@countc=\count308
\c@pgf@countd=\count309
\t@pgf@toka=\toks42
\t@pgf@tokb=\toks43
\t@pgf@tokc=\toks44
\pgf@sys@id@count=\count310

(/usr/local/texlive/2022/texmf-dist/tex/generic/pgf/systemlayer/pgf.cfg
File: pgf.cfg 2021/05/15 v3.1.9a (3.1.9a)
)
Driver file for pgf: pgfsys-pdftex.def

(/usr/local/texlive/2022/texmf-dist/tex/generic/pgf/systemlayer/pgfsys-pdftex.d
ef
File: pgfsys-pdftex.def 2021/05/15 v3.1.9a (3.1.9a)

(/usr/local/texlive/2022/texmf-dist/tex/generic/pgf/systemlayer/pgfsys-common-p
df.def
File: pgfsys-common-pdf.def 2021/05/15 v3.1.9a (3.1.9a)
)))
(/usr/local/texlive/2022/texmf-dist/tex/generic/pgf/systemlayer/pgfsyssoftpath.
code.tex
File: pgfsyssoftpath.code.tex 2021/05/15 v3.1.9a (3.1.9a)
\pgfsyssoftpath@smallbuffer@items=\count311
\pgfsyssoftpath@bigbuffer@items=\count312
)
(/usr/local/texlive/2022/texmf-dist/tex/generic/pgf/systemlayer/pgfsysprotocol.
code.tex
File: pgfsysprotocol.code.tex 2021/05/15 v3.1.9a (3.1.9a)
))
(/usr/local/texlive/2022/texmf-dist/tex/generic/pgf/basiclayer/pgfcore.code.tex
Package: pgfcore 2021/05/15 v3.1.9a (3.1.9a)
(/usr/local/texlive/2022/texmf-dist/tex/generic/pgf/math/pgfmath.code.tex
(/usr/local/texlive/2022/texmf-dist/tex/generic/pgf/math/pgfmathcalc.code.tex
(/usr/local/texlive/2022/texmf-dist/tex/generic/pgf/math/pgfmathutil.code.tex)
(/usr/local/texlive/2022/texmf-dist/tex/generic/pgf/math/pgfmathparser.code.tex
\pgfmath@dimen=\dimen261
\pgfmath@count=\count313
\pgfmath@box=\box108
\pgfmath@toks=\toks45
\pgfmath@stack@operand=\toks46
\pgfmath@stack@operation=\toks47
)
(/usr/local/texlive/2022/texmf-dist/tex/generic/pgf/math/pgfmathfunctions.code.
tex
(/usr/local/texlive/2022/texmf-dist/tex/generic/pgf/math/pgfmathfunctions.basic
.code.tex)
(/usr/local/texlive/2022/texmf-dist/tex/generic/pgf/math/pgfmathfunctions.trigo
nometric.code.tex)
(/usr/local/texlive/2022/texmf-dist/tex/generic/pgf/math/pgfmathfunctions.rando
m.code.tex)
(/usr/local/texlive/2022/texmf-dist/tex/generic/pgf/math/pgfmathfunctions.compa
rison.code.tex)
(/usr/local/texlive/2022/texmf-dist/tex/generic/pgf/math/pgfmathfunctions.base.
code.tex)
(/usr/local/texlive/2022/texmf-dist/tex/generic/pgf/math/pgfmathfunctions.round
.code.tex)
(/usr/local/texlive/2022/texmf-dist/tex/generic/pgf/math/pgfmathfunctions.misc.
code.tex)
(/usr/local/texlive/2022/texmf-dist/tex/generic/pgf/math/pgfmathfunctions.integ
erarithmetics.code.tex)))
(/usr/local/texlive/2022/texmf-dist/tex/generic/pgf/math/pgfmathfloat.code.tex
\c@pgfmathroundto@lastzeros=\count314
)) (/usr/local/texlive/2022/texmf-dist/tex/generic/pgf/math/pgfint.code.tex)
(/usr/local/texlive/2022/texmf-dist/tex/generic/pgf/basiclayer/pgfcorepoints.co
de.tex
File: pgfcorepoints.code.tex 2021/05/15 v3.1.9a (3.1.9a)
\pgf@picminx=\dimen262
\pgf@picmaxx=\dimen263
\pgf@picminy=\dimen264
\pgf@picmaxy=\dimen265
\pgf@pathminx=\dimen266
\pgf@pathmaxx=\dimen267
\pgf@pathminy=\dimen268
\pgf@pathmaxy=\dimen269
\pgf@xx=\dimen270
\pgf@xy=\dimen271
\pgf@yx=\dimen272
\pgf@yy=\dimen273
\pgf@zx=\dimen274
\pgf@zy=\dimen275
)
(/usr/local/texlive/2022/texmf-dist/tex/generic/pgf/basiclayer/pgfcorepathconst
ruct.code.tex
File: pgfcorepathconstruct.code.tex 2021/05/15 v3.1.9a (3.1.9a)
\pgf@path@lastx=\dimen276
\pgf@path@lasty=\dimen277
)
(/usr/local/texlive/2022/texmf-dist/tex/generic/pgf/basiclayer/pgfcorepathusage
.code.tex
File: pgfcorepathusage.code.tex 2021/05/15 v3.1.9a (3.1.9a)
\pgf@shorten@end@additional=\dimen278
\pgf@shorten@start@additional=\dimen279
)
(/usr/local/texlive/2022/texmf-dist/tex/generic/pgf/basiclayer/pgfcorescopes.co
de.tex
File: pgfcorescopes.code.tex 2021/05/15 v3.1.9a (3.1.9a)
\pgfpic=\box109
\pgf@hbox=\box110
\pgf@layerbox@main=\box111
\pgf@picture@serial@count=\count315
)
(/usr/local/texlive/2022/texmf-dist/tex/generic/pgf/basiclayer/pgfcoregraphicst
ate.code.tex
File: pgfcoregraphicstate.code.tex 2021/05/15 v3.1.9a (3.1.9a)
\pgflinewidth=\dimen280
)
(/usr/local/texlive/2022/texmf-dist/tex/generic/pgf/basiclayer/pgfcoretransform
ations.code.tex
File: pgfcoretransformations.code.tex 2021/05/15 v3.1.9a (3.1.9a)
\pgf@pt@x=\dimen281
\pgf@pt@y=\dimen282
\pgf@pt@temp=\dimen283
)
(/usr/local/texlive/2022/texmf-dist/tex/generic/pgf/basiclayer/pgfcorequick.cod
e.tex
File: pgfcorequick.code.tex 2021/05/15 v3.1.9a (3.1.9a)
)
(/usr/local/texlive/2022/texmf-dist/tex/generic/pgf/basiclayer/pgfcoreobjects.c
ode.tex
File: pgfcoreobjects.code.tex 2021/05/15 v3.1.9a (3.1.9a)
)
(/usr/local/texlive/2022/texmf-dist/tex/generic/pgf/basiclayer/pgfcorepathproce
ssing.code.tex
File: pgfcorepathprocessing.code.tex 2021/05/15 v3.1.9a (3.1.9a)
)
(/usr/local/texlive/2022/texmf-dist/tex/generic/pgf/basiclayer/pgfcorearrows.co
de.tex
File: pgfcorearrows.code.tex 2021/05/15 v3.1.9a (3.1.9a)
\pgfarrowsep=\dimen284
)
(/usr/local/texlive/2022/texmf-dist/tex/generic/pgf/basiclayer/pgfcoreshade.cod
e.tex
File: pgfcoreshade.code.tex 2021/05/15 v3.1.9a (3.1.9a)
\pgf@max=\dimen285
\pgf@sys@shading@range@num=\count316
\pgf@shadingcount=\count317
)
(/usr/local/texlive/2022/texmf-dist/tex/generic/pgf/basiclayer/pgfcoreimage.cod
e.tex
File: pgfcoreimage.code.tex 2021/05/15 v3.1.9a (3.1.9a)

(/usr/local/texlive/2022/texmf-dist/tex/generic/pgf/basiclayer/pgfcoreexternal.
code.tex
File: pgfcoreexternal.code.tex 2021/05/15 v3.1.9a (3.1.9a)
\pgfexternal@startupbox=\box112
))
(/usr/local/texlive/2022/texmf-dist/tex/generic/pgf/basiclayer/pgfcorelayers.co
de.tex
File: pgfcorelayers.code.tex 2021/05/15 v3.1.9a (3.1.9a)
)
(/usr/local/texlive/2022/texmf-dist/tex/generic/pgf/basiclayer/pgfcoretranspare
ncy.code.tex
File: pgfcoretransparency.code.tex 2021/05/15 v3.1.9a (3.1.9a)
)
(/usr/local/texlive/2022/texmf-dist/tex/generic/pgf/basiclayer/pgfcorepatterns.
code.tex
File: pgfcorepatterns.code.tex 2021/05/15 v3.1.9a (3.1.9a)
)
(/usr/local/texlive/2022/texmf-dist/tex/generic/pgf/basiclayer/pgfcorerdf.code.
tex
File: pgfcorerdf.code.tex 2021/05/15 v3.1.9a (3.1.9a)
)))
(/usr/local/texlive/2022/texmf-dist/tex/generic/pgf/modules/pgfmoduleshapes.cod
e.tex
File: pgfmoduleshapes.code.tex 2021/05/15 v3.1.9a (3.1.9a)
\pgfnodeparttextbox=\box113
)
(/usr/local/texlive/2022/texmf-dist/tex/generic/pgf/modules/pgfmoduleplot.code.
tex
File: pgfmoduleplot.code.tex 2021/05/15 v3.1.9a (3.1.9a)
)
(/usr/local/texlive/2022/texmf-dist/tex/latex/pgf/compatibility/pgfcomp-version
-0-65.sty
Package: pgfcomp-version-0-65 2021/05/15 v3.1.9a (3.1.9a)
\pgf@nodesepstart=\dimen286
\pgf@nodesepend=\dimen287
)
(/usr/local/texlive/2022/texmf-dist/tex/latex/pgf/compatibility/pgfcomp-version
-1-18.sty
Package: pgfcomp-version-1-18 2021/05/15 v3.1.9a (3.1.9a)
))
(/usr/local/texlive/2022/texmf-dist/tex/latex/pgf/utilities/pgffor.sty
(/usr/local/texlive/2022/texmf-dist/tex/latex/pgf/utilities/pgfkeys.sty
(/usr/local/texlive/2022/texmf-dist/tex/generic/pgf/utilities/pgfkeys.code.tex)
) (/usr/local/texlive/2022/texmf-dist/tex/latex/pgf/math/pgfmath.sty
(/usr/local/texlive/2022/texmf-dist/tex/generic/pgf/math/pgfmath.code.tex))
(/usr/local/texlive/2022/texmf-dist/tex/generic/pgf/utilities/pgffor.code.tex
Package: pgffor 2021/05/15 v3.1.9a (3.1.9a)

(/usr/local/texlive/2022/texmf-dist/tex/generic/pgf/math/pgfmath.code.tex)
\pgffor@iter=\dimen288
\pgffor@skip=\dimen289
\pgffor@stack=\toks48
\pgffor@toks=\toks49
))
(/usr/local/texlive/2022/texmf-dist/tex/generic/pgf/frontendlayer/tikz/tikz.cod
e.tex
Package: tikz 2021/05/15 v3.1.9a (3.1.9a)

(/usr/local/texlive/2022/texmf-dist/tex/generic/pgf/libraries/pgflibraryplothan
dlers.code.tex
File: pgflibraryplothandlers.code.tex 2021/05/15 v3.1.9a (3.1.9a)
\pgf@plot@mark@count=\count318
\pgfplotmarksize=\dimen290
)
\tikz@lastx=\dimen291
\tikz@lasty=\dimen292
\tikz@lastxsaved=\dimen293
\tikz@lastysaved=\dimen294
\tikz@lastmovetox=\dimen295
\tikz@lastmovetoy=\dimen296
\tikzleveldistance=\dimen297
\tikzsiblingdistance=\dimen298
\tikz@figbox=\box114
\tikz@figbox@bg=\box115
\tikz@tempbox=\box116
\tikz@tempbox@bg=\box117
\tikztreelevel=\count319
\tikznumberofchildren=\count320
\tikznumberofcurrentchild=\count321
\tikz@fig@count=\count322

(/usr/local/texlive/2022/texmf-dist/tex/generic/pgf/modules/pgfmodulematrix.cod
e.tex
File: pgfmodulematrix.code.tex 2021/05/15 v3.1.9a (3.1.9a)
\pgfmatrixcurrentrow=\count323
\pgfmatrixcurrentcolumn=\count324
\pgf@matrix@numberofcolumns=\count325
)
\tikz@expandcount=\count326

(/usr/local/texlive/2022/texmf-dist/tex/generic/pgf/frontendlayer/tikz/librarie
s/tikzlibrarytopaths.code.tex
File: tikzlibrarytopaths.code.tex 2021/05/15 v3.1.9a (3.1.9a)
)))
(/usr/local/texlive/2022/texmf-dist/tex/generic/pgf/frontendlayer/tikz/librarie
s/tikzlibrarydecorations.pathmorphing.code.tex
(/usr/local/texlive/2022/texmf-dist/tex/generic/pgf/frontendlayer/tikz/librarie
s/tikzlibrarydecorations.code.tex
(/usr/local/texlive/2022/texmf-dist/tex/generic/pgf/modules/pgfmoduledecoration
s.code.tex
\pgfdecoratedcompleteddistance=\dimen299
\pgfdecoratedremainingdistance=\dimen300
\pgfdecoratedinputsegmentcompleteddistance=\dimen301
\pgfdecoratedinputsegmentremainingdistance=\dimen302
\pgf@decorate@distancetomove=\dimen303
\pgf@decorate@repeatstate=\count327
\pgfdecorationsegmentamplitude=\dimen304
\pgfdecorationsegmentlength=\dimen305
)
\tikz@lib@dec@box=\box118
)
(/usr/local/texlive/2022/texmf-dist/tex/generic/pgf/libraries/decorations/pgfli
brarydecorations.pathmorphing.code.tex))
(/usr/local/texlive/2022/texmf-dist/tex/latex/mdframed/mdframed.sty
Package: mdframed 2013/07/01 1.9b: mdframed

(/usr/local/texlive/2022/texmf-dist/tex/latex/kvoptions/kvoptions.sty
Package: kvoptions 2020-10-07 v3.14 Key value format for package options (HO)

(/usr/local/texlive/2022/texmf-dist/tex/generic/ltxcmds/ltxcmds.sty
Package: ltxcmds 2020-05-10 v1.25 LaTeX kernel commands for general use (HO)
)
(/usr/local/texlive/2022/texmf-dist/tex/generic/kvsetkeys/kvsetkeys.sty
Package: kvsetkeys 2019/12/15 v1.18 Key value parser (HO)
))
(/usr/local/texlive/2022/texmf-dist/tex/latex/l3packages/xparse/xparse.sty
(/usr/local/texlive/2022/texmf-dist/tex/latex/l3kernel/expl3.sty
Package: expl3 2022-02-24 L3 programming layer (loader) 

(/usr/local/texlive/2022/texmf-dist/tex/latex/l3backend/l3backend-pdftex.def
File: l3backend-pdftex.def 2022-02-07 L3 backend support: PDF output (pdfTeX)
\l__color_backend_stack_int=\count328
\l__pdf_internal_box=\box119
))
Package: xparse 2022-01-12 L3 Experimental document command parser
) (/usr/local/texlive/2022/texmf-dist/tex/latex/zref/zref-abspage.sty
Package: zref-abspage 2020-07-03 v2.32 Module abspage for zref (HO)

(/usr/local/texlive/2022/texmf-dist/tex/latex/zref/zref-base.sty
Package: zref-base 2020-07-03 v2.32 Module base for zref (HO)

(/usr/local/texlive/2022/texmf-dist/tex/generic/infwarerr/infwarerr.sty
Package: infwarerr 2019/12/03 v1.5 Providing info/warning/error messages (HO)
)
(/usr/local/texlive/2022/texmf-dist/tex/generic/kvdefinekeys/kvdefinekeys.sty
Package: kvdefinekeys 2019-12-19 v1.6 Define keys (HO)
)
(/usr/local/texlive/2022/texmf-dist/tex/generic/pdftexcmds/pdftexcmds.sty
Package: pdftexcmds 2020-06-27 v0.33 Utility functions of pdfTeX for LuaTeX (HO
)
Package pdftexcmds Info: \pdf@primitive is available.
Package pdftexcmds Info: \pdf@ifprimitive is available.
Package pdftexcmds Info: \pdfdraftmode found.
)
(/usr/local/texlive/2022/texmf-dist/tex/generic/etexcmds/etexcmds.sty
Package: etexcmds 2019/12/15 v1.7 Avoid name clashes with e-TeX commands (HO)
)
(/usr/local/texlive/2022/texmf-dist/tex/latex/auxhook/auxhook.sty
Package: auxhook 2019-12-17 v1.6 Hooks for auxiliary files (HO)
)
Package zref Info: New property list: main on input line 764.
Package zref Info: New property: default on input line 765.
Package zref Info: New property: page on input line 766.
)
(/usr/local/texlive/2022/texmf-dist/tex/latex/base/atbegshi-ltx.sty
Package: atbegshi-ltx 2021/01/10 v1.0c Emulation of the original atbegshi
package with kernel methods
)
\c@abspage=\count329
Package zref Info: New property: abspage on input line 66.
)
(/usr/local/texlive/2022/texmf-dist/tex/latex/needspace/needspace.sty
Package: needspace 2010/09/12 v1.3d reserve vertical space
)
\mdf@templength=\skip85
\c@mdf@globalstyle@cnt=\count330
\mdf@skipabove@length=\skip86
\mdf@skipbelow@length=\skip87
\mdf@leftmargin@length=\skip88
\mdf@rightmargin@length=\skip89
\mdf@innerleftmargin@length=\skip90
\mdf@innerrightmargin@length=\skip91
\mdf@innertopmargin@length=\skip92
\mdf@innerbottommargin@length=\skip93
\mdf@splittopskip@length=\skip94
\mdf@splitbottomskip@length=\skip95
\mdf@outermargin@length=\skip96
\mdf@innermargin@length=\skip97
\mdf@linewidth@length=\skip98
\mdf@innerlinewidth@length=\skip99
\mdf@middlelinewidth@length=\skip100
\mdf@outerlinewidth@length=\skip101
\mdf@roundcorner@length=\skip102
\mdf@footenotedistance@length=\skip103
\mdf@userdefinedwidth@length=\skip104
\mdf@needspace@length=\skip105
\mdf@frametitleaboveskip@length=\skip106
\mdf@frametitlebelowskip@length=\skip107
\mdf@frametitlerulewidth@length=\skip108
\mdf@frametitleleftmargin@length=\skip109
\mdf@frametitlerightmargin@length=\skip110
\mdf@shadowsize@length=\skip111
\mdf@extratopheight@length=\skip112
\mdf@subtitleabovelinewidth@length=\skip113
\mdf@subtitlebelowlinewidth@length=\skip114
\mdf@subtitleaboveskip@length=\skip115
\mdf@subtitlebelowskip@length=\skip116
\mdf@subtitleinneraboveskip@length=\skip117
\mdf@subtitleinnerbelowskip@length=\skip118
\mdf@subsubtitleabovelinewidth@length=\skip119
\mdf@subsubtitlebelowlinewidth@length=\skip120
\mdf@subsubtitleaboveskip@length=\skip121
\mdf@subsubtitlebelowskip@length=\skip122
\mdf@subsubtitleinneraboveskip@length=\skip123
\mdf@subsubtitleinnerbelowskip@length=\skip124

(/usr/local/texlive/2022/texmf-dist/tex/latex/mdframed/md-frame-1.mdf
File: md-frame-1.mdf 2013/07/01\ 1.9b: md-frame-1
)
\mdf@frametitlebox=\box120
\mdf@footnotebox=\box121
\mdf@splitbox@one=\box122
\mdf@splitbox@two=\box123
\mdf@splitbox@save=\box124
\mdfsplitboxwidth=\skip125
\mdfsplitboxtotalwidth=\skip126
\mdfsplitboxheight=\skip127
\mdfsplitboxdepth=\skip128
\mdfsplitboxtotalheight=\skip129
\mdfframetitleboxwidth=\skip130
\mdfframetitleboxtotalwidth=\skip131
\mdfframetitleboxheight=\skip132
\mdfframetitleboxdepth=\skip133
\mdfframetitleboxtotalheight=\skip134
\mdffootnoteboxwidth=\skip135
\mdffootnoteboxtotalwidth=\skip136
\mdffootnoteboxheight=\skip137
\mdffootnoteboxdepth=\skip138
\mdffootnoteboxtotalheight=\skip139
\mdftotallinewidth=\skip140
\mdfboundingboxwidth=\skip141
\mdfboundingboxtotalwidth=\skip142
\mdfboundingboxheight=\skip143
\mdfboundingboxdepth=\skip144
\mdfboundingboxtotalheight=\skip145
\mdf@freevspace@length=\skip146
\mdf@horizontalwidthofbox@length=\skip147
\mdf@verticalmarginwhole@length=\skip148
\mdf@horizontalspaceofbox=\skip149
\mdfsubtitleheight=\skip150
\mdfsubsubtitleheight=\skip151
\c@mdfcountframes=\count331

****** mdframed patching \endmdf@trivlist

****** -- success******

\mdf@envdepth=\count332
\c@mdf@env@i=\count333
\c@mdf@env@ii=\count334
\c@mdf@zref@counter=\count335
Package zref Info: New property: mdf@pagevalue on input line 895.
)
(/usr/local/texlive/2022/texmf-dist/tex/latex/tcolorbox/tcolorbox.sty
Package: tcolorbox 2022/01/07 version 5.0.2 text color boxes

(/usr/local/texlive/2022/texmf-dist/tex/latex/tools/verbatim.sty
Package: verbatim 2020-07-07 v1.5u LaTeX2e package for verbatim enhancements
\every@verbatim=\toks50
\verbatim@line=\toks51
\verbatim@in@stream=\read3
)
(/usr/local/texlive/2022/texmf-dist/tex/latex/environ/environ.sty
Package: environ 2014/05/04 v0.3 A new way to define environments

(/usr/local/texlive/2022/texmf-dist/tex/latex/trimspaces/trimspaces.sty
Package: trimspaces 2009/09/17 v1.1 Trim spaces around a token list
))
\tcb@titlebox=\box125
\tcb@upperbox=\box126
\tcb@lowerbox=\box127
\tcb@phantombox=\box128
\c@tcbbreakpart=\count336
\c@tcblayer=\count337
\c@tcolorbox@number=\count338
\tcb@temp=\box129
\tcb@temp=\box130
\tcb@temp=\box131
\tcb@temp=\box132

(/usr/local/texlive/2022/texmf-dist/tex/latex/tcolorbox/tcbskins.code.tex
Library (tcolorbox): 'tcbskins.code.tex' version '5.0.2'
\tcb@waterbox=\box133

(/usr/local/texlive/2022/texmf-dist/tex/latex/tcolorbox/tcbskinsjigsaw.code.tex
Library (tcolorbox): 'tcbskinsjigsaw.code.tex' version '5.0.2'
))
(/usr/local/texlive/2022/texmf-dist/tex/latex/tcolorbox/tcbbreakable.code.tex
Library (tcolorbox): 'tcbbreakable.code.tex' version '5.0.2'
(/usr/local/texlive/2022/texmf-dist/tex/generic/oberdiek/pdfcol.sty
Package: pdfcol 2019/12/29 v1.6 Handle new color stacks for pdfTeX (HO)
)
Package pdfcol Info: New color stack `tcb@breakable' = 1 on input line 23.
\tcb@testbox=\box134
\tcb@totalupperbox=\box135
\tcb@totallowerbox=\box136
))
\otfigurecaptionmargin=\skip152
\otfigurecaptionaboveskip=\skip153
\c@thm=\count339

(/usr/local/texlive/2022/texmf-dist/tex/latex/float/float.sty
Package: float 2001/11/08 v1.3d Float enhancements (AL)
\c@float@type=\count340
\float@exts=\toks52
\float@box=\box137
\@float@everytoks=\toks53
\@floatcapt=\box138
)
\@float@every@algfloat=\toks54
\c@algfloat=\count341
\eqlleadformula=\box139
\eqlleadtext=\box140
\eqlleadspace=\skip154
)
(/usr/local/texlive/2022/texmf-dist/tex/latex/newpx/newpxmath.sty
Package: newpxmath 2021/12/04 v1.5

`newpxmath' v1.5, 2021/12/04 Math macros based on pxfonts (msharpe)
(/usr/local/texlive/2022/texmf-dist/tex/generic/kastrup/binhex.tex)
(/usr/local/texlive/2022/texmf-dist/tex/latex/oberdiek/centernot.sty
Package: centernot 2016/05/16 v1.4 Centers the not symbol horizontally (HO)
)
\px@tA=\toks55
\px@tB=\toks56
\px@su=\read4
\px@Isdigit=\count342
LaTeX Font Info:    Redeclaring symbol font `operators' on input line 211.
LaTeX Font Info:    Overwriting symbol font `operators' in version `normal'
(Font)                  OT1/cmr/m/n --> OT1/zplTLF/m/n on input line 211.
LaTeX Font Info:    Overwriting symbol font `operators' in version `bold'
(Font)                  OT1/cmr/bx/n --> OT1/zplTLF/m/n on input line 211.
LaTeX Font Info:    Overwriting symbol font `operators' in version `bold'
(Font)                  OT1/zplTLF/m/n --> OT1/zplTLF/b/n on input line 212.
LaTeX Font Info:    Redeclaring math alphabet \mathsf on input line 215.
LaTeX Font Info:    Overwriting math alphabet `\mathsf' in version `normal'
(Font)                  OT1/cmss/m/n --> T1/qhv/m/n on input line 215.
LaTeX Font Info:    Overwriting math alphabet `\mathsf' in version `bold'
(Font)                  OT1/cmss/bx/n --> T1/qhv/m/n on input line 215.
LaTeX Font Info:    Redeclaring math alphabet \mathit on input line 216.
LaTeX Font Info:    Overwriting math alphabet `\mathit' in version `normal'
(Font)                  OT1/cmr/m/it --> OT1/zplTLF/m/it on input line 216.
LaTeX Font Info:    Overwriting math alphabet `\mathit' in version `bold'
(Font)                  OT1/cmr/bx/it --> OT1/zplTLF/m/it on input line 216.
LaTeX Font Info:    Redeclaring math alphabet \mathtt on input line 217.
LaTeX Font Info:    Overwriting math alphabet `\mathtt' in version `normal'
(Font)                  OT1/cmtt/m/n --> T1/npxtt/m/n on input line 217.
LaTeX Font Info:    Overwriting math alphabet `\mathtt' in version `bold'
(Font)                  OT1/cmtt/m/n --> T1/npxtt/m/n on input line 217.
LaTeX Font Info:    Redeclaring math alphabet \mathbf on input line 219.
LaTeX Font Info:    Overwriting math alphabet `\mathbf' in version `normal'
(Font)                  OT1/cmr/bx/n --> OT1/zplTLF/b/n on input line 219.
LaTeX Font Info:    Overwriting math alphabet `\mathbf' in version `bold'
(Font)                  OT1/cmr/bx/n --> OT1/zplTLF/b/n on input line 219.
LaTeX Font Info:    Overwriting math alphabet `\mathit' in version `bold'
(Font)                  OT1/zplTLF/m/it --> OT1/zplTLF/b/it on input line 220.
LaTeX Font Info:    Overwriting math alphabet `\mathsf' in version `bold'
(Font)                  T1/qhv/m/n --> T1/qhv/b/n on input line 222.
LaTeX Font Info:    Overwriting math alphabet `\mathtt' in version `bold'
(Font)                  T1/npxtt/m/n --> T1/npxtt/b/n on input line 223.
LaTeX Font Info:    Redeclaring symbol font `letters' on input line 234.
LaTeX Font Info:    Overwriting symbol font `letters' in version `normal'
(Font)                  OML/cmm/m/it --> OML/npxmi/m/it on input line 234.
LaTeX Font Info:    Overwriting symbol font `letters' in version `bold'
(Font)                  OML/cmm/b/it --> OML/npxmi/m/it on input line 234.
LaTeX Font Info:    Overwriting symbol font `letters' in version `bold'
(Font)                  OML/npxmi/m/it --> OML/npxmi/b/it on input line 235.
\symlettersA=\mathgroup7
LaTeX Font Info:    Overwriting symbol font `lettersA' in version `bold'
(Font)                  U/npxmia/m/it --> U/npxmia/b/it on input line 253.
LaTeX Font Info:    Redeclaring math alphabet \mathfrak on input line 255.
Now handling font encoding LMS ...
... no UTF-8 mapping file for font encoding LMS
LaTeX Font Info:    Redeclaring symbol font `symbols' on input line 263.
LaTeX Font Info:    Encoding `OMS' has changed to `LMS' for symbol font
(Font)              `symbols' in the math version `normal' on input line 263.
LaTeX Font Info:    Overwriting symbol font `symbols' in version `normal'
(Font)                  OMS/cmsy/m/n --> LMS/npxsy/m/n on input line 263.
LaTeX Font Info:    Encoding `OMS' has changed to `LMS' for symbol font
(Font)              `symbols' in the math version `bold' on input line 263.
LaTeX Font Info:    Overwriting symbol font `symbols' in version `bold'
(Font)                  OMS/cmsy/b/n --> LMS/npxsy/m/n on input line 263.
LaTeX Font Info:    Overwriting symbol font `symbols' in version `bold'
(Font)                  LMS/npxsy/m/n --> LMS/npxsy/b/n on input line 264.
\symAMSm=\mathgroup8
LaTeX Font Info:    Overwriting symbol font `AMSm' in version `bold'
(Font)                  U/npxsym/m/n --> U/npxsym/b/n on input line 284.
\symsymbolsC=\mathgroup9
LaTeX Font Info:    Overwriting symbol font `symbolsC' in version `bold'
(Font)                  U/npxsyc/m/n --> U/npxsyc/b/n on input line 306.
Now handling font encoding LMX ...
... no UTF-8 mapping file for font encoding LMX
LaTeX Font Info:    Redeclaring symbol font `largesymbols' on input line 326.
LaTeX Font Info:    Encoding `OMX' has changed to `LMX' for symbol font
(Font)              `largesymbols' in the math version `normal' on input line 3
26.
LaTeX Font Info:    Overwriting symbol font `largesymbols' in version `normal'
(Font)                  OMX/cmex/m/n --> LMX/npxexx/m/n on input line 326.
LaTeX Font Info:    Encoding `OMX' has changed to `LMX' for symbol font
(Font)              `largesymbols' in the math version `bold' on input line 326
.
LaTeX Font Info:    Overwriting symbol font `largesymbols' in version `bold'
(Font)                  OMX/cmex/m/n --> LMX/npxexx/m/n on input line 326.
LaTeX Font Info:    Overwriting symbol font `largesymbols' in version `bold'
(Font)                  LMX/npxexx/m/n --> LMX/npxexx/b/n on input line 327.
\symlargesymbolsPXA=\mathgroup10
LaTeX Font Info:    Overwriting symbol font `largesymbolsPXA' in version `bold'

(Font)                  U/npxexa/m/n --> U/npxexa/b/n on input line 334.
\px@cntz=\count343
\px@IsAlNum=\count344
\px@sbptoks=\toks57
LaTeX Font Info:    Redeclaring math delimiter \lfloor on input line 489.
LaTeX Font Info:    Redeclaring math delimiter \rfloor on input line 490.
LaTeX Font Info:    Redeclaring math delimiter \lceil on input line 491.
LaTeX Font Info:    Redeclaring math delimiter \rceil on input line 492.
LaTeX Font Info:    Redeclaring math delimiter \lbrace on input line 493.
LaTeX Font Info:    Redeclaring math delimiter \rbrace on input line 494.
LaTeX Font Info:    Redeclaring math delimiter \langle on input line 495.
LaTeX Font Info:    Redeclaring math delimiter \rangle on input line 497.
LaTeX Font Info:    Redeclaring math delimiter \arrowvert on input line 501.
LaTeX Font Info:    Redeclaring math delimiter \vert on input line 502.
LaTeX Font Info:    Redeclaring math symbol \parallel on input line 503.
LaTeX Font Info:    Redeclaring math delimiter \Arrowvert on input line 504.
LaTeX Font Info:    Redeclaring math accent \grave on input line 544.
LaTeX Font Info:    Redeclaring math accent \acute on input line 545.
LaTeX Font Info:    Redeclaring math accent \hat on input line 546.
LaTeX Font Info:    Redeclaring math accent \tilde on input line 547.
LaTeX Font Info:    Redeclaring math accent \bar on input line 548.
LaTeX Font Info:    Redeclaring math accent \breve on input line 549.
LaTeX Font Info:    Redeclaring math accent \mathring on input line 550.
LaTeX Font Info:    Redeclaring math accent \check on input line 551.
LaTeX Font Info:    Redeclaring math accent \dot on input line 555.
LaTeX Font Info:    Redeclaring math accent \ddot on input line 556.
LaTeX Font Info:    Redeclaring math accent \vec on input line 1598.
LaTeX Info: Redefining \Bbbk on input line 2175.
LaTeX Info: Redefining \not on input line 2457.
LaTeX Info: Redefining \textsquare on input line 2472.
LaTeX Info: Redefining \openbox on input line 2474.
)
(/usr/local/texlive/2022/texmf-dist/tex/latex/inconsolata/inconsolata.sty
Package: inconsolata 2019/05/17 v1.12

`inconsolata-zi4' v1.12, 2019/05/17 Text macros for Inconsolata (msharpe)
\zifour@ocount=\count345
)
(/usr/local/texlive/2022/texmf-dist/tex/latex/wrapfig/wrapfig.sty
\wrapoverhang=\dimen306
\WF@size=\dimen307
\c@WF@wrappedlines=\count346
\WF@box=\box141
\WF@everypar=\toks58
Package: wrapfig 2003/01/31  v 3.6
)
(./notations_ot.sty
(/usr/local/texlive/2022/texmf-dist/tex/latex/bbold/bbold.sty
Package: bbold 1994/04/06 Bbold symbol package
LaTeX Font Info:    Redeclaring math alphabet \mathbb on input line 42.
))
\c@ttlp@side=\count347
\ttlp@side=\count348

(/usr/local/texlive/2022/texmf-dist/tex/latex/hyperref/hyperref.sty
Package: hyperref 2022-02-21 v7.00n Hypertext links for LaTeX

(/usr/local/texlive/2022/texmf-dist/tex/generic/pdfescape/pdfescape.sty
Package: pdfescape 2019/12/09 v1.15 Implements pdfTeX's escape features (HO)
)
(/usr/local/texlive/2022/texmf-dist/tex/latex/hycolor/hycolor.sty
Package: hycolor 2020-01-27 v1.10 Color options for hyperref/bookmark (HO)
)
(/usr/local/texlive/2022/texmf-dist/tex/latex/letltxmacro/letltxmacro.sty
Package: letltxmacro 2019/12/03 v1.6 Let assignment for LaTeX macros (HO)
)
\@linkdim=\dimen308
\Hy@linkcounter=\count349
\Hy@pagecounter=\count350

(/usr/local/texlive/2022/texmf-dist/tex/latex/hyperref/pd1enc.def
File: pd1enc.def 2022-02-21 v7.00n Hyperref: PDFDocEncoding definition (HO)
Now handling font encoding PD1 ...
... no UTF-8 mapping file for font encoding PD1
)
(/usr/local/texlive/2022/texmf-dist/tex/generic/intcalc/intcalc.sty
Package: intcalc 2019/12/15 v1.3 Expandable calculations with integers (HO)
)
\Hy@SavedSpaceFactor=\count351

(/usr/local/texlive/2022/texmf-dist/tex/latex/hyperref/puenc.def
File: puenc.def 2022-02-21 v7.00n Hyperref: PDF Unicode definition (HO)
Now handling font encoding PU ...
... no UTF-8 mapping file for font encoding PU
)
Package hyperref Info: Option `bookmarks' set `true' on input line 4018.
Package hyperref Info: Option `colorlinks' set `true' on input line 4018.
Package hyperref Info: Hyper figures OFF on input line 4137.
Package hyperref Info: Link nesting OFF on input line 4142.
Package hyperref Info: Hyper index ON on input line 4145.
Package hyperref Info: Plain pages OFF on input line 4152.
Package hyperref Info: Backreferencing OFF on input line 4157.
Package hyperref Info: Implicit mode ON; LaTeX internals redefined.
Package hyperref Info: Bookmarks ON on input line 4390.
\c@Hy@tempcnt=\count352
LaTeX Info: Redefining \url on input line 4749.
\XeTeXLinkMargin=\dimen309

(/usr/local/texlive/2022/texmf-dist/tex/generic/bitset/bitset.sty
Package: bitset 2019/12/09 v1.3 Handle bit-vector datatype (HO)

(/usr/local/texlive/2022/texmf-dist/tex/generic/bigintcalc/bigintcalc.sty
Package: bigintcalc 2019/12/15 v1.5 Expandable calculations on big integers (HO
)
))
\Fld@menulength=\count353
\Field@Width=\dimen310
\Fld@charsize=\dimen311
Package hyperref Info: Hyper figures OFF on input line 6027.
Package hyperref Info: Link nesting OFF on input line 6032.
Package hyperref Info: Hyper index ON on input line 6035.
Package hyperref Info: backreferencing OFF on input line 6042.
Package hyperref Info: Link coloring ON on input line 6045.
Package hyperref Info: Link coloring with OCG OFF on input line 6052.
Package hyperref Info: PDF/A mode OFF on input line 6057.
LaTeX Info: Redefining \ref on input line 6097.
LaTeX Info: Redefining \pageref on input line 6101.
\Hy@abspage=\count354
\c@Item=\count355
\c@Hfootnote=\count356
)
Package hyperref Info: Driver (autodetected): hpdftex.

(/usr/local/texlive/2022/texmf-dist/tex/latex/hyperref/hpdftex.def
File: hpdftex.def 2022-02-21 v7.00n Hyperref driver for pdfTeX

(/usr/local/texlive/2022/texmf-dist/tex/latex/base/atveryend-ltx.sty
Package: atveryend-ltx 2020/08/19 v1.0a Emulation of the original atveryend pac
kage
with kernel methods
)
\HyAnn@Count=\count357
\Fld@listcount=\count358
\c@bookmark@seq@number=\count359

(/usr/local/texlive/2022/texmf-dist/tex/latex/rerunfilecheck/rerunfilecheck.sty
Package: rerunfilecheck 2019/12/05 v1.9 Rerun checks for auxiliary files (HO)

(/usr/local/texlive/2022/texmf-dist/tex/generic/uniquecounter/uniquecounter.sty
Package: uniquecounter 2019/12/15 v1.4 Provide unlimited unique counter (HO)
)
Package uniquecounter Info: New unique counter `rerunfilecheck' on input line 2
86.
)
\Hy@SectionHShift=\skip155
)
\@indexfile=\write4
\openout4 = `OT4ML.idx'.


Writing index file OT4ML.idx
LaTeX Font Info:    Trying to load font information for T1+zplTLF on input line
 180.
(/usr/local/texlive/2022/texmf-dist/tex/latex/newpx/t1zpltlf.fd
File: t1zpltlf.fd 2021/05/25 v1.0 font definition file for T1/zpl/TLF
)
LaTeX Font Info:    Font shape `T1/zplTLF/m/n' will be
(Font)              scaled to size 10.0pt on input line 180.
 (./OT4ML.aux)
\openout1 = `OT4ML.aux'.

LaTeX Font Info:    Checking defaults for OML/npxmi/m/it on input line 180.
LaTeX Font Info:    Trying to load font information for OML+npxmi on input line
 180.

(/usr/local/texlive/2022/texmf-dist/tex/latex/newpx/omlnpxmi.fd
File: omlnpxmi.fd 2013/03/21 Fontinst v1.933 font definitions for OML/npxmi.
)
LaTeX Font Info:    ... okay on input line 180.
LaTeX Font Info:    Checking defaults for OMS/cmsy/m/n on input line 180.
LaTeX Font Info:    ... okay on input line 180.
LaTeX Font Info:    Checking defaults for OT1/cmr/m/n on input line 180.
LaTeX Font Info:    ... okay on input line 180.
LaTeX Font Info:    Checking defaults for T1/cmr/m/n on input line 180.
LaTeX Font Info:    ... okay on input line 180.
LaTeX Font Info:    Checking defaults for TS1/cmr/m/n on input line 180.
LaTeX Font Info:    ... okay on input line 180.
LaTeX Font Info:    Checking defaults for OMX/cmex/m/n on input line 180.
LaTeX Font Info:    ... okay on input line 180.
LaTeX Font Info:    Checking defaults for U/npxexa/m/n on input line 180.
LaTeX Font Info:    Trying to load font information for U+npxexa on input line 
180.

(/usr/local/texlive/2022/texmf-dist/tex/latex/newpx/unpxexa.fd
File: unpxexa.fd 2013/03/24 Fontinst v1.933 font definitions for U/npxexa.
)
LaTeX Font Info:    ... okay on input line 180.
LaTeX Font Info:    Checking defaults for LMS/npxsy/m/n on input line 180.
LaTeX Font Info:    Trying to load font information for LMS+npxsy on input line
 180.

(/usr/local/texlive/2022/texmf-dist/tex/latex/newpx/lmsnpxsy.fd
File: lmsnpxsy.fd 2016/07/04 Fontinst v1.933 font definitions for LMS/npxsy.
)
LaTeX Font Info:    ... okay on input line 180.
LaTeX Font Info:    Checking defaults for LMX/npxexx/m/n on input line 180.
LaTeX Font Info:    Trying to load font information for LMX+npxexx on input lin
e 180.

(/usr/local/texlive/2022/texmf-dist/tex/latex/newpx/lmxnpxexx.fd
File: lmxnpxexx.fd 2016/07/04 Fontinst v1.933 font definitions for LMX/npxexx.
)
LaTeX Font Info:    ... okay on input line 180.
LaTeX Font Info:    Checking defaults for PD1/pdf/m/n on input line 180.
LaTeX Font Info:    ... okay on input line 180.
LaTeX Font Info:    Checking defaults for PU/pdf/m/n on input line 180.
LaTeX Font Info:    ... okay on input line 180.

*geometry* driver: auto-detecting
*geometry* detected driver: pdftex
*geometry* verbose mode - [ preamble ] result:
* driver: pdftex
* paper: a4paper
* layout: <same size as paper>
* layoutoffset:(h,v)=(0.0pt,0.0pt)
* modes: twoside 
* h-part:(L,W,R)=(79.66771pt, 449.55356pt, 68.2866pt)
* v-part:(T,H,B)=(73.97716pt, 691.40198pt, 79.66771pt)
* \paperwidth=597.50787pt
* \paperheight=845.04684pt
* \textwidth=449.55356pt
* \textheight=691.40198pt
* \oddsidemargin=7.39772pt
* \evensidemargin=-3.98338pt
* \topmargin=-35.05502pt
* \headheight=14.0pt
* \headsep=22.76219pt
* \topskip=10.0pt
* \footskip=25.29494pt
* \marginparwidth=115.0pt
* \marginparsep=7.0pt
* \columnsep=10.0pt
* \skip\footins=9.0pt plus 4.0pt minus 2.0pt
* \hoffset=0.0pt
* \voffset=0.0pt
* \mag=1000
* \@twocolumnfalse
* \@twosidetrue
* \@mparswitchtrue
* \@reversemarginfalse
* (1in=72.27pt=25.4mm, 1cm=28.453pt)

\c@mv@tabular=\count360
\c@mv@boldtabular=\count361
LaTeX Info: Redefining \microtypecontext on input line 180.
Package microtype Info: Applying patch `item' on input line 180.
Package microtype Info: Applying patch `toc' on input line 180.
Package microtype Info: Applying patch `eqnum' on input line 180.
Package microtype Info: Applying patch `footnote' on input line 180.
Package microtype Info: Generating PDF output.
Package microtype Info: Character protrusion enabled (level 2).
Package microtype Info: Using default protrusion set `alltext'.
Package microtype Info: Automatic font expansion enabled (level 2),
(microtype)             stretch: 20, shrink: 20, step: 1, non-selected.
Package microtype Info: Using default expansion set `alltext-nott'.
LaTeX Info: Redefining \showhyphens on input line 180.
Package microtype Info: No adjustment of tracking.
Package microtype Info: No adjustment of interword spacing.
Package microtype Info: No adjustment of character kerning.
Package microtype Info: Loading generic protrusion settings for font family
(microtype)             `zplTLF' (encoding: T1).
(microtype)             For optimal results, create family-specific settings.
(microtype)             See the microtype manual for details.
(/usr/local/texlive/2022/texmf-dist/tex/context/base/mkii/supp-pdf.mkii
[Loading MPS to PDF converter (version 2006.09.02).]
\scratchcounter=\count362
\scratchdimen=\dimen312
\scratchbox=\box142
\nofMPsegments=\count363
\nofMParguments=\count364
\everyMPshowfont=\toks59
\MPscratchCnt=\count365
\MPscratchDim=\dimen313
\MPnumerator=\count366
\makeMPintoPDFobject=\count367
\everyMPtoPDFconversion=\toks60
) (/usr/local/texlive/2022/texmf-dist/tex/latex/epstopdf-pkg/epstopdf-base.sty
Package: epstopdf-base 2020-01-24 v2.11 Base part for package epstopdf
Package epstopdf-base Info: Redefining graphics rule for `.eps' on input line 4
85.

(/usr/local/texlive/2022/texmf-dist/tex/latex/latexconfig/epstopdf-sys.cfg
File: epstopdf-sys.cfg 2010/07/13 v1.3 Configuration of (r)epstopdf for TeX Liv
e
))
(/usr/local/texlive/2022/texmf-dist/tex/latex/upquote/upquote.sty
Package: upquote 2012/04/19 v1.3 upright-quote and grave-accent glyphs in verba
tim
)
Package hyperref Info: Link coloring ON on input line 180.

(/usr/local/texlive/2022/texmf-dist/tex/latex/hyperref/nameref.sty
Package: nameref 2021-04-02 v2.47 Cross-referencing by name of section

(/usr/local/texlive/2022/texmf-dist/tex/latex/refcount/refcount.sty
Package: refcount 2019/12/15 v3.6 Data extraction from label references (HO)
)
(/usr/local/texlive/2022/texmf-dist/tex/generic/gettitlestring/gettitlestring.s
ty
Package: gettitlestring 2019/12/15 v1.6 Cleanup title references (HO)
)
\c@section@level=\count368
)
LaTeX Info: Redefining \ref on input line 180.
LaTeX Info: Redefining \pageref on input line 180.
LaTeX Info: Redefining \nameref on input line 180.
 (./OT4ML.out) (./OT4ML.out)
\@outlinefile=\write5
\openout5 = `OT4ML.out'.

Package hyperref Info: Option `pageanchor' set `false' on input line 182.
LaTeX Font Info:    Font shape `T1/zplTLF/m/n' will be
(Font)              scaled to size 44.0pt on input line 184.
LaTeX Font Info:    Font shape `T1/zplTLF/b/n' will be
(Font)              scaled to size 44.0pt on input line 184.
LaTeX Font Info:    Font shape `T1/zplTLF/m/n' will be
(Font)              scaled to size 14.4pt on input line 184.
LaTeX Font Info:    Trying to load font information for OT1+zplTLF on input lin
e 184.

(/usr/local/texlive/2022/texmf-dist/tex/latex/newpx/ot1zpltlf.fd
File: ot1zpltlf.fd 2021/05/25 v1.0 font definition file for OT1/zpl/TLF
)
LaTeX Font Info:    Font shape `OT1/zplTLF/m/n' will be
(Font)              scaled to size 14.4pt on input line 184.
Package microtype Info: Loading generic protrusion settings for font family
(microtype)             `zplTLF' (encoding: OT1).
(microtype)             For optimal results, create family-specific settings.
(microtype)             See the microtype manual for details.
LaTeX Font Info:    Font shape `OT1/zplTLF/m/n' will be
(Font)              scaled to size 10.5pt on input line 184.
LaTeX Font Info:    Font shape `OT1/zplTLF/m/n' will be
(Font)              scaled to size 7.9pt on input line 184.
LaTeX Font Info:    Trying to load font information for U+msa on input line 184
.

(/usr/local/texlive/2022/texmf-dist/tex/latex/amsfonts/umsa.fd
File: umsa.fd 2013/01/14 v3.01 AMS symbols A
)
(/usr/local/texlive/2022/texmf-dist/tex/latex/microtype/mt-msa.cfg
File: mt-msa.cfg 2006/02/04 v1.1 microtype config. file: AMS symbols (a) (RS)
)
LaTeX Font Info:    Trying to load font information for U+msb on input line 184
.

(/usr/local/texlive/2022/texmf-dist/tex/latex/amsfonts/umsb.fd
File: umsb.fd 2013/01/14 v3.01 AMS symbols B
)
(/usr/local/texlive/2022/texmf-dist/tex/latex/microtype/mt-msb.cfg
File: mt-msb.cfg 2005/06/01 v1.0 microtype config. file: AMS symbols (b) (RS)
)
LaTeX Font Info:    Trying to load font information for U+stmry on input line 1
84.

(/usr/local/texlive/2022/texmf-dist/tex/latex/stmaryrd/Ustmry.fd)

LaTeX Font Warning: Font shape `U/stmry/m/n' in size <10.5> not available
(Font)              size <10.95> substituted on input line 184.

LaTeX Font Info:    Trying to load font information for U+npxmia on input line 
184.
(/usr/local/texlive/2022/texmf-dist/tex/latex/newpx/unpxmia.fd
File: unpxmia.fd 2013/03/24 Fontinst v1.933 font definitions for U/npxmia.
)
LaTeX Font Info:    Trying to load font information for U+npxsym on input line 
184.

(/usr/local/texlive/2022/texmf-dist/tex/latex/newpx/unpxsym.fd
File: unpxsym.fd 2015/03/21 Fontinst v1.933 font definitions for U/npxsym.
)
LaTeX Font Info:    Trying to load font information for U+npxsyc on input line 
184.

(/usr/local/texlive/2022/texmf-dist/tex/latex/newpx/unpxsyc.fd
File: unpxsyc.fd 2013/03/24 Fontinst v1.933 font definitions for U/npxsyc.
)
LaTeX Font Info:    Trying to load font information for T1+zi4 on input line 18
4.

(/usr/local/texlive/2022/texmf-dist/tex/latex/inconsolata/t1zi4.fd
File: t1zi4.fd 2018/01/14 T1/zi4 (Inconsolata)
)
LaTeX Font Info:    Font shape `T1/zi4/m/n' will be
(Font)              scaled to size 13.67995pt on input line 184.
Package microtype Info: Loading generic protrusion settings for font family
(microtype)             `zi4' (encoding: T1).
(microtype)             For optimal results, create family-specific settings.
(microtype)             See the microtype manual for details.
LaTeX Font Info:    Font shape `T1/zplTLF/m/n' will be
(Font)              scaled to size 12.0pt on input line 184.
 [1


{/usr/local/texlive/2022/texmf-var/fonts/map/pdftex/updmap/pdftex.map}] [2

]
Package hyperref Info: Option `pageanchor' set `true' on input line 186.
LaTeX Font Info:    Font shape `T1/zplTLF/b/n' will be
(Font)              scaled to size 10.0pt on input line 190.
LaTeX Font Info:    Font shape `T1/zplTLF/b/n' will be
(Font)              scaled to size 20.74pt on input line 190.
LaTeX Font Info:    Font shape `T1/zi4/m/n' will be
(Font)              scaled to size 9.49997pt on input line 198.
LaTeX Font Info:    Font shape `T1/zplTLF/m/n' will be
(Font)              scaled to size 9.0pt on input line 200.
 [1


] [2

]
(./OT4ML.toc
LaTeX Font Info:    Font shape `OT1/zplTLF/m/n' will be
(Font)              scaled to size 10.0pt on input line 4.
LaTeX Font Info:    Font shape `OT1/zplTLF/m/n' will be
(Font)              scaled to size 7.3pt on input line 4.
LaTeX Font Info:    Font shape `OT1/zplTLF/m/n' will be
(Font)              scaled to size 5.5pt on input line 4.


LaTeX Font Warning: Font shape `U/stmry/m/n' in size <5.5> not available
(Font)              size <5> substituted on input line 4.

[3

] [4])
\tf@toc=\write6
\openout6 = `OT4ML.toc'.

 [5] [6

] (./sections/matching.tex
Chapter 1.
LaTeX Font Info:    Font shape `T1/zplTLF/b/n' will be
(Font)              scaled to size 14.4pt on input line 15.
Package mdframed Info: mdframed works in twoside mode on input line 27.
Package mdframed Info: mdframed detected package amsthm 
 changed the theorem header of amsthm
(mdframed)              on input line 27.
LaTeX Font Info:    Trying to load font information for U+bbold on input line 2
8.
(/usr/local/texlive/2022/texmf-dist/tex/latex/bbold/Ubbold.fd)

LaTeX Font Warning: Font shape `U/bbold/m/n' in size <5.5> not available
(Font)              size <5> substituted on input line 28.

LaTeX Font Info:    Font shape `T1/zplTLF/m/it' will be
(Font)              scaled to size 10.0pt on input line 44.
LaTeX Font Info:    Font shape `T1/zplTLF/m/it' will be
(Font)              scaled to size 7.3pt on input line 50.
LaTeX Font Info:    Font shape `T1/zplTLF/m/it' will be
(Font)              scaled to size 5.5pt on input line 50.
[1

]
LaTeX Font Info:    Font shape `T1/zplTLF/m/n' will be
(Font)              scaled to size 7.3pt on input line 69.
LaTeX Font Info:    Font shape `T1/zplTLF/m/n' will be
(Font)              scaled to size 5.5pt on input line 69.
Package hyperref Info: bookmark level for unknown algfloat defaults to 0 on inp
ut line 72.
Package mdframed Info: mdframed works in twoside mode on input line 81.
Package mdframed Info: mdframed detected package amsthm 
 changed the theorem header of amsthm
(mdframed)              on input line 81.
 [2]
Package mdframed Info: mdframed works in twoside mode on input line 143.
Package mdframed Info: mdframed detected package amsthm 
 changed the theorem header of amsthm
(mdframed)              on input line 143.
Package mdframed Info: mdframed works in twoside mode on input line 148.
Package mdframed Info: mdframed detected package amsthm 
 changed the theorem header of amsthm
(mdframed)              on input line 148.
Package mdframed Info: mdframed works in twoside mode on input line 153.
Package mdframed Info: mdframed detected package amsthm 
 changed the theorem header of amsthm
(mdframed)              on input line 153.
Package mdframed Info: mdframed works in twoside mode on input line 163.
Package mdframed Info: mdframed detected package amsthm 
 changed the theorem header of amsthm
(mdframed)              on input line 163.
Package mdframed Info: mdframed works in twoside mode on input line 167.
Package mdframed Info: mdframed detected package amsthm 
 changed the theorem header of amsthm
(mdframed)              on input line 167.
<figures/matching-1d-convex-concave-costs/mixture-convex.pdf, id=682, 151.3153p
t x 59.65166pt>
File: figures/matching-1d-convex-concave-costs/mixture-convex.pdf Graphic file 
(type pdf)
<use figures/matching-1d-convex-concave-costs/mixture-convex.pdf>
Package pdftex.def Info: figures/matching-1d-convex-concave-costs/mixture-conve
x.pdf  used on input line 183.
(pdftex.def)             Requested size: 206.79765pt x 81.52475pt.
<figures/matching-1d-convex-concave-costs/mixture-concave.pdf, id=683, 151.3153
pt x 59.65166pt>
File: figures/matching-1d-convex-concave-costs/mixture-concave.pdf Graphic file
 (type pdf)
<use figures/matching-1d-convex-concave-costs/mixture-concave.pdf>
Package pdftex.def Info: figures/matching-1d-convex-concave-costs/mixture-conca
ve.pdf  used on input line 184.
(pdftex.def)             Requested size: 206.79765pt x 81.52475pt.
LaTeX Font Info:    Font shape `OT1/zplTLF/m/n' will be
(Font)              scaled to size 9.0pt on input line 185.
LaTeX Font Info:    Font shape `T1/zplTLF/m/it' will be
(Font)              scaled to size 9.0pt on input line 188.
<figures/matching-1d-quantile-assignment/quantile-assignment.pdf, id=687, 178.6
8758pt x 92.98259pt>
File: figures/matching-1d-quantile-assignment/quantile-assignment.pdf Graphic f
ile (type pdf)
<use figures/matching-1d-quantile-assignment/quantile-assignment.pdf>
Package pdftex.def Info: figures/matching-1d-quantile-assignment/quantile-assig
nment.pdf  used on input line 200.
(pdftex.def)             Requested size: 206.79765pt x 107.61865pt.
<figures/matching-1d-quantile-assignment/central-to-three-modes.pdf, id=688, 17
8.68758pt x 92.98259pt>
File: figures/matching-1d-quantile-assignment/central-to-three-modes.pdf Graphi
c file (type pdf)
<use figures/matching-1d-quantile-assignment/central-to-three-modes.pdf>
Package pdftex.def Info: figures/matching-1d-quantile-assignment/central-to-thr
ee-modes.pdf  used on input line 201.
(pdftex.def)             Requested size: 206.79765pt x 107.61865pt.
 [3 <./figures/matching-1d-convex-concave-costs/mixture-convex.pdf> <./figures/
matching-1d-convex-concave-costs/mixture-concave.pdf>]
<figures/monge-histogram-equalization/image-t000.pdf, id=705, 77.5168pt x 77.51
68pt>
File: figures/monge-histogram-equalization/image-t000.pdf Graphic file (type pd
f)
<use figures/monge-histogram-equalization/image-t000.pdf>
Package pdftex.def Info: figures/monge-histogram-equalization/image-t000.pdf  u
sed on input line 223.
(pdftex.def)             Requested size: 94.40926pt x 94.40948pt.
<figures/monge-histogram-equalization/image-t033.pdf, id=706, 77.5168pt x 77.51
68pt>
File: figures/monge-histogram-equalization/image-t033.pdf Graphic file (type pd
f)
<use figures/monge-histogram-equalization/image-t033.pdf>
Package pdftex.def Info: figures/monge-histogram-equalization/image-t033.pdf  u
sed on input line 224.
(pdftex.def)             Requested size: 94.40926pt x 94.40948pt.
<figures/monge-histogram-equalization/image-t067.pdf, id=707, 77.5168pt x 77.51
68pt>
File: figures/monge-histogram-equalization/image-t067.pdf Graphic file (type pd
f)
<use figures/monge-histogram-equalization/image-t067.pdf>
Package pdftex.def Info: figures/monge-histogram-equalization/image-t067.pdf  u
sed on input line 225.
(pdftex.def)             Requested size: 94.40926pt x 94.40948pt.
<figures/monge-histogram-equalization/image-t100.pdf, id=708, 77.5168pt x 77.51
68pt>
File: figures/monge-histogram-equalization/image-t100.pdf Graphic file (type pd
f)
<use figures/monge-histogram-equalization/image-t100.pdf>
Package pdftex.def Info: figures/monge-histogram-equalization/image-t100.pdf  u
sed on input line 226.
(pdftex.def)             Requested size: 94.40926pt x 94.40948pt.
<figures/monge-histogram-equalization/hist-t000.pdf, id=709, 78.01546pt x 41.90
215pt>
File: figures/monge-histogram-equalization/hist-t000.pdf Graphic file (type pdf
)
<use figures/monge-histogram-equalization/hist-t000.pdf>
Package pdftex.def Info: figures/monge-histogram-equalization/hist-t000.pdf  us
ed on input line 227.
(pdftex.def)             Requested size: 94.40926pt x 50.71194pt.
<figures/monge-histogram-equalization/hist-t033.pdf, id=710, 78.01546pt x 41.90
215pt>
File: figures/monge-histogram-equalization/hist-t033.pdf Graphic file (type pdf
)
<use figures/monge-histogram-equalization/hist-t033.pdf>
Package pdftex.def Info: figures/monge-histogram-equalization/hist-t033.pdf  us
ed on input line 228.
(pdftex.def)             Requested size: 94.40926pt x 50.71194pt.
<figures/monge-histogram-equalization/hist-t067.pdf, id=711, 78.01546pt x 41.90
215pt>
File: figures/monge-histogram-equalization/hist-t067.pdf Graphic file (type pdf
)
<use figures/monge-histogram-equalization/hist-t067.pdf>
Package pdftex.def Info: figures/monge-histogram-equalization/hist-t067.pdf  us
ed on input line 229.
(pdftex.def)             Requested size: 94.40926pt x 50.71194pt.
<figures/monge-histogram-equalization/hist-t100.pdf, id=712, 78.01546pt x 41.90
215pt>
File: figures/monge-histogram-equalization/hist-t100.pdf Graphic file (type pdf
)
<use figures/monge-histogram-equalization/hist-t100.pdf>
Package pdftex.def Info: figures/monge-histogram-equalization/hist-t100.pdf  us
ed on input line 230.
(pdftex.def)             Requested size: 94.40926pt x 50.71194pt.
 [4 <./figures/matching-1d-quantile-assignment/quantile-assignment.pdf> <./figu
res/matching-1d-quantile-assignment/central-to-three-modes.pdf> <./figures/mong
e-histogram-equalization/image-t000.pdf> <./figures/monge-histogram-equalizatio
n/image-t033.pdf> <./figures/monge-histogram-equalization/image-t067.pdf> <./fi
gures/monge-histogram-equalization/image-t100.pdf> <./figures/monge-histogram-e
qualization/hist-t000.pdf> <./figures/monge-histogram-equalization/hist-t033.pd
f> <./figures/monge-histogram-equalization/hist-t067.pdf> <./figures/monge-hist
ogram-equalization/hist-t100.pdf>] [5]
Package mdframed Info: mdframed works in twoside mode on input line 327.
Package mdframed Info: mdframed detected package amsthm 
 changed the theorem header of amsthm
(mdframed)              on input line 327.
Package mdframed Info: mdframed works in twoside mode on input line 333.
Package mdframed Info: mdframed detected package amsthm 
 changed the theorem header of amsthm
(mdframed)              on input line 333.
Package mdframed Info: mdframed works in twoside mode on input line 337.
Package mdframed Info: mdframed detected package amsthm 
 changed the theorem header of amsthm
(mdframed)              on input line 337.
<figures/monge-circle-cut-unfolding/circle.pdf, id=762, 146.96104pt x 146.96104
pt>
File: figures/monge-circle-cut-unfolding/circle.pdf Graphic file (type pdf)
<use figures/monge-circle-cut-unfolding/circle.pdf>
Package pdftex.def Info: figures/monge-circle-cut-unfolding/circle.pdf  used on
 input line 352.
(pdftex.def)             Requested size: 134.86743pt x 134.8739pt.
<figures/monge-circle-cut-unfolding/unfolded.pdf, id=763, 173.08665pt x 96.8779
3pt>
File: figures/monge-circle-cut-unfolding/unfolded.pdf Graphic file (type pdf)
<use figures/monge-circle-cut-unfolding/unfolded.pdf>
Package pdftex.def Info: figures/monge-circle-cut-unfolding/unfolded.pdf  used 
on input line 353.
(pdftex.def)             Requested size: 233.76976pt x 130.84752pt.
 [6 <./figures/monge-circle-cut-unfolding/circle.pdf> <./figures/monge-circle-c
ut-unfolding/unfolded.pdf>]
<figures/matching-2d-cost-exponent/p0p5.pdf, id=778, 118.9278pt x 131.27844pt>
File: figures/matching-2d-cost-exponent/p0p5.pdf Graphic file (type pdf)
<use figures/matching-2d-cost-exponent/p0p5.pdf>
Package pdftex.def Info: figures/matching-2d-cost-exponent/p0p5.pdf  used on in
put line 369.
(pdftex.def)             Requested size: 104.294pt x 115.12874pt.
<figures/matching-2d-cost-exponent/p1.pdf, id=779, 118.9278pt x 131.27844pt>
File: figures/matching-2d-cost-exponent/p1.pdf Graphic file (type pdf)
<use figures/matching-2d-cost-exponent/p1.pdf>
Package pdftex.def Info: figures/matching-2d-cost-exponent/p1.pdf  used on inpu
t line 370.
(pdftex.def)             Requested size: 104.294pt x 115.12874pt.
<figures/matching-2d-cost-exponent/p2.pdf, id=780, 118.9278pt x 131.27844pt>
File: figures/matching-2d-cost-exponent/p2.pdf Graphic file (type pdf)
<use figures/matching-2d-cost-exponent/p2.pdf>
Package pdftex.def Info: figures/matching-2d-cost-exponent/p2.pdf  used on inpu
t line 371.
(pdftex.def)             Requested size: 104.294pt x 115.12874pt.
<figures/matching-2d-cost-exponent/p6.pdf, id=781, 118.9278pt x 131.27844pt>
File: figures/matching-2d-cost-exponent/p6.pdf Graphic file (type pdf)
<use figures/matching-2d-cost-exponent/p6.pdf>
Package pdftex.def Info: figures/matching-2d-cost-exponent/p6.pdf  used on inpu
t line 372.
(pdftex.def)             Requested size: 104.294pt x 115.12874pt.
 [7 <./figures/matching-2d-cost-exponent/p0p5.pdf> <./figures/matching-2d-cost-
exponent/p1.pdf> <./figures/matching-2d-cost-exponent/p2.pdf> <./figures/matchi
ng-2d-cost-exponent/p6.pdf>]
[8]
Package mdframed Info: mdframed works in twoside mode on input line 531.
Package mdframed Info: mdframed detected package amsthm 
 changed the theorem header of amsthm
(mdframed)              on input line 531.
Package mdframed Info: mdframed works in twoside mode on input line 536.
Package mdframed Info: mdframed detected package amsthm 
 changed the theorem header of amsthm
(mdframed)              on input line 536.
Package mdframed Info: mdframed works in twoside mode on input line 542.
Package mdframed Info: mdframed detected package amsthm 
 changed the theorem header of amsthm
(mdframed)              on input line 542.
Package mdframed Info: mdframed works in twoside mode on input line 551.
Package mdframed Info: mdframed detected package amsthm 
 changed the theorem header of amsthm
(mdframed)              on input line 551.
Package mdframed Info: mdframed works in twoside mode on input line 559.
Package mdframed Info: mdframed detected package amsthm 
 changed the theorem header of amsthm
(mdframed)              on input line 559.
Package mdframed Info: mdframed works in twoside mode on input line 571.
Package mdframed Info: mdframed detected package amsthm 
 changed the theorem header of amsthm
(mdframed)              on input line 571.
<figures/matching-hungarian-progression/stage-0.pdf, id=832, 111.45474pt x 123.
25648pt>
File: figures/matching-hungarian-progression/stage-0.pdf Graphic file (type pdf
)
<use figures/matching-hungarian-progression/stage-0.pdf>
Package pdftex.def Info: figures/matching-hungarian-progression/stage-0.pdf  us
ed on input line 590.
(pdftex.def)             Requested size: 80.91634pt x 89.48372pt.
<figures/matching-hungarian-progression/stage-1.pdf, id=833, 111.45474pt x 123.
25648pt>
File: figures/matching-hungarian-progression/stage-1.pdf Graphic file (type pdf
)
<use figures/matching-hungarian-progression/stage-1.pdf>
Package pdftex.def Info: figures/matching-hungarian-progression/stage-1.pdf  us
ed on input line 591.
(pdftex.def)             Requested size: 80.91634pt x 89.48372pt.
<figures/matching-hungarian-progression/stage-2.pdf, id=834, 111.45474pt x 123.
25648pt>
File: figures/matching-hungarian-progression/stage-2.pdf Graphic file (type pdf
)
<use figures/matching-hungarian-progression/stage-2.pdf>
Package pdftex.def Info: figures/matching-hungarian-progression/stage-2.pdf  us
ed on input line 592.
(pdftex.def)             Requested size: 80.91634pt x 89.48372pt.
<figures/matching-hungarian-progression/stage-3.pdf, id=835, 111.45474pt x 123.
25648pt>
File: figures/matching-hungarian-progression/stage-3.pdf Graphic file (type pdf
)
<use figures/matching-hungarian-progression/stage-3.pdf>
Package pdftex.def Info: figures/matching-hungarian-progression/stage-3.pdf  us
ed on input line 593.
(pdftex.def)             Requested size: 80.91634pt x 89.48372pt.
<figures/matching-hungarian-progression/stage-4.pdf, id=836, 111.45474pt x 123.
25648pt>
File: figures/matching-hungarian-progression/stage-4.pdf Graphic file (type pdf
)
<use figures/matching-hungarian-progression/stage-4.pdf>
Package pdftex.def Info: figures/matching-hungarian-progression/stage-4.pdf  us
ed on input line 594.
(pdftex.def)             Requested size: 80.91634pt x 89.48372pt.
 [9]) (./sections/monge.tex [10 <./figures/matching-hungarian-progression/stage
-0.pdf> <./figures/matching-hungarian-progression/stage-1.pdf> <./figures/match
ing-hungarian-progression/stage-2.pdf> <./figures/matching-hungarian-progressio
n/stage-3.pdf> <./figures/matching-hungarian-progression/stage-4.pdf>]
[11]
Chapter 2.
Package mdframed Info: mdframed works in twoside mode on input line 28.
Package mdframed Info: mdframed detected package amsthm 
 changed the theorem header of amsthm
(mdframed)              on input line 28.
Package mdframed Info: mdframed works in twoside mode on input line 43.
Package mdframed Info: mdframed detected package amsthm 
 changed the theorem header of amsthm
(mdframed)              on input line 43.
[12

]
Package mdframed Info: mdframed works in twoside mode on input line 82.
Package mdframed Info: mdframed detected package amsthm 
 changed the theorem header of amsthm
(mdframed)              on input line 82.
Package mdframed Info: mdframed works in twoside mode on input line 102.
Package mdframed Info: mdframed detected package amsthm 
 changed the theorem header of amsthm
(mdframed)              on input line 102.
Package mdframed Info: mdframed works in twoside mode on input line 122.
Package mdframed Info: mdframed detected package amsthm 
 changed the theorem header of amsthm
(mdframed)              on input line 122.
Package mdframed Info: mdframed works in twoside mode on input line 159.
Package mdframed Info: mdframed detected package amsthm 
 changed the theorem header of amsthm
(mdframed)              on input line 159.
Package mdframed Info: Not enough space on this page on input line 174.
 [13]
Package mdframed Info: Not enough space on this page on input line 174.
Package mdframed Info: mdframed works in twoside mode on input line 182.
Package mdframed Info: mdframed detected package amsthm 
 changed the theorem header of amsthm
(mdframed)              on input line 182.
 [14]
Package mdframed Info: mdframed works in twoside mode on input line 262.
Package mdframed Info: mdframed detected package amsthm 
 changed the theorem header of amsthm
(mdframed)              on input line 262.
Package mdframed Info: mdframed works in twoside mode on input line 300.
Package mdframed Info: mdframed detected package amsthm 
 changed the theorem header of amsthm
(mdframed)              on input line 300.
 [15]
<figures/monge-jacobian-pushforward-density/one-bump.pdf, id=927, 148.1535pt x 
148.1535pt>
File: figures/monge-jacobian-pushforward-density/one-bump.pdf Graphic file (typ
e pdf)
<use figures/monge-jacobian-pushforward-density/one-bump.pdf>
Package pdftex.def Info: figures/monge-jacobian-pushforward-density/one-bump.pd
f  used on input line 373.
(pdftex.def)             Requested size: 139.3605pt x 139.37056pt.
<figures/monge-jacobian-pushforward-density/three-bumps.pdf, id=928, 148.1535pt
 x 148.1535pt>
File: figures/monge-jacobian-pushforward-density/three-bumps.pdf Graphic file (
type pdf)
<use figures/monge-jacobian-pushforward-density/three-bumps.pdf>
Package pdftex.def Info: figures/monge-jacobian-pushforward-density/three-bumps
.pdf  used on input line 374.
(pdftex.def)             Requested size: 139.3605pt x 139.37056pt.
<figures/monge-jacobian-pushforward-density/five-bumps.pdf, id=929, 148.1535pt 
x 148.1535pt>
File: figures/monge-jacobian-pushforward-density/five-bumps.pdf Graphic file (t
ype pdf)
<use figures/monge-jacobian-pushforward-density/five-bumps.pdf>
Package pdftex.def Info: figures/monge-jacobian-pushforward-density/five-bumps.
pdf  used on input line 375.
(pdftex.def)             Requested size: 139.3605pt x 139.37056pt.
 [16 <./figures/monge-jacobian-pushforward-density/one-bump.pdf> <./figures/mon
ge-jacobian-pushforward-density/three-bumps.pdf> <./figures/monge-jacobian-push
forward-density/five-bumps.pdf>]
Package mdframed Info: mdframed works in twoside mode on input line 415.
Package mdframed Info: mdframed detected package amsthm 
 changed the theorem header of amsthm
(mdframed)              on input line 415.
<figures/monge-1d-map-mixtures/quantile-rays.pdf, id=945, 191.24449pt x 117.691
7pt>
File: figures/monge-1d-map-mixtures/quantile-rays.pdf Graphic file (type pdf)
<use figures/monge-1d-map-mixtures/quantile-rays.pdf>
Package pdftex.def Info: figures/monge-1d-map-mixtures/quantile-rays.pdf  used 
on input line 436.
(pdftex.def)             Requested size: 211.29071pt x 130.0341pt.
<figures/monge-1d-map-mixtures/map-graph.pdf, id=946, 206.81305pt x 127.0454pt>

File: figures/monge-1d-map-mixtures/map-graph.pdf Graphic file (type pdf)
<use figures/monge-1d-map-mixtures/map-graph.pdf>
Package pdftex.def Info: figures/monge-1d-map-mixtures/map-graph.pdf  used on i
nput line 437.
(pdftex.def)             Requested size: 211.29071pt x 129.79585pt.
 [17 <./figures/monge-1d-map-mixtures/quantile-rays.pdf> <./figures/monge-1d-ma
p-mixtures/map-graph.pdf>]
[18]
<figures/monge-semidiscrete-maps/gaussian-to-discrete.pdf, id=991, 188.76924pt 
x 114.57852pt>
File: figures/monge-semidiscrete-maps/gaussian-to-discrete.pdf Graphic file (ty
pe pdf)
<use figures/monge-semidiscrete-maps/gaussian-to-discrete.pdf>
Package pdftex.def Info: figures/monge-semidiscrete-maps/gaussian-to-discrete.p
df  used on input line 519.
(pdftex.def)             Requested size: 215.78378pt x 130.97751pt.
<figures/monge-semidiscrete-maps/mixture-to-discrete.pdf, id=992, 188.76924pt x
 115.28511pt>
File: figures/monge-semidiscrete-maps/mixture-to-discrete.pdf Graphic file (typ
e pdf)
<use figures/monge-semidiscrete-maps/mixture-to-discrete.pdf>
Package pdftex.def Info: figures/monge-semidiscrete-maps/mixture-to-discrete.pd
f  used on input line 520.
(pdftex.def)             Requested size: 215.78378pt x 131.78523pt.
<figures/monge-color-transfer-rgb/image-t000.pdf, id=997, 67.10992pt x 67.10992
pt>
File: figures/monge-color-transfer-rgb/image-t000.pdf Graphic file (type pdf)
<use figures/monge-color-transfer-rgb/image-t000.pdf>
Package pdftex.def Info: figures/monge-color-transfer-rgb/image-t000.pdf  used 
on input line 539.
(pdftex.def)             Requested size: 76.42328pt x 76.42316pt.
<figures/monge-color-transfer-rgb/image-t033.pdf, id=998, 67.10992pt x 67.10992
pt>
File: figures/monge-color-transfer-rgb/image-t033.pdf Graphic file (type pdf)
<use figures/monge-color-transfer-rgb/image-t033.pdf>
Package pdftex.def Info: figures/monge-color-transfer-rgb/image-t033.pdf  used 
on input line 540.
(pdftex.def)             Requested size: 76.42328pt x 76.42316pt.
<figures/monge-color-transfer-rgb/image-t067.pdf, id=999, 67.10992pt x 67.10992
pt>
File: figures/monge-color-transfer-rgb/image-t067.pdf Graphic file (type pdf)
<use figures/monge-color-transfer-rgb/image-t067.pdf>
Package pdftex.def Info: figures/monge-color-transfer-rgb/image-t067.pdf  used 
on input line 541.
(pdftex.def)             Requested size: 76.42328pt x 76.42316pt.
<figures/monge-color-transfer-rgb/image-t100.pdf, id=1000, 67.10992pt x 67.1099
2pt>
File: figures/monge-color-transfer-rgb/image-t100.pdf Graphic file (type pdf)
<use figures/monge-color-transfer-rgb/image-t100.pdf>
Package pdftex.def Info: figures/monge-color-transfer-rgb/image-t100.pdf  used 
on input line 542.
(pdftex.def)             Requested size: 76.42328pt x 76.42316pt.
<figures/monge-color-transfer-rgb/image-target.pdf, id=1001, 67.10992pt x 67.10
992pt>
File: figures/monge-color-transfer-rgb/image-target.pdf Graphic file (type pdf)

<use figures/monge-color-transfer-rgb/image-target.pdf>
Package pdftex.def Info: figures/monge-color-transfer-rgb/image-target.pdf  use
d on input line 543.
(pdftex.def)             Requested size: 76.42328pt x 76.42316pt.
<figures/monge-color-transfer-rgb/rgb-t000.pdf, id=1002, 65.66452pt x 65.66452p
t>
File: figures/monge-color-transfer-rgb/rgb-t000.pdf Graphic file (type pdf)
<use figures/monge-color-transfer-rgb/rgb-t000.pdf>
Package pdftex.def Info: figures/monge-color-transfer-rgb/rgb-t000.pdf  used on
 input line 544.
(pdftex.def)             Requested size: 76.42328pt x 76.42337pt.
<figures/monge-color-transfer-rgb/rgb-t033.pdf, id=1003, 65.66452pt x 65.66452p
t>
File: figures/monge-color-transfer-rgb/rgb-t033.pdf Graphic file (type pdf)
<use figures/monge-color-transfer-rgb/rgb-t033.pdf>
Package pdftex.def Info: figures/monge-color-transfer-rgb/rgb-t033.pdf  used on
 input line 545.
(pdftex.def)             Requested size: 76.42328pt x 76.42337pt.
<figures/monge-color-transfer-rgb/rgb-t067.pdf, id=1004, 65.66452pt x 65.66452p
t>
File: figures/monge-color-transfer-rgb/rgb-t067.pdf Graphic file (type pdf)
<use figures/monge-color-transfer-rgb/rgb-t067.pdf>
Package pdftex.def Info: figures/monge-color-transfer-rgb/rgb-t067.pdf  used on
 input line 546.
(pdftex.def)             Requested size: 76.42328pt x 76.42337pt.
<figures/monge-color-transfer-rgb/rgb-t100.pdf, id=1005, 65.66452pt x 65.66452p
t>
File: figures/monge-color-transfer-rgb/rgb-t100.pdf Graphic file (type pdf)
<use figures/monge-color-transfer-rgb/rgb-t100.pdf>
Package pdftex.def Info: figures/monge-color-transfer-rgb/rgb-t100.pdf  used on
 input line 547.
(pdftex.def)             Requested size: 76.42328pt x 76.42337pt.
<figures/monge-color-transfer-rgb/rgb-target.pdf, id=1006, 65.66452pt x 65.6645
2pt>
File: figures/monge-color-transfer-rgb/rgb-target.pdf Graphic file (type pdf)
<use figures/monge-color-transfer-rgb/rgb-target.pdf>
Package pdftex.def Info: figures/monge-color-transfer-rgb/rgb-target.pdf  used 
on input line 548.
(pdftex.def)             Requested size: 76.42328pt x 76.42337pt.
Package mdframed Info: mdframed works in twoside mode on input line 558.
Package mdframed Info: mdframed detected package amsthm 
 changed the theorem header of amsthm
(mdframed)              on input line 558.
 [19 <./figures/monge-semidiscrete-maps/gaussian-to-discrete.pdf> <./figures/mo
nge-semidiscrete-maps/mixture-to-discrete.pdf> <./figures/monge-color-transfer-
rgb/image-t000.pdf> <./figures/monge-color-transfer-rgb/image-t033.pdf> <./figu
res/monge-color-transfer-rgb/image-t067.pdf> <./figures/monge-color-transfer-rg
b/image-t100.pdf> <./figures/monge-color-transfer-rgb/image-target.pdf> <./figu
res/monge-color-transfer-rgb/rgb-t000.pdf> <./figures/monge-color-transfer-rgb/
rgb-t033.pdf> <./figures/monge-color-transfer-rgb/rgb-t067.pdf> <./figures/mong
e-color-transfer-rgb/rgb-t100.pdf> <./figures/monge-color-transfer-rgb/rgb-targ
et.pdf>]
LaTeX Font Info:    Trying to load font information for U+dsrom on input line 5
74.

(/usr/local/texlive/2022/texmf-dist/tex/latex/doublestroke/Udsrom.fd
File: Udsrom.fd 1995/08/01 v0.1 Double stroke roman font definitions
)
Package microtype Info: Fixing zero \fontdimen 6 for font `U/dsrom/m/n/10'
(microtype)             (new value: 10.0pt) on input line 574.
Package microtype Info: Fixing zero \fontdimen 6 for font `U/dsrom/m/n/7.3'
(microtype)             (new value: 7.3pt) on input line 574.
Package microtype Info: Fixing zero \fontdimen 6 for font `U/dsrom/m/n/5.5'
(microtype)             (new value: 5.5pt) on input line 574.
 [20]
Package mdframed Info: mdframed works in twoside mode on input line 715.
Package mdframed Info: mdframed detected package amsthm 
 changed the theorem header of amsthm
(mdframed)              on input line 715.

[21] [22]
<figures/monge-polar-factorization/source-grid.pdf, id=1101, 178.79599pt x 178.
79599pt>
File: figures/monge-polar-factorization/source-grid.pdf Graphic file (type pdf)

<use figures/monge-polar-factorization/source-grid.pdf>
Package pdftex.def Info: figures/monge-polar-factorization/source-grid.pdf  use
d on input line 822.
(pdftex.def)             Requested size: 134.86743pt x 134.8769pt.
<figures/monge-polar-factorization/relabeling-grid.pdf, id=1102, 178.79599pt x 
178.79599pt>
File: figures/monge-polar-factorization/relabeling-grid.pdf Graphic file (type 
pdf)
<use figures/monge-polar-factorization/relabeling-grid.pdf>
Package pdftex.def Info: figures/monge-polar-factorization/relabeling-grid.pdf 
 used on input line 823.
(pdftex.def)             Requested size: 134.86743pt x 134.8769pt.
<figures/monge-polar-factorization/final-grid.pdf, id=1103, 178.79599pt x 178.7
9599pt>
File: figures/monge-polar-factorization/final-grid.pdf Graphic file (type pdf)
<use figures/monge-polar-factorization/final-grid.pdf>
Package pdftex.def Info: figures/monge-polar-factorization/final-grid.pdf  used
 on input line 824.
(pdftex.def)             Requested size: 134.86743pt x 134.8769pt.
Package microtype Info: Fixing zero \fontdimen 6 for font `U/dsrom/m/n/9'
(microtype)             (new value: 9.0pt) on input line 825.
Package mdframed Info: mdframed works in twoside mode on input line 849.
Package mdframed Info: mdframed detected package amsthm 
 changed the theorem header of amsthm
(mdframed)              on input line 849.
 [23 <./figures/monge-polar-factorization/source-grid.pdf> <./figures/monge-pol
ar-factorization/relabeling-grid.pdf> <./figures/monge-polar-factorization/fina
l-grid.pdf>]
<figures/monge-shape-mccann-interpolation/particles-t000.pdf, id=1126, 87.12148
pt x 87.12148pt>
File: figures/monge-shape-mccann-interpolation/particles-t000.pdf Graphic file 
(type pdf)
<use figures/monge-shape-mccann-interpolation/particles-t000.pdf>
Package pdftex.def Info: figures/monge-shape-mccann-interpolation/particles-t00
0.pdf  used on input line 919.
(pdftex.def)             Requested size: 76.42328pt x 76.4265pt.
<figures/monge-shape-mccann-interpolation/particles-t025.pdf, id=1127, 87.12148
pt x 87.12148pt>
File: figures/monge-shape-mccann-interpolation/particles-t025.pdf Graphic file 
(type pdf)
<use figures/monge-shape-mccann-interpolation/particles-t025.pdf>
Package pdftex.def Info: figures/monge-shape-mccann-interpolation/particles-t02
5.pdf  used on input line 921.
(pdftex.def)             Requested size: 76.42328pt x 76.4265pt.
<figures/monge-shape-mccann-interpolation/particles-t050.pdf, id=1128, 87.12148
pt x 87.12148pt>
File: figures/monge-shape-mccann-interpolation/particles-t050.pdf Graphic file 
(type pdf)
<use figures/monge-shape-mccann-interpolation/particles-t050.pdf>
Package pdftex.def Info: figures/monge-shape-mccann-interpolation/particles-t05
0.pdf  used on input line 922.
(pdftex.def)             Requested size: 76.42328pt x 76.4265pt.
<figures/monge-shape-mccann-interpolation/particles-t075.pdf, id=1129, 87.12148
pt x 87.12148pt>
File: figures/monge-shape-mccann-interpolation/particles-t075.pdf Graphic file 
(type pdf)
<use figures/monge-shape-mccann-interpolation/particles-t075.pdf>
Package pdftex.def Info: figures/monge-shape-mccann-interpolation/particles-t07
5.pdf  used on input line 923.
(pdftex.def)             Requested size: 76.42328pt x 76.4265pt.
<figures/monge-shape-mccann-interpolation/particles-t100.pdf, id=1130, 87.12148
pt x 87.12148pt>
File: figures/monge-shape-mccann-interpolation/particles-t100.pdf Graphic file 
(type pdf)
<use figures/monge-shape-mccann-interpolation/particles-t100.pdf>
Package pdftex.def Info: figures/monge-shape-mccann-interpolation/particles-t10
0.pdf  used on input line 924.
(pdftex.def)             Requested size: 76.42328pt x 76.4265pt.
<figures/monge-shape-mccann-interpolation/density-t000.pdf, id=1131, 87.12148pt
 x 87.12148pt>
File: figures/monge-shape-mccann-interpolation/density-t000.pdf Graphic file (t
ype pdf)
<use figures/monge-shape-mccann-interpolation/density-t000.pdf>
Package pdftex.def Info: figures/monge-shape-mccann-interpolation/density-t000.
pdf  used on input line 925.
(pdftex.def)             Requested size: 76.42328pt x 76.4265pt.
<figures/monge-shape-mccann-interpolation/density-t025.pdf, id=1132, 87.12148pt
 x 87.12148pt>
File: figures/monge-shape-mccann-interpolation/density-t025.pdf Graphic file (t
ype pdf)
<use figures/monge-shape-mccann-interpolation/density-t025.pdf>
Package pdftex.def Info: figures/monge-shape-mccann-interpolation/density-t025.
pdf  used on input line 926.
(pdftex.def)             Requested size: 76.42328pt x 76.4265pt.
<figures/monge-shape-mccann-interpolation/density-t050.pdf, id=1133, 87.12148pt
 x 87.12148pt>
File: figures/monge-shape-mccann-interpolation/density-t050.pdf Graphic file (t
ype pdf)
<use figures/monge-shape-mccann-interpolation/density-t050.pdf>
Package pdftex.def Info: figures/monge-shape-mccann-interpolation/density-t050.
pdf  used on input line 927.
(pdftex.def)             Requested size: 76.42328pt x 76.4265pt.
<figures/monge-shape-mccann-interpolation/density-t075.pdf, id=1134, 87.12148pt
 x 87.12148pt>
File: figures/monge-shape-mccann-interpolation/density-t075.pdf Graphic file (t
ype pdf)
<use figures/monge-shape-mccann-interpolation/density-t075.pdf>
Package pdftex.def Info: figures/monge-shape-mccann-interpolation/density-t075.
pdf  used on input line 928.
(pdftex.def)             Requested size: 76.42328pt x 76.4265pt.
<figures/monge-shape-mccann-interpolation/density-t100.pdf, id=1135, 87.12148pt
 x 87.12148pt>
File: figures/monge-shape-mccann-interpolation/density-t100.pdf Graphic file (t
ype pdf)
<use figures/monge-shape-mccann-interpolation/density-t100.pdf>
Package pdftex.def Info: figures/monge-shape-mccann-interpolation/density-t100.
pdf  used on input line 930.
(pdftex.def)             Requested size: 76.42328pt x 76.4265pt.
 [24 <./figures/monge-shape-mccann-interpolation/particles-t000.pdf> <./figures
/monge-shape-mccann-interpolation/particles-t025.pdf> <./figures/monge-shape-mc
cann-interpolation/particles-t050.pdf> <./figures/monge-shape-mccann-interpolat
ion/particles-t075.pdf> <./figures/monge-shape-mccann-interpolation/particles-t
100.pdf> <./figures/monge-shape-mccann-interpolation/density-t000.pdf> <./figur
es/monge-shape-mccann-interpolation/density-t025.pdf> <./figures/monge-shape-mc
cann-interpolation/density-t050.pdf> <./figures/monge-shape-mccann-interpolatio
n/density-t075.pdf> <./figures/monge-shape-mccann-interpolation/density-t100.pd
f>]
<figures/monge-caffarelli-nonconvex-map/mccann-t000.pdf, id=1171, 102.14642pt x
 58.74106pt>
File: figures/monge-caffarelli-nonconvex-map/mccann-t000.pdf Graphic file (type
 pdf)
<use figures/monge-caffarelli-nonconvex-map/mccann-t000.pdf>
Package pdftex.def Info: figures/monge-caffarelli-nonconvex-map/mccann-t000.pdf
  used on input line 979.
(pdftex.def)             Requested size: 85.41626pt x 49.12254pt.
<figures/monge-caffarelli-nonconvex-map/mccann-t025.pdf, id=1172, 102.14642pt x
 58.74106pt>
File: figures/monge-caffarelli-nonconvex-map/mccann-t025.pdf Graphic file (type
 pdf)
<use figures/monge-caffarelli-nonconvex-map/mccann-t025.pdf>
Package pdftex.def Info: figures/monge-caffarelli-nonconvex-map/mccann-t025.pdf
  used on input line 980.
(pdftex.def)             Requested size: 85.41626pt x 49.12254pt.
<figures/monge-caffarelli-nonconvex-map/mccann-t050.pdf, id=1173, 102.14642pt x
 58.74106pt>
File: figures/monge-caffarelli-nonconvex-map/mccann-t050.pdf Graphic file (type
 pdf)
<use figures/monge-caffarelli-nonconvex-map/mccann-t050.pdf>
Package pdftex.def Info: figures/monge-caffarelli-nonconvex-map/mccann-t050.pdf
  used on input line 981.
(pdftex.def)             Requested size: 85.41626pt x 49.12254pt.
<figures/monge-caffarelli-nonconvex-map/mccann-t075.pdf, id=1174, 102.14642pt x
 58.74106pt>
File: figures/monge-caffarelli-nonconvex-map/mccann-t075.pdf Graphic file (type
 pdf)
<use figures/monge-caffarelli-nonconvex-map/mccann-t075.pdf>
Package pdftex.def Info: figures/monge-caffarelli-nonconvex-map/mccann-t075.pdf
  used on input line 982.
(pdftex.def)             Requested size: 85.41626pt x 49.12254pt.
<figures/monge-caffarelli-nonconvex-map/mccann-t100.pdf, id=1175, 102.14642pt x
 58.74106pt>
File: figures/monge-caffarelli-nonconvex-map/mccann-t100.pdf Graphic file (type
 pdf)
<use figures/monge-caffarelli-nonconvex-map/mccann-t100.pdf>
Package pdftex.def Info: figures/monge-caffarelli-nonconvex-map/mccann-t100.pdf
  used on input line 983.
(pdftex.def)             Requested size: 85.41626pt x 49.12254pt.
 [25 <./figures/monge-caffarelli-nonconvex-map/mccann-t000.pdf> <./figures/mong
e-caffarelli-nonconvex-map/mccann-t025.pdf> <./figures/monge-caffarelli-nonconv
ex-map/mccann-t050.pdf> <./figures/monge-caffarelli-nonconvex-map/mccann-t075.p
df> <./figures/monge-caffarelli-nonconvex-map/mccann-t100.pdf>] [26]
<figures/monge-sphere-mccann-interpolation/evolution.pdf, id=1244, 793.56227pt 
x 161.52345pt>
File: figures/monge-sphere-mccann-interpolation/evolution.pdf Graphic file (typ
e pdf)
<use figures/monge-sphere-mccann-interpolation/evolution.pdf>
Package pdftex.def Info: figures/monge-sphere-mccann-interpolation/evolution.pd
f  used on input line 1117.
(pdftex.def)             Requested size: 449.55356pt x 91.5049pt.
<figures/monge-hyperbolic-mccann-interpolation/evolution.pdf, id=1246, 625.3161
6pt x 134.66946pt>
File: figures/monge-hyperbolic-mccann-interpolation/evolution.pdf Graphic file 
(type pdf)
<use figures/monge-hyperbolic-mccann-interpolation/evolution.pdf>
Package pdftex.def Info: figures/monge-hyperbolic-mccann-interpolation/evolutio
n.pdf  used on input line 1131.
(pdftex.def)             Requested size: 449.55356pt x 96.81602pt.
Package mdframed Info: mdframed works in twoside mode on input line 1141.
Package mdframed Info: mdframed detected package amsthm 
 changed the theorem header of amsthm
(mdframed)              on input line 1141.
Package mdframed Info: Box was splittet wrong
 starting loop to iterate the splitting point
(mdframed)              on input line 1148.
 [27 <./figures/monge-sphere-mccann-interpolation/evolution.pdf> <./figures/mon
ge-hyperbolic-mccann-interpolation/evolution.pdf>]
Package mdframed Info: mdframed works in twoside mode on input line 1178.
Package mdframed Info: mdframed detected package amsthm 
 changed the theorem header of amsthm
(mdframed)              on input line 1178.
 [28]
Package mdframed Info: mdframed works in twoside mode on input line 1228.
Package mdframed Info: mdframed detected package amsthm 
 changed the theorem header of amsthm
(mdframed)              on input line 1228.
<figures/monge-cdf-quantile-mixtures/overview.pdf, id=1344, 550.56912pt x 151.0
3958pt>
File: figures/monge-cdf-quantile-mixtures/overview.pdf Graphic file (type pdf)
<use figures/monge-cdf-quantile-mixtures/overview.pdf>
Package pdftex.def Info: figures/monge-cdf-quantile-mixtures/overview.pdf  used
 on input line 1248.
(pdftex.def)             Requested size: 431.57443pt x 118.39577pt.
LaTeX Font Info:    Font shape `OT1/zplTLF/b/n' will be
(Font)              scaled to size 10.0pt on input line 1264.
LaTeX Font Info:    Font shape `OT1/zplTLF/b/n' will be
(Font)              scaled to size 7.3pt on input line 1264.
LaTeX Font Info:    Font shape `OT1/zplTLF/b/n' will be
(Font)              scaled to size 5.5pt on input line 1264.
 [29 <./figures/monge-cdf-quantile-mixtures/overview.pdf>] [30]
<figures/monge-1d-quantile-geodesic/endpoint-densities.pdf, id=1417, 190.17235p
t x 150.35248pt>
File: figures/monge-1d-quantile-geodesic/endpoint-densities.pdf Graphic file (t
ype pdf)
<use figures/monge-1d-quantile-geodesic/endpoint-densities.pdf>
Package pdftex.def Info: figures/monge-1d-quantile-geodesic/endpoint-densities.
pdf  used on input line 1448.
(pdftex.def)             Requested size: 107.89531pt x 85.3026pt.
<figures/monge-1d-quantile-geodesic/cdfs.pdf, id=1418, 190.04688pt x 153.78719p
t>
File: figures/monge-1d-quantile-geodesic/cdfs.pdf Graphic file (type pdf)
<use figures/monge-1d-quantile-geodesic/cdfs.pdf>
Package pdftex.def Info: figures/monge-1d-quantile-geodesic/cdfs.pdf  used on i
nput line 1449.
(pdftex.def)             Requested size: 107.89531pt x 87.3123pt.
<figures/monge-1d-quantile-geodesic/quantiles.pdf, id=1419, 197.47307pt x 150.0
7016pt>
File: figures/monge-1d-quantile-geodesic/quantiles.pdf Graphic file (type pdf)
<use figures/monge-1d-quantile-geodesic/quantiles.pdf>
Package pdftex.def Info: figures/monge-1d-quantile-geodesic/quantiles.pdf  used
 on input line 1450.
(pdftex.def)             Requested size: 107.89531pt x 81.99612pt.
<figures/monge-1d-quantile-geodesic/geodesic-densities.pdf, id=1420, 190.17235p
t x 150.35248pt>
File: figures/monge-1d-quantile-geodesic/geodesic-densities.pdf Graphic file (t
ype pdf)
<use figures/monge-1d-quantile-geodesic/geodesic-densities.pdf>
Package pdftex.def Info: figures/monge-1d-quantile-geodesic/geodesic-densities.
pdf  used on input line 1451.
(pdftex.def)             Requested size: 107.89531pt x 85.3026pt.
LaTeX Font Info:    Font shape `OT1/zplTLF/b/n' will be
(Font)              scaled to size 9.0pt on input line 1457.
 [31]
Package mdframed Info: mdframed works in twoside mode on input line 1486.
Package mdframed Info: mdframed detected package amsthm 
 changed the theorem header of amsthm
(mdframed)              on input line 1486.
 [32 <./figures/monge-1d-quantile-geodesic/endpoint-densities.pdf> <./figures/m
onge-1d-quantile-geodesic/cdfs.pdf> <./figures/monge-1d-quantile-geodesic/quant
iles.pdf> <./figures/monge-1d-quantile-geodesic/geodesic-densities.pdf>]
LaTeX Font Info:    Trying to load font information for T1+qhv on input line 15
74.

(/usr/local/texlive/2022/texmf-dist/tex/latex/tex-gyre/t1qhv.fd
File: t1qhv.fd 2009/09/25 v1.2 font definition file for T1/qhv
)
LaTeX Font Info:    Font shape `T1/qhv/m/n' will be
(Font)              scaled to size 9.40002pt on input line 1574.
Package microtype Info: Loading generic protrusion settings for font family
(microtype)             `qhv' (encoding: T1).
(microtype)             For optimal results, create family-specific settings.
(microtype)             See the microtype manual for details.
LaTeX Font Info:    Font shape `T1/qhv/m/n' will be
(Font)              scaled to size 6.86201pt on input line 1574.
LaTeX Font Info:    Font shape `T1/qhv/m/n' will be
(Font)              scaled to size 5.17001pt on input line 1574.
 [33]
<figures/monge-tree-mccann-interpolation/time-000.pdf, id=1550, 97.20314pt x 83
.10521pt>
File: figures/monge-tree-mccann-interpolation/time-000.pdf Graphic file (type p
df)
<use figures/monge-tree-mccann-interpolation/time-000.pdf>
Package pdftex.def Info: figures/monge-tree-mccann-interpolation/time-000.pdf  
used on input line 1615.
(pdftex.def)             Requested size: 85.41626pt x 73.03262pt.
<figures/monge-tree-mccann-interpolation/time-025.pdf, id=1551, 97.20314pt x 83
.10521pt>
File: figures/monge-tree-mccann-interpolation/time-025.pdf Graphic file (type p
df)
<use figures/monge-tree-mccann-interpolation/time-025.pdf>
Package pdftex.def Info: figures/monge-tree-mccann-interpolation/time-025.pdf  
used on input line 1616.
(pdftex.def)             Requested size: 85.41626pt x 73.03262pt.
<figures/monge-tree-mccann-interpolation/time-050.pdf, id=1552, 97.20314pt x 83
.10521pt>
File: figures/monge-tree-mccann-interpolation/time-050.pdf Graphic file (type p
df)
<use figures/monge-tree-mccann-interpolation/time-050.pdf>
Package pdftex.def Info: figures/monge-tree-mccann-interpolation/time-050.pdf  
used on input line 1617.
(pdftex.def)             Requested size: 85.41626pt x 73.03262pt.
<figures/monge-tree-mccann-interpolation/time-075.pdf, id=1553, 97.20314pt x 83
.10521pt>
File: figures/monge-tree-mccann-interpolation/time-075.pdf Graphic file (type p
df)
<use figures/monge-tree-mccann-interpolation/time-075.pdf>
Package pdftex.def Info: figures/monge-tree-mccann-interpolation/time-075.pdf  
used on input line 1618.
(pdftex.def)             Requested size: 85.41626pt x 73.03262pt.
<figures/monge-tree-mccann-interpolation/time-100.pdf, id=1554, 97.20314pt x 83
.10521pt>
File: figures/monge-tree-mccann-interpolation/time-100.pdf Graphic file (type p
df)
<use figures/monge-tree-mccann-interpolation/time-100.pdf>
Package pdftex.def Info: figures/monge-tree-mccann-interpolation/time-100.pdf  
used on input line 1619.
(pdftex.def)             Requested size: 85.41626pt x 73.03262pt.
LaTeX Font Info:    Font shape `T1/qhv/m/n' will be
(Font)              scaled to size 8.46002pt on input line 1620.
Package mdframed Info: mdframed works in twoside mode on input line 1674.
Package mdframed Info: mdframed detected package amsthm 
 changed the theorem header of amsthm
(mdframed)              on input line 1674.
<figures/monge-triangular-rearrangement/stage-01-source.pdf, id=1558, 83.22614p
t x 83.22614pt>
File: figures/monge-triangular-rearrangement/stage-01-source.pdf Graphic file (
type pdf)
<use figures/monge-triangular-rearrangement/stage-01-source.pdf>
Package pdftex.def Info: figures/monge-triangular-rearrangement/stage-01-source
.pdf  used on input line 1696.
(pdftex.def)             Requested size: 60.68726pt x 60.68852pt.
<figures/monge-triangular-rearrangement/stage-02-horizontal-033.pdf, id=1559, 8
3.22614pt x 83.22614pt>
File: figures/monge-triangular-rearrangement/stage-02-horizontal-033.pdf Graphi
c file (type pdf)
<use figures/monge-triangular-rearrangement/stage-02-horizontal-033.pdf>
Package pdftex.def Info: figures/monge-triangular-rearrangement/stage-02-horizo
ntal-033.pdf  used on input line 1697.
(pdftex.def)             Requested size: 60.68726pt x 60.68852pt.
<figures/monge-triangular-rearrangement/stage-03-horizontal-067.pdf, id=1560, 8
3.22614pt x 83.22614pt>
File: figures/monge-triangular-rearrangement/stage-03-horizontal-067.pdf Graphi
c file (type pdf)
<use figures/monge-triangular-rearrangement/stage-03-horizontal-067.pdf>
Package pdftex.def Info: figures/monge-triangular-rearrangement/stage-03-horizo
ntal-067.pdf  used on input line 1698.
(pdftex.def)             Requested size: 60.68726pt x 60.68852pt.
<figures/monge-triangular-rearrangement/stage-04-pivot.pdf, id=1561, 83.22614pt
 x 83.22614pt>
File: figures/monge-triangular-rearrangement/stage-04-pivot.pdf Graphic file (t
ype pdf)
<use figures/monge-triangular-rearrangement/stage-04-pivot.pdf>
Package pdftex.def Info: figures/monge-triangular-rearrangement/stage-04-pivot.
pdf  used on input line 1699.
(pdftex.def)             Requested size: 60.68726pt x 60.68852pt.
<figures/monge-triangular-rearrangement/stage-05-vertical-033.pdf, id=1562, 83.
22614pt x 83.22614pt>
File: figures/monge-triangular-rearrangement/stage-05-vertical-033.pdf Graphic 
file (type pdf)
<use figures/monge-triangular-rearrangement/stage-05-vertical-033.pdf>
Package pdftex.def Info: figures/monge-triangular-rearrangement/stage-05-vertic
al-033.pdf  used on input line 1700.
(pdftex.def)             Requested size: 60.68726pt x 60.68852pt.
<figures/monge-triangular-rearrangement/stage-06-vertical-067.pdf, id=1563, 83.
22614pt x 83.22614pt>
File: figures/monge-triangular-rearrangement/stage-06-vertical-067.pdf Graphic 
file (type pdf)
<use figures/monge-triangular-rearrangement/stage-06-vertical-067.pdf>
Package pdftex.def Info: figures/monge-triangular-rearrangement/stage-06-vertic
al-067.pdf  used on input line 1702.
(pdftex.def)             Requested size: 60.68726pt x 60.68852pt.
<figures/monge-triangular-rearrangement/stage-07-target.pdf, id=1564, 83.22614p
t x 83.22614pt>
File: figures/monge-triangular-rearrangement/stage-07-target.pdf Graphic file (
type pdf)
<use figures/monge-triangular-rearrangement/stage-07-target.pdf>
Package pdftex.def Info: figures/monge-triangular-rearrangement/stage-07-target
.pdf  used on input line 1703.
(pdftex.def)             Requested size: 60.68726pt x 60.68852pt.
 [34 <./figures/monge-tree-mccann-interpolation/time-000.pdf> <./figures/monge-
tree-mccann-interpolation/time-025.pdf> <./figures/monge-tree-mccann-interpolat
ion/time-050.pdf> <./figures/monge-tree-mccann-interpolation/time-075.pdf> <./f
igures/monge-tree-mccann-interpolation/time-100.pdf>] [35 <./figures/monge-tria
ngular-rearrangement/stage-01-source.pdf> <./figures/monge-triangular-rearrange
ment/stage-02-horizontal-033.pdf> <./figures/monge-triangular-rearrangement/sta
ge-03-horizontal-067.pdf> <./figures/monge-triangular-rearrangement/stage-04-pi
vot.pdf> <./figures/monge-triangular-rearrangement/stage-05-vertical-033.pdf> <
./figures/monge-triangular-rearrangement/stage-06-vertical-067.pdf> <./figures/
monge-triangular-rearrangement/stage-07-target.pdf>]
<figures/monge-gaussian-w2-geodesic/halfplane-1d.pdf, id=1622, 183.72327pt x 15
2.78217pt>
File: figures/monge-gaussian-w2-geodesic/halfplane-1d.pdf Graphic file (type pd
f)
<use figures/monge-gaussian-w2-geodesic/halfplane-1d.pdf>
Package pdftex.def Info: figures/monge-gaussian-w2-geodesic/halfplane-1d.pdf  u
sed on input line 1817.
(pdftex.def)             Requested size: 134.86743pt x 112.15482pt.
<figures/monge-gaussian-w2-geodesic/densities-1d-a.pdf, id=1623, 189.60461pt x 
151.24161pt>
File: figures/monge-gaussian-w2-geodesic/densities-1d-a.pdf Graphic file (type 
pdf)
<use figures/monge-gaussian-w2-geodesic/densities-1d-a.pdf>
Package pdftex.def Info: figures/monge-gaussian-w2-geodesic/densities-1d-a.pdf 
 used on input line 1818.
(pdftex.def)             Requested size: 143.86043pt x 114.75787pt.
<figures/monge-gaussian-w2-geodesic/densities-1d-b.pdf, id=1624, 183.84874pt x 
149.34747pt>
File: figures/monge-gaussian-w2-geodesic/densities-1d-b.pdf Graphic file (type 
pdf)
<use figures/monge-gaussian-w2-geodesic/densities-1d-b.pdf>
Package pdftex.def Info: figures/monge-gaussian-w2-geodesic/densities-1d-b.pdf 
 used on input line 1819.
(pdftex.def)             Requested size: 143.86043pt x 116.86427pt.
 [36]
<figures/monge-gaussian-fr-mean-geodesic/halfplane.pdf, id=1635, 189.32419pt x 
151.01689pt>
File: figures/monge-gaussian-fr-mean-geodesic/halfplane.pdf Graphic file (type 
pdf)
<use figures/monge-gaussian-fr-mean-geodesic/halfplane.pdf>
Package pdftex.def Info: figures/monge-gaussian-fr-mean-geodesic/halfplane.pdf 
 used on input line 1876.
(pdftex.def)             Requested size: 134.86743pt x 107.5845pt.
<figures/monge-gaussian-fr-mean-geodesic/densities-w2.pdf, id=1636, 189.44966pt
 x 151.01689pt>
File: figures/monge-gaussian-fr-mean-geodesic/densities-w2.pdf Graphic file (ty
pe pdf)
<use figures/monge-gaussian-fr-mean-geodesic/densities-w2.pdf>
Package pdftex.def Info: figures/monge-gaussian-fr-mean-geodesic/densities-w2.p
df  used on input line 1877.
(pdftex.def)             Requested size: 143.86043pt x 114.68184pt.
<figures/monge-gaussian-fr-mean-geodesic/densities-fr.pdf, id=1637, 189.44966pt
 x 151.01689pt>
File: figures/monge-gaussian-fr-mean-geodesic/densities-fr.pdf Graphic file (ty
pe pdf)
<use figures/monge-gaussian-fr-mean-geodesic/densities-fr.pdf>
Package pdftex.def Info: figures/monge-gaussian-fr-mean-geodesic/densities-fr.p
df  used on input line 1878.
(pdftex.def)             Requested size: 143.86043pt x 114.68184pt.

Underfull \vbox (badness 10000) has occurred while \output is active []

 [37 <./figures/monge-gaussian-w2-geodesic/halfplane-1d.pdf> <./figures/monge-g
aussian-w2-geodesic/densities-1d-a.pdf> <./figures/monge-gaussian-w2-geodesic/d
ensities-1d-b.pdf> <./figures/monge-gaussian-fr-mean-geodesic/halfplane.pdf> <.
/figures/monge-gaussian-fr-mean-geodesic/densities-w2.pdf> <./figures/monge-gau
ssian-fr-mean-geodesic/densities-fr.pdf>]
Package mdframed Info: mdframed works in twoside mode on input line 1926.
Package mdframed Info: mdframed detected package amsthm 
 changed the theorem header of amsthm
(mdframed)              on input line 1926.
 [38]
<figures/monge-gaussian-w2-geodesic/ellipses-anisotropic-to-isotropic.pdf, id=1
757, 148.6052pt x 93.90678pt>
File: figures/monge-gaussian-w2-geodesic/ellipses-anisotropic-to-isotropic.pdf 
Graphic file (type pdf)
<use figures/monge-gaussian-w2-geodesic/ellipses-anisotropic-to-isotropic.pdf>
Package pdftex.def Info: figures/monge-gaussian-w2-geodesic/ellipses-anisotropi
c-to-isotropic.pdf  used on input line 2048.
(pdftex.def)             Requested size: 134.86743pt x 85.23175pt.
<figures/monge-gaussian-w2-geodesic/ellipses-rotated-anisotropic.pdf, id=1758, 
148.6052pt x 93.90678pt>
File: figures/monge-gaussian-w2-geodesic/ellipses-rotated-anisotropic.pdf Graph
ic file (type pdf)
<use figures/monge-gaussian-w2-geodesic/ellipses-rotated-anisotropic.pdf>
Package pdftex.def Info: figures/monge-gaussian-w2-geodesic/ellipses-rotated-an
isotropic.pdf  used on input line 2049.
(pdftex.def)             Requested size: 134.86743pt x 85.23175pt.
<figures/monge-gaussian-w2-geodesic/cone-2d.pdf, id=1759, 133.68832pt x 122.787
06pt>
File: figures/monge-gaussian-w2-geodesic/cone-2d.pdf Graphic file (type pdf)
<use figures/monge-gaussian-w2-geodesic/cone-2d.pdf>
Package pdftex.def Info: figures/monge-gaussian-w2-geodesic/cone-2d.pdf  used o
n input line 2050.
(pdftex.def)             Requested size: 134.86743pt x 123.86967pt.
 [39 <./figures/monge-gaussian-w2-geodesic/ellipses-anisotropic-to-isotropic.pd
f> <./figures/monge-gaussian-w2-geodesic/ellipses-rotated-anisotropic.pdf> <./f
igures/monge-gaussian-w2-geodesic/cone-2d.pdf>] [40] [41]
<figures/monge-gaussian-fr-vs-bures-cone/bures-cone.pdf, id=1811, 133.58272pt x
 122.0279pt>
File: figures/monge-gaussian-fr-vs-bures-cone/bures-cone.pdf Graphic file (type
 pdf)
<use figures/monge-gaussian-fr-vs-bures-cone/bures-cone.pdf>
Package pdftex.def Info: figures/monge-gaussian-fr-vs-bures-cone/bures-cone.pdf
  used on input line 2333.
(pdftex.def)             Requested size: 170.83253pt x 156.05923pt.
<figures/monge-gaussian-fr-vs-bures-cone/fisher-rao-cone.pdf, id=1812, 133.5827
2pt x 122.0279pt>
File: figures/monge-gaussian-fr-vs-bures-cone/fisher-rao-cone.pdf Graphic file 
(type pdf)
<use figures/monge-gaussian-fr-vs-bures-cone/fisher-rao-cone.pdf>
Package pdftex.def Info: figures/monge-gaussian-fr-vs-bures-cone/fisher-rao-con
e.pdf  used on input line 2334.
(pdftex.def)             Requested size: 170.83253pt x 156.05923pt.
) (./sections/kantorovich.tex [42 <./figures/monge-gaussian-fr-vs-bures-cone/bu
res-cone.pdf> <./figures/monge-gaussian-fr-vs-bures-cone/fisher-rao-cone.pdf>]
Chapter 3.
Package mdframed Info: mdframed works in twoside mode on input line 38.
Package mdframed Info: mdframed detected package amsthm 
 changed the theorem header of amsthm
(mdframed)              on input line 38.
[43

]
Package mdframed Info: mdframed works in twoside mode on input line 71.
Package mdframed Info: mdframed detected package amsthm 
 changed the theorem header of amsthm
(mdframed)              on input line 71.
<figures/kantorovich-coupling-polylines/graph.pdf, id=1867, 124.70189pt x 124.7
0189pt>
File: figures/kantorovich-coupling-polylines/graph.pdf Graphic file (type pdf)
<use figures/kantorovich-coupling-polylines/graph.pdf>
Package pdftex.def Info: figures/kantorovich-coupling-polylines/graph.pdf  used
 on input line 112.
(pdftex.def)             Requested size: 125.87444pt x 125.87941pt.
<figures/kantorovich-coupling-polylines/product.pdf, id=1868, 124.70189pt x 124
.70189pt>
File: figures/kantorovich-coupling-polylines/product.pdf Graphic file (type pdf
)
<use figures/kantorovich-coupling-polylines/product.pdf>
Package pdftex.def Info: figures/kantorovich-coupling-polylines/product.pdf  us
ed on input line 113.
(pdftex.def)             Requested size: 125.87444pt x 125.87941pt.
<figures/kantorovich-coupling-polylines/optimal.pdf, id=1869, 124.70189pt x 124
.70189pt>
File: figures/kantorovich-coupling-polylines/optimal.pdf Graphic file (type pdf
)
<use figures/kantorovich-coupling-polylines/optimal.pdf>
Package pdftex.def Info: figures/kantorovich-coupling-polylines/optimal.pdf  us
ed on input line 114.
(pdftex.def)             Requested size: 125.87444pt x 125.87941pt.
<figures/kantorovich-coupling-matrix-marginals/product-20.pdf, id=1871, 137.403
34pt x 136.55417pt>
File: figures/kantorovich-coupling-matrix-marginals/product-20.pdf Graphic file
 (type pdf)
<use figures/kantorovich-coupling-matrix-marginals/product-20.pdf>
Package pdftex.def Info: figures/kantorovich-coupling-matrix-marginals/product-
20.pdf  used on input line 127.
(pdftex.def)             Requested size: 98.90233pt x 98.29391pt.
<figures/kantorovich-coupling-matrix-marginals/optimal-20.pdf, id=1872, 137.403
34pt x 136.55417pt>
File: figures/kantorovich-coupling-matrix-marginals/optimal-20.pdf Graphic file
 (type pdf)
<use figures/kantorovich-coupling-matrix-marginals/optimal-20.pdf>
Package pdftex.def Info: figures/kantorovich-coupling-matrix-marginals/optimal-
20.pdf  used on input line 128.
(pdftex.def)             Requested size: 98.90233pt x 98.29391pt.
<figures/kantorovich-coupling-matrix-marginals/product-200.pdf, id=1873, 137.40
334pt x 136.55417pt>
File: figures/kantorovich-coupling-matrix-marginals/product-200.pdf Graphic fil
e (type pdf)
<use figures/kantorovich-coupling-matrix-marginals/product-200.pdf>
Package pdftex.def Info: figures/kantorovich-coupling-matrix-marginals/product-
200.pdf  used on input line 129.
(pdftex.def)             Requested size: 98.90233pt x 98.29391pt.
<figures/kantorovich-coupling-matrix-marginals/optimal-200.pdf, id=1874, 137.40
334pt x 136.55417pt>
File: figures/kantorovich-coupling-matrix-marginals/optimal-200.pdf Graphic fil
e (type pdf)
<use figures/kantorovich-coupling-matrix-marginals/optimal-200.pdf>
Package pdftex.def Info: figures/kantorovich-coupling-matrix-marginals/optimal-
200.pdf  used on input line 130.
(pdftex.def)             Requested size: 98.90233pt x 98.29391pt.
 [44 <./figures/kantorovich-coupling-polylines/graph.pdf> <./figures/kantorovic
h-coupling-polylines/product.pdf> <./figures/kantorovich-coupling-polylines/opt
imal.pdf>]
Package mdframed Info: mdframed works in twoside mode on input line 146.
Package mdframed Info: mdframed detected package amsthm 
 changed the theorem header of amsthm
(mdframed)              on input line 146.
<figures/kantorovich-permutation-versus-splitting/permutation-matrix.pdf, id=18
88, 107.23062pt x 117.6917pt>
File: figures/kantorovich-permutation-versus-splitting/permutation-matrix.pdf G
raphic file (type pdf)
<use figures/kantorovich-permutation-versus-splitting/permutation-matrix.pdf>
Package pdftex.def Info: figures/kantorovich-permutation-versus-splitting/permu
tation-matrix.pdf  used on input line 201.
(pdftex.def)             Requested size: 80.91634pt x 88.81267pt.
<figures/kantorovich-permutation-versus-splitting/permutation-transport.pdf, id
=1889, 119.1371pt x 119.1371pt>
File: figures/kantorovich-permutation-versus-splitting/permutation-transport.pd
f Graphic file (type pdf)
<use figures/kantorovich-permutation-versus-splitting/permutation-transport.pdf
>
Package pdftex.def Info: figures/kantorovich-permutation-versus-splitting/permu
tation-transport.pdf  used on input line 203.
(pdftex.def)             Requested size: 103.39539pt x 103.39755pt.
<figures/kantorovich-permutation-versus-splitting/splitting-matrix.pdf, id=1890
, 96.02876pt x 117.6917pt>
File: figures/kantorovich-permutation-versus-splitting/splitting-matrix.pdf Gra
phic file (type pdf)
<use figures/kantorovich-permutation-versus-splitting/splitting-matrix.pdf>
Package pdftex.def Info: figures/kantorovich-permutation-versus-splitting/split
ting-matrix.pdf  used on input line 204.
(pdftex.def)             Requested size: 71.9302pt x 88.16078pt.
<figures/kantorovich-permutation-versus-splitting/splitting-transport.pdf, id=1
891, 119.1371pt x 119.1371pt>
File: figures/kantorovich-permutation-versus-splitting/splitting-transport.pdf 
Graphic file (type pdf)
<use figures/kantorovich-permutation-versus-splitting/splitting-transport.pdf>
Package pdftex.def Info: figures/kantorovich-permutation-versus-splitting/split
ting-transport.pdf  used on input line 205.
(pdftex.def)             Requested size: 103.39539pt x 103.39755pt.
 [45 <./figures/kantorovich-coupling-matrix-marginals/product-20.pdf> <./figure
s/kantorovich-coupling-matrix-marginals/optimal-20.pdf> <./figures/kantorovich-
coupling-matrix-marginals/product-200.pdf> <./figures/kantorovich-coupling-matr
ix-marginals/optimal-200.pdf>] [46 <./figures/kantorovich-permutation-versus-sp
litting/permutation-matrix.pdf> <./figures/kantorovich-permutation-versus-split
ting/permutation-transport.pdf> <./figures/kantorovich-permutation-versus-split
ting/splitting-matrix.pdf> <./figures/kantorovich-permutation-versus-splitting/
splitting-transport.pdf>]
Package mdframed Info: mdframed works in twoside mode on input line 291.
Package mdframed Info: mdframed detected package amsthm 
 changed the theorem header of amsthm
(mdframed)              on input line 291.
Package mdframed Info: mdframed works in twoside mode on input line 298.
Package mdframed Info: mdframed detected package amsthm 
 changed the theorem header of amsthm
(mdframed)              on input line 298.
Package mdframed Info: mdframed works in twoside mode on input line 304.
Package mdframed Info: mdframed detected package amsthm 
 changed the theorem header of amsthm
(mdframed)              on input line 304.
 [47]
Package mdframed Info: mdframed works in twoside mode on input line 353.
Package mdframed Info: mdframed detected package amsthm 
 changed the theorem header of amsthm
(mdframed)              on input line 353.
Package mdframed Info: mdframed works in twoside mode on input line 377.
Package mdframed Info: mdframed detected package amsthm 
 changed the theorem header of amsthm
(mdframed)              on input line 377.
Package mdframed Info: mdframed works in twoside mode on input line 405.
Package mdframed Info: mdframed detected package amsthm 
 changed the theorem header of amsthm
(mdframed)              on input line 405.
 [48]
<figures/birkhoff-von-neumann-cycle/matrix.pdf, id=1967, 106.37263pt x 105.6734
2pt>
File: figures/birkhoff-von-neumann-cycle/matrix.pdf Graphic file (type pdf)
<use figures/birkhoff-von-neumann-cycle/matrix.pdf>
Package pdftex.def Info: figures/birkhoff-von-neumann-cycle/matrix.pdf  used on
 input line 456.
(pdftex.def)             Requested size: 130.9992pt x 130.15327pt.
<figures/birkhoff-von-neumann-cycle/support-graph.pdf, id=1968, 80.66599pt x 98
.3161pt>
File: figures/birkhoff-von-neumann-cycle/support-graph.pdf Graphic file (type p
df)
<use figures/birkhoff-von-neumann-cycle/support-graph.pdf>
Package pdftex.def Info: figures/birkhoff-von-neumann-cycle/support-graph.pdf  
used on input line 462.
(pdftex.def)             Requested size: 109.33313pt x 133.25804pt.
 [49 <./figures/birkhoff-von-neumann-cycle/matrix.pdf> <./figures/birkhoff-von-
neumann-cycle/support-graph.pdf>] [50]
Package mdframed Info: mdframed works in twoside mode on input line 604.
Package mdframed Info: mdframed detected package amsthm 
 changed the theorem header of amsthm
(mdframed)              on input line 604.
Package mdframed Info: mdframed works in twoside mode on input line 610.
Package mdframed Info: mdframed detected package amsthm 
 changed the theorem header of amsthm
(mdframed)              on input line 610.
<figures/matching-resolution-and-weights/balanced.pdf, id=2035, 118.07849pt x 1
31.27844pt>
File: figures/matching-resolution-and-weights/balanced.pdf Graphic file (type p
df)
<use figures/matching-resolution-and-weights/balanced.pdf>
Package pdftex.def Info: figures/matching-resolution-and-weights/balanced.pdf  
used on input line 649.
(pdftex.def)             Requested size: 134.86743pt x 149.9434pt.
<figures/matching-resolution-and-weights/rectangular.pdf, id=2036, 118.07849pt 
x 131.27844pt>
File: figures/matching-resolution-and-weights/rectangular.pdf Graphic file (typ
e pdf)
<use figures/matching-resolution-and-weights/rectangular.pdf>
Package pdftex.def Info: figures/matching-resolution-and-weights/rectangular.pd
f  used on input line 650.
(pdftex.def)             Requested size: 134.86743pt x 149.9434pt.
<figures/matching-resolution-and-weights/weighted.pdf, id=2037, 118.07849pt x 1
31.27844pt>
File: figures/matching-resolution-and-weights/weighted.pdf Graphic file (type p
df)
<use figures/matching-resolution-and-weights/weighted.pdf>
Package pdftex.def Info: figures/matching-resolution-and-weights/weighted.pdf  
used on input line 651.
(pdftex.def)             Requested size: 134.86743pt x 149.9434pt.
 [51]
<figures/matching-rational-duplication/uniform.pdf, id=2051, 125.62917pt x 124.
70189pt>
File: figures/matching-rational-duplication/uniform.pdf Graphic file (type pdf)

<use figures/matching-rational-duplication/uniform.pdf>
Package pdftex.def Info: figures/matching-rational-duplication/uniform.pdf  use
d on input line 703.
(pdftex.def)             Requested size: 134.86743pt x 133.87495pt.
<figures/matching-rational-duplication/binary.pdf, id=2052, 125.62917pt x 124.7
0189pt>
File: figures/matching-rational-duplication/binary.pdf Graphic file (type pdf)
<use figures/matching-rational-duplication/binary.pdf>
Package pdftex.def Info: figures/matching-rational-duplication/binary.pdf  used
 on input line 704.
(pdftex.def)             Requested size: 134.86743pt x 133.87495pt.
<figures/matching-rational-duplication/ternary.pdf, id=2053, 125.62917pt x 124.
70189pt>
File: figures/matching-rational-duplication/ternary.pdf Graphic file (type pdf)

<use figures/matching-rational-duplication/ternary.pdf>
Package pdftex.def Info: figures/matching-rational-duplication/ternary.pdf  use
d on input line 705.
(pdftex.def)             Requested size: 134.86743pt x 133.87495pt.
 [52 <./figures/matching-resolution-and-weights/balanced.pdf> <./figures/matchi
ng-resolution-and-weights/rectangular.pdf> <./figures/matching-resolution-and-w
eights/weighted.pdf>]
Underfull \vbox (badness 10000) has occurred while \output is active []

 [53 <./figures/matching-rational-duplication/uniform.pdf> <./figures/matching-
rational-duplication/binary.pdf> <./figures/matching-rational-duplication/terna
ry.pdf>]
<figures/kantorovich-waddington-ot/waddington-ot.pdf, id=2101, 539.85693pt x 11
0.5606pt>
File: figures/kantorovich-waddington-ot/waddington-ot.pdf Graphic file (type pd
f)
<use figures/kantorovich-waddington-ot/waddington-ot.pdf>
Package pdftex.def Info: figures/kantorovich-waddington-ot/waddington-ot.pdf  u
sed on input line 764.
(pdftex.def)             Requested size: 440.56056pt x 90.22668pt.

[54 <./figures/kantorovich-waddington-ot/waddington-ot.pdf>]
<figures/kantorovich-log-barrier-lp-geometry/barrier-large.pdf, id=2158, 115.83
072pt x 101.65498pt>
File: figures/kantorovich-log-barrier-lp-geometry/barrier-large.pdf Graphic fil
e (type pdf)
<use figures/kantorovich-log-barrier-lp-geometry/barrier-large.pdf>
Package pdftex.def Info: figures/kantorovich-log-barrier-lp-geometry/barrier-la
rge.pdf  used on input line 824.
(pdftex.def)             Requested size: 94.40926pt x 82.8566pt.
<figures/kantorovich-log-barrier-lp-geometry/barrier-medium.pdf, id=2159, 115.8
3072pt x 101.65498pt>
File: figures/kantorovich-log-barrier-lp-geometry/barrier-medium.pdf Graphic fi
le (type pdf)
<use figures/kantorovich-log-barrier-lp-geometry/barrier-medium.pdf>
Package pdftex.def Info: figures/kantorovich-log-barrier-lp-geometry/barrier-me
dium.pdf  used on input line 825.
(pdftex.def)             Requested size: 94.40926pt x 82.8566pt.
<figures/kantorovich-log-barrier-lp-geometry/barrier-small.pdf, id=2160, 115.83
072pt x 101.65498pt>
File: figures/kantorovich-log-barrier-lp-geometry/barrier-small.pdf Graphic fil
e (type pdf)
<use figures/kantorovich-log-barrier-lp-geometry/barrier-small.pdf>
Package pdftex.def Info: figures/kantorovich-log-barrier-lp-geometry/barrier-sm
all.pdf  used on input line 826.
(pdftex.def)             Requested size: 94.40926pt x 82.8566pt.
<figures/kantorovich-log-barrier-lp-geometry/barrier-path.pdf, id=2161, 115.830
72pt x 101.65498pt>
File: figures/kantorovich-log-barrier-lp-geometry/barrier-path.pdf Graphic file
 (type pdf)
<use figures/kantorovich-log-barrier-lp-geometry/barrier-path.pdf>
Package pdftex.def Info: figures/kantorovich-log-barrier-lp-geometry/barrier-pa
th.pdf  used on input line 827.
(pdftex.def)             Requested size: 94.40926pt x 82.8566pt.
Package mdframed Info: mdframed works in twoside mode on input line 857.
Package mdframed Info: mdframed detected package amsthm 
 changed the theorem header of amsthm
(mdframed)              on input line 857.
 [55 <./figures/kantorovich-log-barrier-lp-geometry/barrier-large.pdf> <./figur
es/kantorovich-log-barrier-lp-geometry/barrier-medium.pdf> <./figures/kantorovi
ch-log-barrier-lp-geometry/barrier-small.pdf> <./figures/kantorovich-log-barrie
r-lp-geometry/barrier-path.pdf>]
Package mdframed Info: mdframed works in twoside mode on input line 882.
Package mdframed Info: mdframed detected package amsthm 
 changed the theorem header of amsthm
(mdframed)              on input line 882.
Package mdframed Info: mdframed works in twoside mode on input line 902.
Package mdframed Info: mdframed detected package amsthm 
 changed the theorem header of amsthm
(mdframed)              on input line 902.
 [56] [57]
Package mdframed Info: mdframed works in twoside mode on input line 1015.
Package mdframed Info: mdframed detected package amsthm 
 changed the theorem header of amsthm
(mdframed)              on input line 1015.
Package mdframed Info: Not enough space on this page on input line 1025.
 [58] [59] [60]
Package mdframed Info: mdframed works in twoside mode on input line 1252.
Package mdframed Info: mdframed detected package amsthm 
 changed the theorem header of amsthm
(mdframed)              on input line 1252.
 [61]
Package mdframed Info: mdframed works in twoside mode on input line 1319.
Package mdframed Info: mdframed detected package amsthm 
 changed the theorem header of amsthm
(mdframed)              on input line 1319.
 [62]
<figures/monge-gap-kernel-regression/paths.pdf, id=2297, 540.71701pt x 185.5889
9pt>
File: figures/monge-gap-kernel-regression/paths.pdf Graphic file (type pdf)
<use figures/monge-gap-kernel-regression/paths.pdf>
Package pdftex.def Info: figures/monge-gap-kernel-regression/paths.pdf  used on
 input line 1391.
(pdftex.def)             Requested size: 449.55356pt x 154.305pt.
LaTeX Font Info:    Font shape `OT1/zplTLF/b/n' will be
(Font)              scaled to size 14.4pt on input line 1398.
LaTeX Font Info:    Font shape `OT1/zplTLF/b/n' will be
(Font)              scaled to size 10.5pt on input line 1398.
LaTeX Font Info:    Font shape `OT1/zplTLF/b/n' will be
(Font)              scaled to size 7.9pt on input line 1398.
LaTeX Font Info:    Font shape `T1/qhv/m/n' will be
(Font)              scaled to size 13.53603pt on input line 1398.
LaTeX Font Info:    Font shape `T1/qhv/m/n' will be
(Font)              scaled to size 9.87003pt on input line 1398.
LaTeX Font Info:    Font shape `T1/qhv/m/n' will be
(Font)              scaled to size 7.42601pt on input line 1398.
Package microtype Info: Fixing zero \fontdimen 6 for font `U/dsrom/m/n/14.4'
(microtype)             (new value: 14.4pt) on input line 1398.
Package microtype Info: Fixing zero \fontdimen 6 for font `U/dsrom/m/n/10.5'
(microtype)             (new value: 10.5pt) on input line 1398.
Package microtype Info: Fixing zero \fontdimen 6 for font `U/dsrom/m/n/7.9'
(microtype)             (new value: 7.9pt) on input line 1398.


LaTeX Font Warning: Font shape `U/bbold/m/n' in size <10.5> not available
(Font)              size <10.95> substituted on input line 1398.

[63 <./figures/monge-gap-kernel-regression/paths.pdf>]
Package mdframed Info: mdframed works in twoside mode on input line 1415.
Package mdframed Info: mdframed detected package amsthm 
 changed the theorem header of amsthm
(mdframed)              on input line 1415.
 [64])
(./sections/wasserstein-space.tex [65]
Chapter 4.
<figures/kantorovich-discrete-gluing-lemma/ab-plan.pdf, id=2353, 137.40334pt x 
136.55417pt>
File: figures/kantorovich-discrete-gluing-lemma/ab-plan.pdf Graphic file (type 
pdf)
<use figures/kantorovich-discrete-gluing-lemma/ab-plan.pdf>
Package pdftex.def Info: figures/kantorovich-discrete-gluing-lemma/ab-plan.pdf 
 used on input line 86.
(pdftex.def)             Requested size: 98.90233pt x 98.29391pt.
<figures/kantorovich-discrete-gluing-lemma/bc-plan.pdf, id=2354, 137.40334pt x 
136.55417pt>
File: figures/kantorovich-discrete-gluing-lemma/bc-plan.pdf Graphic file (type 
pdf)
<use figures/kantorovich-discrete-gluing-lemma/bc-plan.pdf>
Package pdftex.def Info: figures/kantorovich-discrete-gluing-lemma/bc-plan.pdf 
 used on input line 88.
(pdftex.def)             Requested size: 98.90233pt x 98.29391pt.
<figures/kantorovich-discrete-gluing-lemma/glued-ac-plan.pdf, id=2355, 137.4033
4pt x 136.55417pt>
File: figures/kantorovich-discrete-gluing-lemma/glued-ac-plan.pdf Graphic file 
(type pdf)
<use figures/kantorovich-discrete-gluing-lemma/glued-ac-plan.pdf>
Package pdftex.def Info: figures/kantorovich-discrete-gluing-lemma/glued-ac-pla
n.pdf  used on input line 89.
(pdftex.def)             Requested size: 98.90233pt x 98.29391pt.
<figures/kantorovich-discrete-gluing-lemma/direct-ac-plan.pdf, id=2356, 137.403
34pt x 136.55417pt>
File: figures/kantorovich-discrete-gluing-lemma/direct-ac-plan.pdf Graphic file
 (type pdf)
<use figures/kantorovich-discrete-gluing-lemma/direct-ac-plan.pdf>
Package pdftex.def Info: figures/kantorovich-discrete-gluing-lemma/direct-ac-pl
an.pdf  used on input line 90.
(pdftex.def)             Requested size: 98.90233pt x 98.29391pt.
[66

]
Package mdframed Info: mdframed works in twoside mode on input line 100.
Package mdframed Info: mdframed detected package amsthm 
 changed the theorem header of amsthm
(mdframed)              on input line 100.
 [67 <./figures/kantorovich-discrete-gluing-lemma/ab-plan.pdf> <./figures/kanto
rovich-discrete-gluing-lemma/bc-plan.pdf> <./figures/kantorovich-discrete-gluin
g-lemma/glued-ac-plan.pdf> <./figures/kantorovich-discrete-gluing-lemma/direct-
ac-plan.pdf>]
Package mdframed Info: mdframed works in twoside mode on input line 181.
Package mdframed Info: mdframed detected package amsthm 
 changed the theorem header of amsthm
(mdframed)              on input line 181.
Package mdframed Info: mdframed works in twoside mode on input line 201.
Package mdframed Info: mdframed detected package amsthm 
 changed the theorem header of amsthm
(mdframed)              on input line 201.
 [68] [69]
Package mdframed Info: mdframed works in twoside mode on input line 336.
Package mdframed Info: mdframed detected package amsthm 
 changed the theorem header of amsthm
(mdframed)              on input line 336.
<figures/kantorovich-plan-interpolation/time-000.pdf, id=2436, 119.1371pt x 119
.1371pt>
File: figures/kantorovich-plan-interpolation/time-000.pdf Graphic file (type pd
f)
<use figures/kantorovich-plan-interpolation/time-000.pdf>
Package pdftex.def Info: figures/kantorovich-plan-interpolation/time-000.pdf  u
sed on input line 389.
(pdftex.def)             Requested size: 76.42328pt x 76.42563pt.
<figures/kantorovich-plan-interpolation/time-025.pdf, id=2437, 119.1371pt x 119
.1371pt>
File: figures/kantorovich-plan-interpolation/time-025.pdf Graphic file (type pd
f)
<use figures/kantorovich-plan-interpolation/time-025.pdf>
Package pdftex.def Info: figures/kantorovich-plan-interpolation/time-025.pdf  u
sed on input line 390.
(pdftex.def)             Requested size: 76.42328pt x 76.42563pt.
<figures/kantorovich-plan-interpolation/time-050.pdf, id=2438, 119.1371pt x 119
.1371pt>
File: figures/kantorovich-plan-interpolation/time-050.pdf Graphic file (type pd
f)
<use figures/kantorovich-plan-interpolation/time-050.pdf>
Package pdftex.def Info: figures/kantorovich-plan-interpolation/time-050.pdf  u
sed on input line 391.
(pdftex.def)             Requested size: 76.42328pt x 76.42563pt.
<figures/kantorovich-plan-interpolation/time-075.pdf, id=2439, 119.1371pt x 119
.1371pt>
File: figures/kantorovich-plan-interpolation/time-075.pdf Graphic file (type pd
f)
<use figures/kantorovich-plan-interpolation/time-075.pdf>
Package pdftex.def Info: figures/kantorovich-plan-interpolation/time-075.pdf  u
sed on input line 392.
(pdftex.def)             Requested size: 76.42328pt x 76.42563pt.
<figures/kantorovich-plan-interpolation/time-100.pdf, id=2440, 119.1371pt x 119
.1371pt>
File: figures/kantorovich-plan-interpolation/time-100.pdf Graphic file (type pd
f)
<use figures/kantorovich-plan-interpolation/time-100.pdf>
Package pdftex.def Info: figures/kantorovich-plan-interpolation/time-100.pdf  u
sed on input line 393.
(pdftex.def)             Requested size: 76.42328pt x 76.42563pt.
 [70 <./figures/kantorovich-plan-interpolation/time-000.pdf> <./figures/kantoro
vich-plan-interpolation/time-025.pdf> <./figures/kantorovich-plan-interpolation
/time-050.pdf> <./figures/kantorovich-plan-interpolation/time-075.pdf> <./figur
es/kantorovich-plan-interpolation/time-100.pdf>]
[71] [72]
Package mdframed Info: mdframed works in twoside mode on input line 536.
Package mdframed Info: mdframed detected package amsthm 
 changed the theorem header of amsthm
(mdframed)              on input line 536.
Package mdframed Info: Not enough space on this page on input line 545.
 [73]
Package mdframed Info: mdframed works in twoside mode on input line 644.
Package mdframed Info: mdframed detected package amsthm 
 changed the theorem header of amsthm
(mdframed)              on input line 644.
<figures/matching-quantitative-clt/n-001.pdf, id=2509, 90.42784pt x 90.2569pt>
File: figures/matching-quantitative-clt/n-001.pdf Graphic file (type pdf)
<use figures/matching-quantitative-clt/n-001.pdf>
Package pdftex.def Info: figures/matching-quantitative-clt/n-001.pdf  used on i
nput line 692.
(pdftex.def)             Requested size: 76.42328pt x 76.28351pt.
<figures/matching-quantitative-clt/n-002.pdf, id=2510, 90.42784pt x 90.2569pt>
File: figures/matching-quantitative-clt/n-002.pdf Graphic file (type pdf)
<use figures/matching-quantitative-clt/n-002.pdf>
Package pdftex.def Info: figures/matching-quantitative-clt/n-002.pdf  used on i
nput line 693.
(pdftex.def)             Requested size: 76.42328pt x 76.28351pt.
<figures/matching-quantitative-clt/n-004.pdf, id=2511, 90.42784pt x 90.2569pt>
File: figures/matching-quantitative-clt/n-004.pdf Graphic file (type pdf)
<use figures/matching-quantitative-clt/n-004.pdf>
Package pdftex.def Info: figures/matching-quantitative-clt/n-004.pdf  used on i
nput line 694.
(pdftex.def)             Requested size: 76.42328pt x 76.28351pt.
<figures/matching-quantitative-clt/n-016.pdf, id=2512, 90.42784pt x 90.2569pt>
File: figures/matching-quantitative-clt/n-016.pdf Graphic file (type pdf)
<use figures/matching-quantitative-clt/n-016.pdf>
Package pdftex.def Info: figures/matching-quantitative-clt/n-016.pdf  used on i
nput line 695.
(pdftex.def)             Requested size: 76.42328pt x 76.28351pt.
<figures/matching-quantitative-clt/n-064.pdf, id=2513, 90.42784pt x 90.2569pt>
File: figures/matching-quantitative-clt/n-064.pdf Graphic file (type pdf)
<use figures/matching-quantitative-clt/n-064.pdf>
Package pdftex.def Info: figures/matching-quantitative-clt/n-064.pdf  used on i
nput line 696.
(pdftex.def)             Requested size: 76.42328pt x 76.28351pt.

Underfull \vbox (badness 4981) has occurred while \output is active []

 [74]
[75 <./figures/matching-quantitative-clt/n-001.pdf> <./figures/matching-quantit
ative-clt/n-002.pdf> <./figures/matching-quantitative-clt/n-004.pdf> <./figures
/matching-quantitative-clt/n-016.pdf> <./figures/matching-quantitative-clt/n-06
4.pdf>] [76]
<figures/kantorovich-dro-ambiguity/rho-zero.pdf, id=2601, 125.71367pt x 72.5230
3pt>
File: figures/kantorovich-dro-ambiguity/rho-zero.pdf Graphic file (type pdf)
<use figures/kantorovich-dro-ambiguity/rho-zero.pdf>
Package pdftex.def Info: figures/kantorovich-dro-ambiguity/rho-zero.pdf  used o
n input line 882.
(pdftex.def)             Requested size: 134.86743pt x 77.8091pt.
<figures/kantorovich-dro-ambiguity/rho-medium.pdf, id=2602, 125.71367pt x 72.52
303pt>
File: figures/kantorovich-dro-ambiguity/rho-medium.pdf Graphic file (type pdf)
<use figures/kantorovich-dro-ambiguity/rho-medium.pdf>
Package pdftex.def Info: figures/kantorovich-dro-ambiguity/rho-medium.pdf  used
 on input line 883.
(pdftex.def)             Requested size: 134.86743pt x 77.8091pt.
<figures/kantorovich-dro-ambiguity/rho-large.pdf, id=2603, 125.71367pt x 72.523
03pt>
File: figures/kantorovich-dro-ambiguity/rho-large.pdf Graphic file (type pdf)
<use figures/kantorovich-dro-ambiguity/rho-large.pdf>
Package pdftex.def Info: figures/kantorovich-dro-ambiguity/rho-large.pdf  used 
on input line 884.
(pdftex.def)             Requested size: 134.86743pt x 77.8091pt.
 [77]
Package mdframed Info: mdframed works in twoside mode on input line 914.
Package mdframed Info: mdframed detected package amsthm 
 changed the theorem header of amsthm
(mdframed)              on input line 914.
 [78 <./figures/kantorovich-dro-ambiguity/rho-zero.pdf> <./figures/kantorovich-
dro-ambiguity/rho-medium.pdf> <./figures/kantorovich-dro-ambiguity/rho-large.pd
f>] [79]
Package mdframed Info: mdframed works in twoside mode on input line 999.
Package mdframed Info: mdframed detected package amsthm 
 changed the theorem header of amsthm
(mdframed)              on input line 999.
Package mdframed Info: Not enough space on this page on input line 1007.
Package mdframed Info: mdframed works in twoside mode on input line 1011.
Package mdframed Info: mdframed detected package amsthm 
 changed the theorem header of amsthm
(mdframed)              on input line 1011.
Package mdframed Info: mdframed works in twoside mode on input line 1041.
Package mdframed Info: mdframed detected package amsthm 
 changed the theorem header of amsthm
(mdframed)              on input line 1041.
 [80]
Package mdframed Info: mdframed works in twoside mode on input line 1081.
Package mdframed Info: mdframed detected package amsthm 
 changed the theorem header of amsthm
(mdframed)              on input line 1081.
 [81] [82] [83]
Package mdframed Info: mdframed works in twoside mode on input line 1289.
Package mdframed Info: mdframed detected package amsthm 
 changed the theorem header of amsthm
(mdframed)              on input line 1289.
Package mdframed Info: Not enough space on this page on input line 1310.
 [84] [85]) (./sections/dual.tex
[86]
Chapter 5.
Package mdframed Info: mdframed works in twoside mode on input line 28.
Package mdframed Info: mdframed detected package amsthm 
 changed the theorem header of amsthm
(mdframed)              on input line 28.
[87

]
<figures/dual-kantorovich-discrete-potentials/target-balanced.pdf, id=2790, 137
.24072pt x 114.12878pt>
File: figures/dual-kantorovich-discrete-potentials/target-balanced.pdf Graphic 
file (type pdf)
<use figures/dual-kantorovich-discrete-potentials/target-balanced.pdf>
Package pdftex.def Info: figures/dual-kantorovich-discrete-potentials/target-ba
lanced.pdf  used on input line 112.
(pdftex.def)             Requested size: 134.86743pt x 112.15889pt.
<figures/dual-kantorovich-discrete-potentials/target-shifted.pdf, id=2791, 137.
24072pt x 114.12878pt>
File: figures/dual-kantorovich-discrete-potentials/target-shifted.pdf Graphic f
ile (type pdf)
<use figures/dual-kantorovich-discrete-potentials/target-shifted.pdf>
Package pdftex.def Info: figures/dual-kantorovich-discrete-potentials/target-sh
ifted.pdf  used on input line 113.
(pdftex.def)             Requested size: 134.86743pt x 112.15889pt.
<figures/dual-kantorovich-discrete-potentials/target-three-mode.pdf, id=2792, 1
37.24072pt x 114.12878pt>
File: figures/dual-kantorovich-discrete-potentials/target-three-mode.pdf Graphi
c file (type pdf)
<use figures/dual-kantorovich-discrete-potentials/target-three-mode.pdf>
Package pdftex.def Info: figures/dual-kantorovich-discrete-potentials/target-th
ree-mode.pdf  used on input line 114.
(pdftex.def)             Requested size: 134.86743pt x 112.15889pt.
Package mdframed Info: mdframed works in twoside mode on input line 142.
Package mdframed Info: mdframed detected package amsthm 
 changed the theorem header of amsthm
(mdframed)              on input line 142.
 [88 <./figures/dual-kantorovich-discrete-potentials/target-balanced.pdf> <./fi
gures/dual-kantorovich-discrete-potentials/target-shifted.pdf> <./figures/dual-
kantorovich-discrete-potentials/target-three-mode.pdf>] [89]
<figures/dual-kantorovich-continuous-potentials/target-balanced.pdf, id=2836, 1
37.24072pt x 114.12878pt>
File: figures/dual-kantorovich-continuous-potentials/target-balanced.pdf Graphi
c file (type pdf)
<use figures/dual-kantorovich-continuous-potentials/target-balanced.pdf>
Package pdftex.def Info: figures/dual-kantorovich-continuous-potentials/target-
balanced.pdf  used on input line 261.
(pdftex.def)             Requested size: 134.86743pt x 112.15889pt.
<figures/dual-kantorovich-continuous-potentials/target-shifted.pdf, id=2837, 13
7.24072pt x 114.12878pt>
File: figures/dual-kantorovich-continuous-potentials/target-shifted.pdf Graphic
 file (type pdf)
<use figures/dual-kantorovich-continuous-potentials/target-shifted.pdf>
Package pdftex.def Info: figures/dual-kantorovich-continuous-potentials/target-
shifted.pdf  used on input line 262.
(pdftex.def)             Requested size: 134.86743pt x 112.15889pt.
<figures/dual-kantorovich-continuous-potentials/target-three-mode.pdf, id=2838,
 137.24072pt x 114.12878pt>
File: figures/dual-kantorovich-continuous-potentials/target-three-mode.pdf Grap
hic file (type pdf)
<use figures/dual-kantorovich-continuous-potentials/target-three-mode.pdf>
Package pdftex.def Info: figures/dual-kantorovich-continuous-potentials/target-
three-mode.pdf  used on input line 263.
(pdftex.def)             Requested size: 134.86743pt x 112.15889pt.
<figures/dual-complementary-slackness-contacts/contacts.pdf, id=2841, 424.98048
pt x 134.62491pt>
File: figures/dual-complementary-slackness-contacts/contacts.pdf Graphic file (
type pdf)
<use figures/dual-complementary-slackness-contacts/contacts.pdf>
Package pdftex.def Info: figures/dual-complementary-slackness-contacts/contacts
.pdf  used on input line 284.
(pdftex.def)             Requested size: 440.56056pt x 139.56287pt.
 [90 <./figures/dual-kantorovich-continuous-potentials/target-balanced.pdf> <./
figures/dual-kantorovich-continuous-potentials/target-shifted.pdf> <./figures/d
ual-kantorovich-continuous-potentials/target-three-mode.pdf> <./figures/dual-co
mplementary-slackness-contacts/contacts.pdf>]
Package mdframed Info: mdframed works in twoside mode on input line 319.
Package mdframed Info: mdframed detected package amsthm 
 changed the theorem header of amsthm
(mdframed)              on input line 319.
 [91]
<figures/dual-c-transform-envelope/p1.pdf, id=2882, 142.58269pt x 112.24013pt>
File: figures/dual-c-transform-envelope/p1.pdf Graphic file (type pdf)
<use figures/dual-c-transform-envelope/p1.pdf>
Package pdftex.def Info: figures/dual-c-transform-envelope/p1.pdf  used on inpu
t line 411.
(pdftex.def)             Requested size: 134.86743pt x 106.16852pt.
<figures/dual-c-transform-envelope/p2.pdf, id=2883, 142.58269pt x 112.24013pt>
File: figures/dual-c-transform-envelope/p2.pdf Graphic file (type pdf)
<use figures/dual-c-transform-envelope/p2.pdf>
Package pdftex.def Info: figures/dual-c-transform-envelope/p2.pdf  used on inpu
t line 413.
(pdftex.def)             Requested size: 134.86743pt x 106.16852pt.
<figures/dual-c-transform-envelope/p4.pdf, id=2884, 142.58269pt x 112.24013pt>
File: figures/dual-c-transform-envelope/p4.pdf Graphic file (type pdf)
<use figures/dual-c-transform-envelope/p4.pdf>
Package pdftex.def Info: figures/dual-c-transform-envelope/p4.pdf  used on inpu
t line 414.
(pdftex.def)             Requested size: 134.86743pt x 106.16852pt.
Package mdframed Info: mdframed works in twoside mode on input line 440.
Package mdframed Info: mdframed detected package amsthm 
 changed the theorem header of amsthm
(mdframed)              on input line 440.
 [92 <./figures/dual-c-transform-envelope/p1.pdf> <./figures/dual-c-transform-e
nvelope/p2.pdf> <./figures/dual-c-transform-envelope/p4.pdf>] [93]
<figures/dual-alternating-c-transform-failure/source-concave-closure.pdf, id=29
09, 164.02881pt x 118.52762pt>
File: figures/dual-alternating-c-transform-failure/source-concave-closure.pdf G
raphic file (type pdf)
<use figures/dual-alternating-c-transform-failure/source-concave-closure.pdf>
Package pdftex.def Info: figures/dual-alternating-c-transform-failure/source-co
ncave-closure.pdf  used on input line 588.
(pdftex.def)             Requested size: 206.79765pt x 149.44322pt.
<figures/dual-alternating-c-transform-failure/target-concave-closure.pdf, id=29
10, 164.02881pt x 118.52762pt>
File: figures/dual-alternating-c-transform-failure/target-concave-closure.pdf G
raphic file (type pdf)
<use figures/dual-alternating-c-transform-failure/target-concave-closure.pdf>
Package pdftex.def Info: figures/dual-alternating-c-transform-failure/target-co
ncave-closure.pdf  used on input line 590.
(pdftex.def)             Requested size: 206.79765pt x 149.44322pt.
Package mdframed Info: mdframed works in twoside mode on input line 606.
Package mdframed Info: mdframed detected package amsthm 
 changed the theorem header of amsthm
(mdframed)              on input line 606.
 [94]
Package mdframed Info: mdframed works in twoside mode on input line 610.
Package mdframed Info: mdframed detected package amsthm 
 changed the theorem header of amsthm
(mdframed)              on input line 610.
Package mdframed Info: Not enough space on this page on input line 618.
 [95 <./figures/dual-alternating-c-transform-failure/source-concave-closure.pdf
> <./figures/dual-alternating-c-transform-failure/target-concave-closure.pdf>])
 (./sections/semidiscr-w1.tex [96]
Chapter 6.
LaTeX Font Info:    Font shape `OT1/zplTLF/m/n' will be
(Font)              scaled to size 20.74pt on input line 6.
LaTeX Font Info:    Font shape `OT1/zplTLF/m/n' will be
(Font)              scaled to size 16.1pt on input line 6.
LaTeX Font Info:    Font shape `OT1/zplTLF/m/n' will be
(Font)              scaled to size 11.4pt on input line 6.
LaTeX Font Info:    Font shape `OT1/zplTLF/b/n' will be
(Font)              scaled to size 20.74pt on input line 6.
LaTeX Font Info:    Font shape `OT1/zplTLF/b/n' will be
(Font)              scaled to size 16.1pt on input line 6.
LaTeX Font Info:    Font shape `OT1/zplTLF/b/n' will be
(Font)              scaled to size 11.4pt on input line 6.
LaTeX Font Info:    Font shape `T1/qhv/m/n' will be
(Font)              scaled to size 19.49565pt on input line 6.
LaTeX Font Info:    Font shape `T1/qhv/m/n' will be
(Font)              scaled to size 15.13403pt on input line 6.
LaTeX Font Info:    Font shape `T1/qhv/m/n' will be
(Font)              scaled to size 10.71602pt on input line 6.
Package microtype Info: Fixing zero \fontdimen 6 for font `U/dsrom/m/n/20.74'
(microtype)             (new value: 20.74pt) on input line 6.
Package microtype Info: Fixing zero \fontdimen 6 for font `U/dsrom/m/n/16.1'
(microtype)             (new value: 16.1pt) on input line 6.
Package microtype Info: Fixing zero \fontdimen 6 for font `U/dsrom/m/n/11.4'
(microtype)             (new value: 11.4pt) on input line 6.

LaTeX Font Warning: Font shape `U/stmry/m/n' in size <16.1> not available
(Font)              size <17.28> substituted on input line 6.


LaTeX Font Warning: Font shape `U/stmry/m/n' in size <11.4> not available
(Font)              size <10.95> substituted on input line 6.


LaTeX Font Warning: Font shape `U/bbold/m/n' in size <16.1> not available
(Font)              size <17.28> substituted on input line 6.


LaTeX Font Warning: Font shape `U/bbold/m/n' in size <11.4> not available
(Font)              size <10.95> substituted on input line 6.

Package mdframed Info: mdframed works in twoside mode on input line 27.
Package mdframed Info: mdframed detected package amsthm 
 changed the theorem header of amsthm
(mdframed)              on input line 27.
[97

] [98]
Package mdframed Info: mdframed works in twoside mode on input line 200.
Package mdframed Info: mdframed detected package amsthm 
 changed the theorem header of amsthm
(mdframed)              on input line 200.
Package mdframed Info: mdframed works in twoside mode on input line 221.
Package mdframed Info: mdframed detected package amsthm 
 changed the theorem header of amsthm
(mdframed)              on input line 221.
Package mdframed Info: mdframed works in twoside mode on input line 231.
Package mdframed Info: mdframed detected package amsthm 
 changed the theorem header of amsthm
(mdframed)              on input line 231.
 [99]
<figures/dual-auction-progression/stage-0.pdf, id=3052, 111.45474pt x 123.25648
pt>
File: figures/dual-auction-progression/stage-0.pdf Graphic file (type pdf)
<use figures/dual-auction-progression/stage-0.pdf>
Package pdftex.def Info: figures/dual-auction-progression/stage-0.pdf  used on 
input line 258.
(pdftex.def)             Requested size: 85.41626pt x 94.46016pt.
<figures/dual-auction-progression/stage-1.pdf, id=3053, 111.45474pt x 123.25648
pt>
File: figures/dual-auction-progression/stage-1.pdf Graphic file (type pdf)
<use figures/dual-auction-progression/stage-1.pdf>
Package pdftex.def Info: figures/dual-auction-progression/stage-1.pdf  used on 
input line 259.
(pdftex.def)             Requested size: 85.41626pt x 94.46016pt.
<figures/dual-auction-progression/stage-2.pdf, id=3054, 111.45474pt x 123.25648
pt>
File: figures/dual-auction-progression/stage-2.pdf Graphic file (type pdf)
<use figures/dual-auction-progression/stage-2.pdf>
Package pdftex.def Info: figures/dual-auction-progression/stage-2.pdf  used on 
input line 260.
(pdftex.def)             Requested size: 85.41626pt x 94.46016pt.
<figures/dual-auction-progression/stage-3.pdf, id=3055, 111.45474pt x 123.25648
pt>
File: figures/dual-auction-progression/stage-3.pdf Graphic file (type pdf)
<use figures/dual-auction-progression/stage-3.pdf>
Package pdftex.def Info: figures/dual-auction-progression/stage-3.pdf  used on 
input line 261.
(pdftex.def)             Requested size: 85.41626pt x 94.46016pt.
<figures/dual-auction-progression/stage-4.pdf, id=3056, 111.45474pt x 123.25648
pt>
File: figures/dual-auction-progression/stage-4.pdf Graphic file (type pdf)
<use figures/dual-auction-progression/stage-4.pdf>
Package pdftex.def Info: figures/dual-auction-progression/stage-4.pdf  used on 
input line 262.
(pdftex.def)             Requested size: 85.41626pt x 94.46016pt.
LaTeX Font Info:    Font shape `T1/zplTLF/m/n' will be
(Font)              scaled to size 8.0pt on input line 268.
LaTeX Font Info:    Font shape `OT1/zplTLF/m/n' will be
(Font)              scaled to size 8.0pt on input line 268.
LaTeX Font Info:    Font shape `OT1/zplTLF/m/n' will be
(Font)              scaled to size 6.2pt on input line 268.
LaTeX Font Info:    Font shape `OT1/zplTLF/b/n' will be
(Font)              scaled to size 8.0pt on input line 268.
LaTeX Font Info:    Font shape `OT1/zplTLF/b/n' will be
(Font)              scaled to size 6.2pt on input line 268.
LaTeX Font Info:    Font shape `T1/qhv/m/n' will be
(Font)              scaled to size 7.52002pt on input line 268.
LaTeX Font Info:    Font shape `T1/qhv/m/n' will be
(Font)              scaled to size 5.828pt on input line 268.
Package microtype Info: Fixing zero \fontdimen 6 for font `U/dsrom/m/n/8'
(microtype)             (new value: 8.0pt) on input line 268.
Package microtype Info: Fixing zero \fontdimen 6 for font `U/dsrom/m/n/6.2'
(microtype)             (new value: 6.2pt) on input line 268.
 [100 <./figures/dual-auction-progression/stage-0.pdf> <./figures/dual-auction-
progression/stage-1.pdf> <./figures/dual-auction-progression/stage-2.pdf> <./fi
gures/dual-auction-progression/stage-3.pdf> <./figures/dual-auction-progression
/stage-4.pdf>]
Package mdframed Info: mdframed works in twoside mode on input line 344.
Package mdframed Info: mdframed detected package amsthm 
 changed the theorem header of amsthm
(mdframed)              on input line 344.
Package mdframed Info: mdframed works in twoside mode on input line 351.
Package mdframed Info: mdframed detected package amsthm 
 changed the theorem header of amsthm
(mdframed)              on input line 351.
 [101]
Package mdframed Info: mdframed works in twoside mode on input line 431.
Package mdframed Info: mdframed detected package amsthm 
 changed the theorem header of amsthm
(mdframed)              on input line 431.
<figures/semidiscrete-laguerre-cells/voronoi.pdf, id=3093, 139.13782pt x 112.21
518pt>
File: figures/semidiscrete-laguerre-cells/voronoi.pdf Graphic file (type pdf)
<use figures/semidiscrete-laguerre-cells/voronoi.pdf>
Package pdftex.def Info: figures/semidiscrete-laguerre-cells/voronoi.pdf  used 
on input line 454.
(pdftex.def)             Requested size: 134.86743pt x 108.78008pt.
<figures/semidiscrete-laguerre-cells/weighted.pdf, id=3094, 139.13782pt x 112.2
1518pt>
File: figures/semidiscrete-laguerre-cells/weighted.pdf Graphic file (type pdf)
<use figures/semidiscrete-laguerre-cells/weighted.pdf>
Package pdftex.def Info: figures/semidiscrete-laguerre-cells/weighted.pdf  used
 on input line 456.
(pdftex.def)             Requested size: 134.86743pt x 108.78008pt.
<figures/semidiscrete-laguerre-cells/balanced.pdf, id=3095, 139.13782pt x 112.2
1518pt>
File: figures/semidiscrete-laguerre-cells/balanced.pdf Graphic file (type pdf)
<use figures/semidiscrete-laguerre-cells/balanced.pdf>
Package pdftex.def Info: figures/semidiscrete-laguerre-cells/balanced.pdf  used
 on input line 457.
(pdftex.def)             Requested size: 134.86743pt x 108.78008pt.
 [102 <./figures/semidiscrete-laguerre-cells/voronoi.pdf> <./figures/semidiscre
te-laguerre-cells/weighted.pdf> <./figures/semidiscrete-laguerre-cells/balanced
.pdf>] [103]
<figures/semidiscrete-weight-gradient-cells/underweight.pdf, id=3142, 124.99097
pt x 93.81645pt>
File: figures/semidiscrete-weight-gradient-cells/underweight.pdf Graphic file (
type pdf)
<use figures/semidiscrete-weight-gradient-cells/underweight.pdf>
Package pdftex.def Info: figures/semidiscrete-weight-gradient-cells/underweight
.pdf  used on input line 572.
(pdftex.def)             Requested size: 134.86743pt x 101.23434pt.
<figures/semidiscrete-weight-gradient-cells/balanced.pdf, id=3143, 124.99097pt 
x 93.81645pt>
File: figures/semidiscrete-weight-gradient-cells/balanced.pdf Graphic file (typ
e pdf)
<use figures/semidiscrete-weight-gradient-cells/balanced.pdf>
Package pdftex.def Info: figures/semidiscrete-weight-gradient-cells/balanced.pd
f  used on input line 573.
(pdftex.def)             Requested size: 134.86743pt x 101.23434pt.
<figures/semidiscrete-weight-gradient-cells/overweight.pdf, id=3144, 124.99097p
t x 93.81645pt>
File: figures/semidiscrete-weight-gradient-cells/overweight.pdf Graphic file (t
ype pdf)
<use figures/semidiscrete-weight-gradient-cells/overweight.pdf>
Package pdftex.def Info: figures/semidiscrete-weight-gradient-cells/overweight.
pdf  used on input line 574.
(pdftex.def)             Requested size: 134.86743pt x 101.23434pt.
Package mdframed Info: mdframed works in twoside mode on input line 592.
Package mdframed Info: mdframed detected package amsthm 
 changed the theorem header of amsthm
(mdframed)              on input line 592.
Package mdframed Info: mdframed works in twoside mode on input line 602.
Package mdframed Info: mdframed detected package amsthm 
 changed the theorem header of amsthm
(mdframed)              on input line 602.
 [104 <./figures/semidiscrete-weight-gradient-cells/underweight.pdf> <./figures
/semidiscrete-weight-gradient-cells/balanced.pdf> <./figures/semidiscrete-weigh
t-gradient-cells/overweight.pdf>]
Package mdframed Info: mdframed works in twoside mode on input line 715.
Package mdframed Info: mdframed detected package amsthm 
 changed the theorem header of amsthm
(mdframed)              on input line 715.
Package mdframed Info: mdframed works in twoside mode on input line 722.
Package mdframed Info: mdframed detected package amsthm 
 changed the theorem header of amsthm
(mdframed)              on input line 722.
[105]
Package mdframed Info: mdframed works in twoside mode on input line 743.
Package mdframed Info: mdframed detected package amsthm 
 changed the theorem header of amsthm
(mdframed)              on input line 743.
 [106] [107] [108]
LaTeX Font Info:    Font shape `T1/zplTLF/m/n' will be
(Font)              scaled to size 7.0pt on input line 946.
<figures/semidiscrete-lloyd-flow-mixtures/snapshot-000.pdf, id=3239, 122.35312p
t x 90.22357pt>
File: figures/semidiscrete-lloyd-flow-mixtures/snapshot-000.pdf Graphic file (t
ype pdf)
<use figures/semidiscrete-lloyd-flow-mixtures/snapshot-000.pdf>
Package pdftex.def Info: figures/semidiscrete-lloyd-flow-mixtures/snapshot-000.
pdf  used on input line 951.
(pdftex.def)             Requested size: 80.01773pt x 59.00531pt.
<figures/semidiscrete-lloyd-flow-mixtures/snapshot-024.pdf, id=3240, 122.35312p
t x 90.22357pt>
File: figures/semidiscrete-lloyd-flow-mixtures/snapshot-024.pdf Graphic file (t
ype pdf)
<use figures/semidiscrete-lloyd-flow-mixtures/snapshot-024.pdf>
Package pdftex.def Info: figures/semidiscrete-lloyd-flow-mixtures/snapshot-024.
pdf  used on input line 952.
(pdftex.def)             Requested size: 80.01773pt x 59.00531pt.
<figures/semidiscrete-lloyd-flow-mixtures/snapshot-080.pdf, id=3241, 122.35312p
t x 90.22357pt>
File: figures/semidiscrete-lloyd-flow-mixtures/snapshot-080.pdf Graphic file (t
ype pdf)
<use figures/semidiscrete-lloyd-flow-mixtures/snapshot-080.pdf>
Package pdftex.def Info: figures/semidiscrete-lloyd-flow-mixtures/snapshot-080.
pdf  used on input line 953.
(pdftex.def)             Requested size: 80.01773pt x 59.00531pt.
<figures/semidiscrete-lloyd-flow-mixtures/snapshot-240.pdf, id=3242, 122.35312p
t x 90.22357pt>
File: figures/semidiscrete-lloyd-flow-mixtures/snapshot-240.pdf Graphic file (t
ype pdf)
<use figures/semidiscrete-lloyd-flow-mixtures/snapshot-240.pdf>
Package pdftex.def Info: figures/semidiscrete-lloyd-flow-mixtures/snapshot-240.
pdf  used on input line 954.
(pdftex.def)             Requested size: 80.01773pt x 59.00531pt.
<figures/semidiscrete-lloyd-flow-mixtures/energy-decay.pdf, id=3243, 163.77368p
t x 118.16504pt>
File: figures/semidiscrete-lloyd-flow-mixtures/energy-decay.pdf Graphic file (t
ype pdf)
<use figures/semidiscrete-lloyd-flow-mixtures/energy-decay.pdf>
Package pdftex.def Info: figures/semidiscrete-lloyd-flow-mixtures/energy-decay.
pdf  used on input line 955.
(pdftex.def)             Requested size: 98.90233pt x 71.36113pt.
Package mdframed Info: mdframed works in twoside mode on input line 972.
Package mdframed Info: mdframed detected package amsthm 
 changed the theorem header of amsthm
(mdframed)              on input line 972.
Package mdframed Info: mdframed works in twoside mode on input line 980.
Package mdframed Info: mdframed detected package amsthm 
 changed the theorem header of amsthm
(mdframed)              on input line 980.
Package mdframed Info: mdframed works in twoside mode on input line 984.
Package mdframed Info: mdframed detected package amsthm 
 changed the theorem header of amsthm
(mdframed)              on input line 984.
<figures/semidiscrete-lloyd-quantization/initial.pdf, id=3245, 139.13782pt x 11
2.21518pt>
File: figures/semidiscrete-lloyd-quantization/initial.pdf Graphic file (type pd
f)
<use figures/semidiscrete-lloyd-quantization/initial.pdf>
Package pdftex.def Info: figures/semidiscrete-lloyd-quantization/initial.pdf  u
sed on input line 1004.
(pdftex.def)             Requested size: 134.86743pt x 108.78008pt.
<figures/semidiscrete-lloyd-quantization/iter6.pdf, id=3246, 139.13782pt x 112.
21518pt>
File: figures/semidiscrete-lloyd-quantization/iter6.pdf Graphic file (type pdf)

<use figures/semidiscrete-lloyd-quantization/iter6.pdf>
Package pdftex.def Info: figures/semidiscrete-lloyd-quantization/iter6.pdf  use
d on input line 1005.
(pdftex.def)             Requested size: 134.86743pt x 108.78008pt.
<figures/semidiscrete-lloyd-quantization/iter36.pdf, id=3247, 139.13782pt x 112
.21518pt>
File: figures/semidiscrete-lloyd-quantization/iter36.pdf Graphic file (type pdf
)
<use figures/semidiscrete-lloyd-quantization/iter36.pdf>
Package pdftex.def Info: figures/semidiscrete-lloyd-quantization/iter36.pdf  us
ed on input line 1006.
(pdftex.def)             Requested size: 134.86743pt x 108.78008pt.

Underfull \vbox (badness 10000) has occurred while \output is active []

 [109 <./figures/semidiscrete-lloyd-flow-mixtures/snapshot-000.pdf> <./figures/
semidiscrete-lloyd-flow-mixtures/snapshot-024.pdf> <./figures/semidiscrete-lloy
d-flow-mixtures/snapshot-080.pdf> <./figures/semidiscrete-lloyd-flow-mixtures/s
napshot-240.pdf> <./figures/semidiscrete-lloyd-flow-mixtures/energy-decay.pdf>]
 [110 <./figures/semidiscrete-lloyd-quantization/initial.pdf> <./figures/semidi
screte-lloyd-quantization/iter6.pdf> <./figures/semidiscrete-lloyd-quantization
/iter36.pdf>] [111]
<figures/semidiscrete-quantile-quantization-rates/quantile-points.pdf, id=3338,
 187.22383pt x 136.68741pt>
File: figures/semidiscrete-quantile-quantization-rates/quantile-points.pdf Grap
hic file (type pdf)
<use figures/semidiscrete-quantile-quantization-rates/quantile-points.pdf>
Package pdftex.def Info: figures/semidiscrete-quantile-quantization-rates/quant
ile-points.pdf  used on input line 1144.
(pdftex.def)             Requested size: 193.30473pt x 141.12955pt.
<figures/semidiscrete-quantile-quantization-rates/rate-comparison.pdf, id=3339,
 210.07483pt x 137.44022pt>
File: figures/semidiscrete-quantile-quantization-rates/rate-comparison.pdf Grap
hic file (type pdf)
<use figures/semidiscrete-quantile-quantization-rates/rate-comparison.pdf>
Package pdftex.def Info: figures/semidiscrete-quantile-quantization-rates/rate-
comparison.pdf  used on input line 1145.
(pdftex.def)             Requested size: 193.30473pt x 126.47379pt.
Package mdframed Info: mdframed works in twoside mode on input line 1171.
Package mdframed Info: mdframed detected package amsthm 
 changed the theorem header of amsthm
(mdframed)              on input line 1171.
 [112 <./figures/semidiscrete-quantile-quantization-rates/quantile-points.pdf> 
<./figures/semidiscrete-quantile-quantization-rates/rate-comparison.pdf>]
Package mdframed Info: mdframed works in twoside mode on input line 1252.
Package mdframed Info: mdframed detected package amsthm 
 changed the theorem header of amsthm
(mdframed)              on input line 1252.
 [113]
Package mdframed Info: mdframed works in twoside mode on input line 1284.
Package mdframed Info: mdframed detected package amsthm 
 changed the theorem header of amsthm
(mdframed)              on input line 1284.
 [114]
Package mdframed Info: mdframed works in twoside mode on input line 1340.
Package mdframed Info: mdframed detected package amsthm 
 changed the theorem header of amsthm
(mdframed)              on input line 1340.
Package mdframed Info: Not enough space on this page on input line 1347.
<figures/w1-graph-transport-flow/regular.pdf, id=3429, 148.3161pt x 96.22159pt>

File: figures/w1-graph-transport-flow/regular.pdf Graphic file (type pdf)
<use figures/w1-graph-transport-flow/regular.pdf>
Package pdftex.def Info: figures/w1-graph-transport-flow/regular.pdf  used on i
nput line 1392.
(pdftex.def)             Requested size: 206.79765pt x 134.16458pt.
<figures/w1-graph-transport-flow/nonuniform.pdf, id=3430, 148.3161pt x 89.78807
pt>
File: figures/w1-graph-transport-flow/nonuniform.pdf Graphic file (type pdf)
<use figures/w1-graph-transport-flow/nonuniform.pdf>
Package pdftex.def Info: figures/w1-graph-transport-flow/nonuniform.pdf  used o
n input line 1394.
(pdftex.def)             Requested size: 206.79765pt x 125.1941pt.
 [115 <./figures/w1-graph-transport-flow/regular.pdf> <./figures/w1-graph-trans
port-flow/nonuniform.pdf>]) (./sections/dual-norms.tex [116]
Chapter 7.
Package mdframed Info: mdframed works in twoside mode on input line 28.
Package mdframed Info: mdframed detected package amsthm 
 changed the theorem header of amsthm
(mdframed)              on input line 28.
[117

]
<figures/dualnorms-ipm-witnesses/w1.pdf, id=3486, 197.62206pt x 144.50537pt>
File: figures/dualnorms-ipm-witnesses/w1.pdf Graphic file (type pdf)
<use figures/dualnorms-ipm-witnesses/w1.pdf>
Package pdftex.def Info: figures/dualnorms-ipm-witnesses/w1.pdf  used on input 
line 98.
(pdftex.def)             Requested size: 139.3605pt x 101.90936pt.
<figures/dualnorms-ipm-witnesses/mmd.pdf, id=3487, 197.62206pt x 144.50537pt>
File: figures/dualnorms-ipm-witnesses/mmd.pdf Graphic file (type pdf)
<use figures/dualnorms-ipm-witnesses/mmd.pdf>
Package pdftex.def Info: figures/dualnorms-ipm-witnesses/mmd.pdf  used on input
 line 99.
(pdftex.def)             Requested size: 139.3605pt x 101.90936pt.
<figures/dualnorms-ipm-witnesses/tv.pdf, id=3488, 197.62206pt x 144.50537pt>
File: figures/dualnorms-ipm-witnesses/tv.pdf Graphic file (type pdf)
<use figures/dualnorms-ipm-witnesses/tv.pdf>
Package pdftex.def Info: figures/dualnorms-ipm-witnesses/tv.pdf  used on input 
line 100.
(pdftex.def)             Requested size: 139.3605pt x 101.90936pt.
 [118 <./figures/dualnorms-ipm-witnesses/w1.pdf> <./figures/dualnorms-ipm-witne
sses/mmd.pdf> <./figures/dualnorms-ipm-witnesses/tv.pdf>]
Package mdframed Info: mdframed works in twoside mode on input line 175.
Package mdframed Info: mdframed detected package amsthm 
 changed the theorem header of amsthm
(mdframed)              on input line 175.
 [119]
Package mdframed Info: mdframed works in twoside mode on input line 223.
Package mdframed Info: mdframed detected package amsthm 
 changed the theorem header of amsthm
(mdframed)              on input line 223.
 [120]
Package mdframed Info: mdframed works in twoside mode on input line 319.
Package mdframed Info: mdframed detected package amsthm 
 changed the theorem header of amsthm
(mdframed)              on input line 319.
Package mdframed Info: mdframed works in twoside mode on input line 374.
Package mdframed Info: mdframed detected package amsthm 
 changed the theorem header of amsthm
(mdframed)              on input line 374.

[121]
Package mdframed Info: mdframed works in twoside mode on input line 387.
Package mdframed Info: mdframed detected package amsthm 
 changed the theorem header of amsthm
(mdframed)              on input line 387.
 [122] [123]
<figures/dualnorms-phi-generators/generators.pdf, id=3665, 218.37396pt x 148.59
39pt>
File: figures/dualnorms-phi-generators/generators.pdf Graphic file (type pdf)
<use figures/dualnorms-phi-generators/generators.pdf>
Package pdftex.def Info: figures/dualnorms-phi-generators/generators.pdf  used 
on input line 629.
(pdftex.def)             Requested size: 193.30473pt x 131.54298pt.
<figures/dualnorms-phi-generators/ratio-penalties.pdf, id=3666, 227.70381pt x 1
48.5939pt>
File: figures/dualnorms-phi-generators/ratio-penalties.pdf Graphic file (type p
df)
<use figures/dualnorms-phi-generators/ratio-penalties.pdf>
Package pdftex.def Info: figures/dualnorms-phi-generators/ratio-penalties.pdf  
used on input line 630.
(pdftex.def)             Requested size: 193.30473pt x 126.14441pt.
 [124] [125 <./figures/dualnorms-phi-generators/generators.pdf> <./figures/dual
norms-phi-generators/ratio-penalties.pdf>] [126])
(./sections/sinkhorn.tex [127]
Chapter 8.
Package mdframed Info: mdframed works in twoside mode on input line 38.
Package mdframed Info: mdframed detected package amsthm 
 changed the theorem header of amsthm
(mdframed)              on input line 38.
Package mdframed Info: mdframed works in twoside mode on input line 48.
Package mdframed Info: mdframed detected package amsthm 
 changed the theorem header of amsthm
(mdframed)              on input line 48.
<figures/sinkhorn-plan-epsilon/eps-0p018.pdf, id=3770, 123.75514pt x 123.75514p
t>
File: figures/sinkhorn-plan-epsilon/eps-0p018.pdf Graphic file (type pdf)
<use figures/sinkhorn-plan-epsilon/eps-0p018.pdf>
Package pdftex.def Info: figures/sinkhorn-plan-epsilon/eps-0p018.pdf  used on i
nput line 64.
(pdftex.def)             Requested size: 101.15228pt x 101.15506pt.
<figures/sinkhorn-plan-epsilon/eps-0p045.pdf, id=3771, 123.75514pt x 123.75514p
t>
File: figures/sinkhorn-plan-epsilon/eps-0p045.pdf Graphic file (type pdf)
<use figures/sinkhorn-plan-epsilon/eps-0p045.pdf>
Package pdftex.def Info: figures/sinkhorn-plan-epsilon/eps-0p045.pdf  used on i
nput line 65.
(pdftex.def)             Requested size: 101.15228pt x 101.15506pt.
<figures/sinkhorn-plan-epsilon/eps-0p120.pdf, id=3772, 123.75514pt x 123.75514p
t>
File: figures/sinkhorn-plan-epsilon/eps-0p120.pdf Graphic file (type pdf)
<use figures/sinkhorn-plan-epsilon/eps-0p120.pdf>
Package pdftex.def Info: figures/sinkhorn-plan-epsilon/eps-0p120.pdf  used on i
nput line 66.
(pdftex.def)             Requested size: 101.15228pt x 101.15506pt.
<figures/sinkhorn-plan-epsilon/eps-0p320.pdf, id=3773, 123.75514pt x 123.75514p
t>
File: figures/sinkhorn-plan-epsilon/eps-0p320.pdf Graphic file (type pdf)
<use figures/sinkhorn-plan-epsilon/eps-0p320.pdf>
Package pdftex.def Info: figures/sinkhorn-plan-epsilon/eps-0p320.pdf  used on i
nput line 67.
(pdftex.def)             Requested size: 101.15228pt x 101.15506pt.

Underfull \vbox (badness 10000) has occurred while \output is active []

 [128

]
<figures/sinkhorn-entropy-lp-geometry/eps-large.pdf, id=3794, 118.19759pt x 104
.03316pt>
File: figures/sinkhorn-entropy-lp-geometry/eps-large.pdf Graphic file (type pdf
)
<use figures/sinkhorn-entropy-lp-geometry/eps-large.pdf>
Package pdftex.def Info: figures/sinkhorn-entropy-lp-geometry/eps-large.pdf  us
ed on input line 114.
(pdftex.def)             Requested size: 94.40926pt x 83.09645pt.
<figures/sinkhorn-entropy-lp-geometry/eps-medium.pdf, id=3795, 118.19759pt x 10
4.03316pt>
File: figures/sinkhorn-entropy-lp-geometry/eps-medium.pdf Graphic file (type pd
f)
<use figures/sinkhorn-entropy-lp-geometry/eps-medium.pdf>
Package pdftex.def Info: figures/sinkhorn-entropy-lp-geometry/eps-medium.pdf  u
sed on input line 115.
(pdftex.def)             Requested size: 94.40926pt x 83.09645pt.
<figures/sinkhorn-entropy-lp-geometry/eps-small.pdf, id=3796, 118.19759pt x 104
.03316pt>
File: figures/sinkhorn-entropy-lp-geometry/eps-small.pdf Graphic file (type pdf
)
<use figures/sinkhorn-entropy-lp-geometry/eps-small.pdf>
Package pdftex.def Info: figures/sinkhorn-entropy-lp-geometry/eps-small.pdf  us
ed on input line 116.
(pdftex.def)             Requested size: 94.40926pt x 83.09645pt.
<figures/sinkhorn-entropy-lp-geometry/path.pdf, id=3797, 118.19759pt x 104.0331
6pt>
File: figures/sinkhorn-entropy-lp-geometry/path.pdf Graphic file (type pdf)
<use figures/sinkhorn-entropy-lp-geometry/path.pdf>
Package pdftex.def Info: figures/sinkhorn-entropy-lp-geometry/path.pdf  used on
 input line 117.
(pdftex.def)             Requested size: 94.40926pt x 83.09645pt.
<figures/sinkhorn-entropy-lp-geometry/barrier-large.pdf, id=3798, 118.19759pt x
 100.33359pt>
File: figures/sinkhorn-entropy-lp-geometry/barrier-large.pdf Graphic file (type
 pdf)
<use figures/sinkhorn-entropy-lp-geometry/barrier-large.pdf>
Package pdftex.def Info: figures/sinkhorn-entropy-lp-geometry/barrier-large.pdf
  used on input line 118.
(pdftex.def)             Requested size: 94.40926pt x 80.14142pt.
<figures/sinkhorn-entropy-lp-geometry/barrier-medium.pdf, id=3799, 118.19759pt 
x 100.33359pt>
File: figures/sinkhorn-entropy-lp-geometry/barrier-medium.pdf Graphic file (typ
e pdf)
<use figures/sinkhorn-entropy-lp-geometry/barrier-medium.pdf>
Package pdftex.def Info: figures/sinkhorn-entropy-lp-geometry/barrier-medium.pd
f  used on input line 119.
(pdftex.def)             Requested size: 94.40926pt x 80.14142pt.
<figures/sinkhorn-entropy-lp-geometry/barrier-small.pdf, id=3800, 118.19759pt x
 100.33359pt>
File: figures/sinkhorn-entropy-lp-geometry/barrier-small.pdf Graphic file (type
 pdf)
<use figures/sinkhorn-entropy-lp-geometry/barrier-small.pdf>
Package pdftex.def Info: figures/sinkhorn-entropy-lp-geometry/barrier-small.pdf
  used on input line 120.
(pdftex.def)             Requested size: 94.40926pt x 80.14142pt.
<figures/sinkhorn-entropy-lp-geometry/barrier-path.pdf, id=3801, 118.19759pt x 
100.33359pt>
File: figures/sinkhorn-entropy-lp-geometry/barrier-path.pdf Graphic file (type 
pdf)
<use figures/sinkhorn-entropy-lp-geometry/barrier-path.pdf>
Package pdftex.def Info: figures/sinkhorn-entropy-lp-geometry/barrier-path.pdf 
 used on input line 121.
(pdftex.def)             Requested size: 94.40926pt x 80.14142pt.

Underfull \vbox (badness 10000) has occurred while \output is active []

 [129 <./figures/sinkhorn-plan-epsilon/eps-0p018.pdf> <./figures/sinkhorn-plan-
epsilon/eps-0p045.pdf> <./figures/sinkhorn-plan-epsilon/eps-0p120.pdf> <./figur
es/sinkhorn-plan-epsilon/eps-0p320.pdf>] [130 <./figures/sinkhorn-entropy-lp-ge
ometry/eps-large.pdf> <./figures/sinkhorn-entropy-lp-geometry/eps-medium.pdf> <
./figures/sinkhorn-entropy-lp-geometry/eps-small.pdf> <./figures/sinkhorn-entro
py-lp-geometry/path.pdf> <./figures/sinkhorn-entropy-lp-geometry/barrier-large.
pdf> <./figures/sinkhorn-entropy-lp-geometry/barrier-medium.pdf> <./figures/sin
khorn-entropy-lp-geometry/barrier-small.pdf> <./figures/sinkhorn-entropy-lp-geo
metry/barrier-path.pdf>]
Package mdframed Info: mdframed works in twoside mode on input line 246.
Package mdframed Info: mdframed detected package amsthm 
 changed the theorem header of amsthm
(mdframed)              on input line 246.
<figures/sinkhorn-marginal-errors/initial.pdf, id=3862, 125.24391pt x 122.25192
pt>
File: figures/sinkhorn-marginal-errors/initial.pdf Graphic file (type pdf)
<use figures/sinkhorn-marginal-errors/initial.pdf>
Package pdftex.def Info: figures/sinkhorn-marginal-errors/initial.pdf  used on 
input line 268.
(pdftex.def)             Requested size: 80.91634pt x 78.98338pt.
<figures/sinkhorn-marginal-errors/row-1.pdf, id=3863, 125.24391pt x 122.25192pt
>
File: figures/sinkhorn-marginal-errors/row-1.pdf Graphic file (type pdf)
<use figures/sinkhorn-marginal-errors/row-1.pdf>
Package pdftex.def Info: figures/sinkhorn-marginal-errors/row-1.pdf  used on in
put line 269.
(pdftex.def)             Requested size: 80.91634pt x 78.98338pt.
<figures/sinkhorn-marginal-errors/column-1.pdf, id=3864, 125.24391pt x 122.2519
2pt>
File: figures/sinkhorn-marginal-errors/column-1.pdf Graphic file (type pdf)
<use figures/sinkhorn-marginal-errors/column-1.pdf>
Package pdftex.def Info: figures/sinkhorn-marginal-errors/column-1.pdf  used on
 input line 270.
(pdftex.def)             Requested size: 80.91634pt x 78.98338pt.
<figures/sinkhorn-marginal-errors/row-2.pdf, id=3865, 125.24391pt x 122.25192pt
>
File: figures/sinkhorn-marginal-errors/row-2.pdf Graphic file (type pdf)
<use figures/sinkhorn-marginal-errors/row-2.pdf>
Package pdftex.def Info: figures/sinkhorn-marginal-errors/row-2.pdf  used on in
put line 271.
(pdftex.def)             Requested size: 80.91634pt x 78.98338pt.
<figures/sinkhorn-marginal-errors/column-2.pdf, id=3866, 125.24391pt x 122.2519
2pt>
File: figures/sinkhorn-marginal-errors/column-2.pdf Graphic file (type pdf)
<use figures/sinkhorn-marginal-errors/column-2.pdf>
Package pdftex.def Info: figures/sinkhorn-marginal-errors/column-2.pdf  used on
 input line 272.
(pdftex.def)             Requested size: 80.91634pt x 78.98338pt.
 [131]
<figures/sinkhorn-continuous-marginal-scaling/initial.pdf, id=3884, 127.88176pt
 x 119.30331pt>
File: figures/sinkhorn-continuous-marginal-scaling/initial.pdf Graphic file (ty
pe pdf)
<use figures/sinkhorn-continuous-marginal-scaling/initial.pdf>
Package pdftex.def Info: figures/sinkhorn-continuous-marginal-scaling/initial.p
df  used on input line 293.
(pdftex.def)             Requested size: 98.90233pt x 92.27159pt.
<figures/sinkhorn-continuous-marginal-scaling/row-1.pdf, id=3885, 127.88176pt x
 119.30331pt>
File: figures/sinkhorn-continuous-marginal-scaling/row-1.pdf Graphic file (type
 pdf)
<use figures/sinkhorn-continuous-marginal-scaling/row-1.pdf>
Package pdftex.def Info: figures/sinkhorn-continuous-marginal-scaling/row-1.pdf
  used on input line 294.
(pdftex.def)             Requested size: 98.90233pt x 92.27159pt.
<figures/sinkhorn-continuous-marginal-scaling/column-1.pdf, id=3886, 127.88176p
t x 119.30331pt>
File: figures/sinkhorn-continuous-marginal-scaling/column-1.pdf Graphic file (t
ype pdf)
<use figures/sinkhorn-continuous-marginal-scaling/column-1.pdf>
Package pdftex.def Info: figures/sinkhorn-continuous-marginal-scaling/column-1.
pdf  used on input line 295.
(pdftex.def)             Requested size: 98.90233pt x 92.27159pt.
<figures/sinkhorn-continuous-marginal-scaling/column-12.pdf, id=3887, 127.88176
pt x 119.30331pt>
File: figures/sinkhorn-continuous-marginal-scaling/column-12.pdf Graphic file (
type pdf)
<use figures/sinkhorn-continuous-marginal-scaling/column-12.pdf>
Package pdftex.def Info: figures/sinkhorn-continuous-marginal-scaling/column-12
.pdf  used on input line 296.
(pdftex.def)             Requested size: 98.90233pt x 92.27159pt.
<figures/sinkhorn-coupling-iterations/eps-0p010.pdf, id=3889, 120.60057pt x 114
.295pt>
File: figures/sinkhorn-coupling-iterations/eps-0p010.pdf Graphic file (type pdf
)
<use figures/sinkhorn-coupling-iterations/eps-0p010.pdf>
Package pdftex.def Info: figures/sinkhorn-coupling-iterations/eps-0p010.pdf  us
ed on input line 319.
(pdftex.def)             Requested size: 96.65236pt x 91.60353pt.
<figures/sinkhorn-coupling-iterations/eps-0p030.pdf, id=3890, 120.60057pt x 114
.295pt>
File: figures/sinkhorn-coupling-iterations/eps-0p030.pdf Graphic file (type pdf
)
<use figures/sinkhorn-coupling-iterations/eps-0p030.pdf>
Package pdftex.def Info: figures/sinkhorn-coupling-iterations/eps-0p030.pdf  us
ed on input line 320.
(pdftex.def)             Requested size: 96.65236pt x 91.60353pt.
<figures/sinkhorn-coupling-iterations/eps-0p085.pdf, id=3891, 120.60057pt x 114
.295pt>
File: figures/sinkhorn-coupling-iterations/eps-0p085.pdf Graphic file (type pdf
)
<use figures/sinkhorn-coupling-iterations/eps-0p085.pdf>
Package pdftex.def Info: figures/sinkhorn-coupling-iterations/eps-0p085.pdf  us
ed on input line 321.
(pdftex.def)             Requested size: 96.65236pt x 91.60353pt.
<figures/sinkhorn-coupling-iterations/eps-0p240.pdf, id=3892, 120.60057pt x 114
.295pt>
File: figures/sinkhorn-coupling-iterations/eps-0p240.pdf Graphic file (type pdf
)
<use figures/sinkhorn-coupling-iterations/eps-0p240.pdf>
Package pdftex.def Info: figures/sinkhorn-coupling-iterations/eps-0p240.pdf  us
ed on input line 322.
(pdftex.def)             Requested size: 96.65236pt x 91.60353pt.
<figures/sinkhorn-potentials-iterations/iter-0.pdf, id=3895, 140.13153pt x 110.
34184pt>
File: figures/sinkhorn-potentials-iterations/iter-0.pdf Graphic file (type pdf)

<use figures/sinkhorn-potentials-iterations/iter-0.pdf>
Package pdftex.def Info: figures/sinkhorn-potentials-iterations/iter-0.pdf  use
d on input line 341.
(pdftex.def)             Requested size: 103.39539pt x 81.41765pt.
<figures/sinkhorn-potentials-iterations/iter-1.pdf, id=3896, 140.13153pt x 110.
34184pt>
File: figures/sinkhorn-potentials-iterations/iter-1.pdf Graphic file (type pdf)

<use figures/sinkhorn-potentials-iterations/iter-1.pdf>
Package pdftex.def Info: figures/sinkhorn-potentials-iterations/iter-1.pdf  use
d on input line 342.
(pdftex.def)             Requested size: 103.39539pt x 81.41765pt.
<figures/sinkhorn-potentials-iterations/iter-3.pdf, id=3897, 140.13153pt x 110.
34184pt>
File: figures/sinkhorn-potentials-iterations/iter-3.pdf Graphic file (type pdf)

<use figures/sinkhorn-potentials-iterations/iter-3.pdf>
Package pdftex.def Info: figures/sinkhorn-potentials-iterations/iter-3.pdf  use
d on input line 343.
(pdftex.def)             Requested size: 103.39539pt x 81.41765pt.
<figures/sinkhorn-potentials-iterations/iter-12.pdf, id=3898, 140.13153pt x 110
.34184pt>
File: figures/sinkhorn-potentials-iterations/iter-12.pdf Graphic file (type pdf
)
<use figures/sinkhorn-potentials-iterations/iter-12.pdf>
Package pdftex.def Info: figures/sinkhorn-potentials-iterations/iter-12.pdf  us
ed on input line 344.
(pdftex.def)             Requested size: 103.39539pt x 81.41765pt.
 [132 <./figures/sinkhorn-marginal-errors/initial.pdf> <./figures/sinkhorn-marg
inal-errors/row-1.pdf> <./figures/sinkhorn-marginal-errors/column-1.pdf> <./fig
ures/sinkhorn-marginal-errors/row-2.pdf> <./figures/sinkhorn-marginal-errors/co
lumn-2.pdf> <./figures/sinkhorn-continuous-marginal-scaling/initial.pdf> <./fig
ures/sinkhorn-continuous-marginal-scaling/row-1.pdf> <./figures/sinkhorn-contin
uous-marginal-scaling/column-1.pdf> <./figures/sinkhorn-continuous-marginal-sca
ling/column-12.pdf> <./figures/sinkhorn-coupling-iterations/eps-0p010.pdf> <./f
igures/sinkhorn-coupling-iterations/eps-0p030.pdf> <./figures/sinkhorn-coupling
-iterations/eps-0p085.pdf> <./figures/sinkhorn-coupling-iterations/eps-0p240.pd
f>]
<figures/sinkhorn-linear-rate-epsilon/marginal-error.pdf, id=3946, 211.41542pt 
x 130.93367pt>
File: figures/sinkhorn-linear-rate-epsilon/marginal-error.pdf Graphic file (typ
e pdf)
<use figures/sinkhorn-linear-rate-epsilon/marginal-error.pdf>
Package pdftex.def Info: figures/sinkhorn-linear-rate-epsilon/marginal-error.pd
f  used on input line 373.
(pdftex.def)             Requested size: 260.74188pt x 161.48897pt.
<figures/sinkhorn-linear-rate-epsilon/limiting-plans.pdf, id=3947, 121.93394pt 
x 121.93394pt>
File: figures/sinkhorn-linear-rate-epsilon/limiting-plans.pdf Graphic file (typ
e pdf)
<use figures/sinkhorn-linear-rate-epsilon/limiting-plans.pdf>
Package pdftex.def Info: figures/sinkhorn-linear-rate-epsilon/limiting-plans.pd
f  used on input line 374.
(pdftex.def)             Requested size: 139.3605pt x 139.37267pt.

Underfull \vbox (badness 3302) has occurred while \output is active []

 [133 <./figures/sinkhorn-potentials-iterations/iter-0.pdf> <./figures/sinkhorn
-potentials-iterations/iter-1.pdf> <./figures/sinkhorn-potentials-iterations/it
er-3.pdf> <./figures/sinkhorn-potentials-iterations/iter-12.pdf> <./figures/sin
khorn-linear-rate-epsilon/marginal-error.pdf> <./figures/sinkhorn-linear-rate-e
psilon/limiting-plans.pdf>]
Package mdframed Info: mdframed works in twoside mode on input line 425.
Package mdframed Info: mdframed detected package amsthm 
 changed the theorem header of amsthm
(mdframed)              on input line 425.
 [134]
<figures/sinkhorn-dual-potentials-epsilon/eps-0p010.pdf, id=4006, 143.49208pt x
 112.56775pt>
File: figures/sinkhorn-dual-potentials-epsilon/eps-0p010.pdf Graphic file (type
 pdf)
<use figures/sinkhorn-dual-potentials-epsilon/eps-0p010.pdf>
Package pdftex.def Info: figures/sinkhorn-dual-potentials-epsilon/eps-0p010.pdf
  used on input line 549.
(pdftex.def)             Requested size: 134.86743pt x 105.80681pt.
<figures/sinkhorn-dual-potentials-epsilon/eps-0p045.pdf, id=4007, 143.49208pt x
 112.56775pt>
File: figures/sinkhorn-dual-potentials-epsilon/eps-0p045.pdf Graphic file (type
 pdf)
<use figures/sinkhorn-dual-potentials-epsilon/eps-0p045.pdf>
Package pdftex.def Info: figures/sinkhorn-dual-potentials-epsilon/eps-0p045.pdf
  used on input line 551.
(pdftex.def)             Requested size: 134.86743pt x 105.80681pt.
<figures/sinkhorn-dual-potentials-epsilon/eps-0p200.pdf, id=4008, 143.49208pt x
 112.56775pt>
File: figures/sinkhorn-dual-potentials-epsilon/eps-0p200.pdf Graphic file (type
 pdf)
<use figures/sinkhorn-dual-potentials-epsilon/eps-0p200.pdf>
Package pdftex.def Info: figures/sinkhorn-dual-potentials-epsilon/eps-0p200.pdf
  used on input line 552.
(pdftex.def)             Requested size: 134.86743pt x 105.80681pt.
 [135] [136 <./figures/sinkhorn-dual-potentials-epsilon/eps-0p010.pdf> <./figur
es/sinkhorn-dual-potentials-epsilon/eps-0p045.pdf> <./figures/sinkhorn-dual-pot
entials-epsilon/eps-0p200.pdf>]
Package mdframed Info: mdframed works in twoside mode on input line 631.
Package mdframed Info: mdframed detected package amsthm 
 changed the theorem header of amsthm
(mdframed)              on input line 631.
Package mdframed Info: mdframed works in twoside mode on input line 644.
Package mdframed Info: mdframed detected package amsthm 
 changed the theorem header of amsthm
(mdframed)              on input line 644.
Package mdframed Info: mdframed works in twoside mode on input line 664.
Package mdframed Info: mdframed detected package amsthm 
 changed the theorem header of amsthm
(mdframed)              on input line 664.
 [137] [138] [139] [140]
[141] [142]
Package mdframed Info: mdframed works in twoside mode on input line 1120.
Package mdframed Info: mdframed detected package amsthm 
 changed the theorem header of amsthm
(mdframed)              on input line 1120.
Package mdframed Info: mdframed works in twoside mode on input line 1151.
Package mdframed Info: mdframed detected package amsthm 
 changed the theorem header of amsthm
(mdframed)              on input line 1151.
Package mdframed Info: mdframed works in twoside mode on input line 1156.
Package mdframed Info: mdframed detected package amsthm 
 changed the theorem header of amsthm
(mdframed)              on input line 1156.
Package mdframed Info: mdframed works in twoside mode on input line 1164.
Package mdframed Info: mdframed detected package amsthm 
 changed the theorem header of amsthm
(mdframed)              on input line 1164.
 [143]
<figures/sinkhorn-soft-c-transform-epsilon/eps-0p55.pdf, id=4141, 175.81999pt x
 141.72298pt>
File: figures/sinkhorn-soft-c-transform-epsilon/eps-0p55.pdf Graphic file (type
 pdf)
<use figures/sinkhorn-soft-c-transform-epsilon/eps-0p55.pdf>
Package pdftex.def Info: figures/sinkhorn-soft-c-transform-epsilon/eps-0p55.pdf
  used on input line 1188.
(pdftex.def)             Requested size: 105.64536pt x 85.15985pt.
<figures/sinkhorn-soft-c-transform-epsilon/eps-0p14.pdf, id=4142, 175.81999pt x
 141.72298pt>
File: figures/sinkhorn-soft-c-transform-epsilon/eps-0p14.pdf Graphic file (type
 pdf)
<use figures/sinkhorn-soft-c-transform-epsilon/eps-0p14.pdf>
Package pdftex.def Info: figures/sinkhorn-soft-c-transform-epsilon/eps-0p14.pdf
  used on input line 1190.
(pdftex.def)             Requested size: 105.64536pt x 85.15985pt.
<figures/sinkhorn-soft-c-transform-epsilon/eps-0p035.pdf, id=4143, 175.81999pt 
x 141.72298pt>
File: figures/sinkhorn-soft-c-transform-epsilon/eps-0p035.pdf Graphic file (typ
e pdf)
<use figures/sinkhorn-soft-c-transform-epsilon/eps-0p035.pdf>
Package pdftex.def Info: figures/sinkhorn-soft-c-transform-epsilon/eps-0p035.pd
f  used on input line 1192.
(pdftex.def)             Requested size: 105.64536pt x 85.15985pt.
<figures/sinkhorn-soft-c-transform-epsilon/hard.pdf, id=4144, 175.81999pt x 141
.72298pt>
File: figures/sinkhorn-soft-c-transform-epsilon/hard.pdf Graphic file (type pdf
)
<use figures/sinkhorn-soft-c-transform-epsilon/hard.pdf>
Package pdftex.def Info: figures/sinkhorn-soft-c-transform-epsilon/hard.pdf  us
ed on input line 1193.
(pdftex.def)             Requested size: 105.64536pt x 85.15985pt.
 [144 <./figures/sinkhorn-soft-c-transform-epsilon/eps-0p55.pdf> <./figures/sin
khorn-soft-c-transform-epsilon/eps-0p14.pdf> <./figures/sinkhorn-soft-c-transfo
rm-epsilon/eps-0p035.pdf> <./figures/sinkhorn-soft-c-transform-epsilon/hard.pdf
>]
Package mdframed Info: mdframed works in twoside mode on input line 1282.
Package mdframed Info: mdframed detected package amsthm 
 changed the theorem header of amsthm
(mdframed)              on input line 1282.
 [145] [146]
Package mdframed Info: mdframed works in twoside mode on input line 1430.
Package mdframed Info: mdframed detected package amsthm 
 changed the theorem header of amsthm
(mdframed)              on input line 1430.
 [147]
Package mdframed Info: mdframed works in twoside mode on input line 1576.
Package mdframed Info: mdframed detected package amsthm 
 changed the theorem header of amsthm
(mdframed)              on input line 1576.
LaTeX Font Info:    Trying to load font information for TS1+zplTLF on input lin
e 1603.

(/usr/local/texlive/2022/texmf-dist/tex/latex/newpx/ts1zpltlf.fd
File: ts1zpltlf.fd 2021/11/24 v1.0 fd file for TS1/zplTLF
)
LaTeX Font Info:    Font shape `TS1/zplTLF/m/n' will be
(Font)              scaled to size 10.0pt on input line 1603.
Package microtype Info: Loading generic protrusion settings for font family
(microtype)             `zplTLF' (encoding: TS1).
(microtype)             For optimal results, create family-specific settings.
(microtype)             See the microtype manual for details.
 [148]
[149]
<figures/sinkhorn-geodesics-in-heat/exact.pdf, id=4300, 122.2447pt x 122.2447pt
>
File: figures/sinkhorn-geodesics-in-heat/exact.pdf Graphic file (type pdf)
<use figures/sinkhorn-geodesics-in-heat/exact.pdf>
Package pdftex.def Info: figures/sinkhorn-geodesics-in-heat/exact.pdf  used on 
input line 1702.
(pdftex.def)             Requested size: 105.64536pt x 105.64694pt.
<figures/sinkhorn-geodesics-in-heat/epsilon-small.pdf, id=4301, 122.2447pt x 12
2.2447pt>
File: figures/sinkhorn-geodesics-in-heat/epsilon-small.pdf Graphic file (type p
df)
<use figures/sinkhorn-geodesics-in-heat/epsilon-small.pdf>
Package pdftex.def Info: figures/sinkhorn-geodesics-in-heat/epsilon-small.pdf  
used on input line 1703.
(pdftex.def)             Requested size: 105.64536pt x 105.64694pt.
<figures/sinkhorn-geodesics-in-heat/epsilon-medium.pdf, id=4302, 122.2447pt x 1
22.2447pt>
File: figures/sinkhorn-geodesics-in-heat/epsilon-medium.pdf Graphic file (type 
pdf)
<use figures/sinkhorn-geodesics-in-heat/epsilon-medium.pdf>
Package pdftex.def Info: figures/sinkhorn-geodesics-in-heat/epsilon-medium.pdf 
 used on input line 1704.
(pdftex.def)             Requested size: 105.64536pt x 105.64694pt.
<figures/sinkhorn-geodesics-in-heat/epsilon-large.pdf, id=4303, 122.2447pt x 12
2.2447pt>
File: figures/sinkhorn-geodesics-in-heat/epsilon-large.pdf Graphic file (type p
df)
<use figures/sinkhorn-geodesics-in-heat/epsilon-large.pdf>
Package pdftex.def Info: figures/sinkhorn-geodesics-in-heat/epsilon-large.pdf  
used on input line 1705.
(pdftex.def)             Requested size: 105.64536pt x 105.64694pt.
 [150 <./figures/sinkhorn-geodesics-in-heat/exact.pdf> <./figures/sinkhorn-geod
esics-in-heat/epsilon-small.pdf> <./figures/sinkhorn-geodesics-in-heat/epsilon-
medium.pdf> <./figures/sinkhorn-geodesics-in-heat/epsilon-large.pdf>]
<figures/sinkhorn-hopf-cole-transform/biconjugate-simple.pdf, id=4347, 209.8778
5pt x 150.62584pt>
File: figures/sinkhorn-hopf-cole-transform/biconjugate-simple.pdf Graphic file 
(type pdf)
<use figures/sinkhorn-hopf-cole-transform/biconjugate-simple.pdf>
Package pdftex.def Info: figures/sinkhorn-hopf-cole-transform/biconjugate-simpl
e.pdf  used on input line 1820.
(pdftex.def)             Requested size: 211.29071pt x 151.64133pt.
<figures/sinkhorn-hopf-cole-transform/biconjugate-oscillatory.pdf, id=4348, 199
.11891pt x 150.62584pt>
File: figures/sinkhorn-hopf-cole-transform/biconjugate-oscillatory.pdf Graphic 
file (type pdf)
<use figures/sinkhorn-hopf-cole-transform/biconjugate-oscillatory.pdf>
Package pdftex.def Info: figures/sinkhorn-hopf-cole-transform/biconjugate-oscil
latory.pdf  used on input line 1821.
(pdftex.def)             Requested size: 211.29071pt x 159.83958pt.

[151]
<figures/sinkhorn-hopf-cole-transform/burgers-epsilon-small.pdf, id=4365, 196.2
2083pt x 166.20724pt>
File: figures/sinkhorn-hopf-cole-transform/burgers-epsilon-small.pdf Graphic fi
le (type pdf)
<use figures/sinkhorn-hopf-cole-transform/burgers-epsilon-small.pdf>
Package pdftex.def Info: figures/sinkhorn-hopf-cole-transform/burgers-epsilon-s
mall.pdf  used on input line 1849.
(pdftex.def)             Requested size: 142.95496pt x 121.08934pt.
<figures/sinkhorn-hopf-cole-transform/burgers-epsilon-medium.pdf, id=4366, 196.
22083pt x 166.20724pt>
File: figures/sinkhorn-hopf-cole-transform/burgers-epsilon-medium.pdf Graphic f
ile (type pdf)
<use figures/sinkhorn-hopf-cole-transform/burgers-epsilon-medium.pdf>
Package pdftex.def Info: figures/sinkhorn-hopf-cole-transform/burgers-epsilon-m
edium.pdf  used on input line 1850.
(pdftex.def)             Requested size: 142.95496pt x 121.08934pt.
<figures/sinkhorn-hopf-cole-transform/burgers-epsilon-large.pdf, id=4367, 196.2
2083pt x 166.20724pt>
File: figures/sinkhorn-hopf-cole-transform/burgers-epsilon-large.pdf Graphic fi
le (type pdf)
<use figures/sinkhorn-hopf-cole-transform/burgers-epsilon-large.pdf>
Package pdftex.def Info: figures/sinkhorn-hopf-cole-transform/burgers-epsilon-l
arge.pdf  used on input line 1851.
(pdftex.def)             Requested size: 142.95496pt x 121.08934pt.
 [152 <./figures/sinkhorn-hopf-cole-transform/biconjugate-simple.pdf> <./figure
s/sinkhorn-hopf-cole-transform/biconjugate-oscillatory.pdf> <./figures/sinkhorn
-hopf-cole-transform/burgers-epsilon-small.pdf> <./figures/sinkhorn-hopf-cole-t
ransform/burgers-epsilon-medium.pdf> <./figures/sinkhorn-hopf-cole-transform/bu
rgers-epsilon-large.pdf>]
Package mdframed Info: mdframed works in twoside mode on input line 1880.
Package mdframed Info: mdframed detected package amsthm 
 changed the theorem header of amsthm
(mdframed)              on input line 1880.
 [153]
Package mdframed Info: mdframed works in twoside mode on input line 1989.
Package mdframed Info: mdframed detected package amsthm 
 changed the theorem header of amsthm
(mdframed)              on input line 1989.
Package mdframed Info: mdframed works in twoside mode on input line 2008.
Package mdframed Info: mdframed detected package amsthm 
 changed the theorem header of amsthm
(mdframed)              on input line 2008.
 [154] [155] [156]
<figures/sinkhorn-phi-soft-c-transforms/kl.pdf, id=4531, 148.8762pt x 137.03987
pt>
File: figures/sinkhorn-phi-soft-c-transforms/kl.pdf Graphic file (type pdf)
<use figures/sinkhorn-phi-soft-c-transforms/kl.pdf>
Package pdftex.def Info: figures/sinkhorn-phi-soft-c-transforms/kl.pdf  used on
 input line 2234.
(pdftex.def)             Requested size: 139.3605pt x 128.28009pt.
<figures/sinkhorn-phi-soft-c-transforms/burg.pdf, id=4532, 148.8762pt x 137.039
87pt>
File: figures/sinkhorn-phi-soft-c-transforms/burg.pdf Graphic file (type pdf)
<use figures/sinkhorn-phi-soft-c-transforms/burg.pdf>
Package pdftex.def Info: figures/sinkhorn-phi-soft-c-transforms/burg.pdf  used 
on input line 2235.
(pdftex.def)             Requested size: 139.3605pt x 128.28009pt.
<figures/sinkhorn-phi-soft-c-transforms/quadratic.pdf, id=4533, 148.8762pt x 13
7.03987pt>
File: figures/sinkhorn-phi-soft-c-transforms/quadratic.pdf Graphic file (type p
df)
<use figures/sinkhorn-phi-soft-c-transforms/quadratic.pdf>
Package pdftex.def Info: figures/sinkhorn-phi-soft-c-transforms/quadratic.pdf  
used on input line 2236.
(pdftex.def)             Requested size: 139.3605pt x 128.28009pt.
<figures/sinkhorn-entropic-versus-quadratic-regularization/kl-plan.pdf, id=4535
, 153.28468pt x 153.28468pt>
File: figures/sinkhorn-entropic-versus-quadratic-regularization/kl-plan.pdf Gra
phic file (type pdf)
<use figures/sinkhorn-entropic-versus-quadratic-regularization/kl-plan.pdf>
Package pdftex.def Info: figures/sinkhorn-entropic-versus-quadratic-regularizat
ion/kl-plan.pdf  used on input line 2253.
(pdftex.def)             Requested size: 139.3605pt x 139.36296pt.
<figures/sinkhorn-entropic-versus-quadratic-regularization/burg-plan.pdf, id=45
36, 153.28468pt x 153.28468pt>
File: figures/sinkhorn-entropic-versus-quadratic-regularization/burg-plan.pdf G
raphic file (type pdf)
<use figures/sinkhorn-entropic-versus-quadratic-regularization/burg-plan.pdf>
Package pdftex.def Info: figures/sinkhorn-entropic-versus-quadratic-regularizat
ion/burg-plan.pdf  used on input line 2254.
(pdftex.def)             Requested size: 139.3605pt x 139.36296pt.
<figures/sinkhorn-entropic-versus-quadratic-regularization/quadratic-plan.pdf, 
id=4537, 153.28468pt x 153.28468pt>
File: figures/sinkhorn-entropic-versus-quadratic-regularization/quadratic-plan.
pdf Graphic file (type pdf)
<use figures/sinkhorn-entropic-versus-quadratic-regularization/quadratic-plan.p
df>
Package pdftex.def Info: figures/sinkhorn-entropic-versus-quadratic-regularizat
ion/quadratic-plan.pdf  used on input line 2255.
(pdftex.def)             Requested size: 139.3605pt x 139.36296pt.
 [157 <./figures/sinkhorn-phi-soft-c-transforms/kl.pdf> <./figures/sinkhorn-phi
-soft-c-transforms/burg.pdf> <./figures/sinkhorn-phi-soft-c-transforms/quadrati
c.pdf> <./figures/sinkhorn-entropic-versus-quadratic-regularization/kl-plan.pdf
> <./figures/sinkhorn-entropic-versus-quadratic-regularization/burg-plan.pdf> <
./figures/sinkhorn-entropic-versus-quadratic-regularization/quadratic-plan.pdf>
]
Package mdframed Info: mdframed works in twoside mode on input line 2345.
Package mdframed Info: mdframed detected package amsthm 
 changed the theorem header of amsthm
(mdframed)              on input line 2345.
 [158]
<figures/sinkhorn-divergence-debiasing/raw-small.pdf, id=4610, 103.30997pt x 79
.22223pt>
File: figures/sinkhorn-divergence-debiasing/raw-small.pdf Graphic file (type pd
f)
<use figures/sinkhorn-divergence-debiasing/raw-small.pdf>
Package pdftex.def Info: figures/sinkhorn-divergence-debiasing/raw-small.pdf  u
sed on input line 2389.
(pdftex.def)             Requested size: 105.64536pt x 81.01591pt.
<figures/sinkhorn-divergence-debiasing/debiased-small.pdf, id=4611, 103.30997pt
 x 79.22223pt>
File: figures/sinkhorn-divergence-debiasing/debiased-small.pdf Graphic file (ty
pe pdf)
<use figures/sinkhorn-divergence-debiasing/debiased-small.pdf>
Package pdftex.def Info: figures/sinkhorn-divergence-debiasing/debiased-small.p
df  used on input line 2391.
(pdftex.def)             Requested size: 105.64536pt x 81.01591pt.
<figures/sinkhorn-divergence-debiasing/raw-large.pdf, id=4612, 103.30997pt x 79
.22223pt>
File: figures/sinkhorn-divergence-debiasing/raw-large.pdf Graphic file (type pd
f)
<use figures/sinkhorn-divergence-debiasing/raw-large.pdf>
Package pdftex.def Info: figures/sinkhorn-divergence-debiasing/raw-large.pdf  u
sed on input line 2392.
(pdftex.def)             Requested size: 105.64536pt x 81.01591pt.
<figures/sinkhorn-divergence-debiasing/debiased-large.pdf, id=4613, 103.30997pt
 x 79.22223pt>
File: figures/sinkhorn-divergence-debiasing/debiased-large.pdf Graphic file (ty
pe pdf)
<use figures/sinkhorn-divergence-debiasing/debiased-large.pdf>
Package pdftex.def Info: figures/sinkhorn-divergence-debiasing/debiased-large.p
df  used on input line 2393.
(pdftex.def)             Requested size: 105.64536pt x 81.01591pt.
 [159 <./figures/sinkhorn-divergence-debiasing/raw-small.pdf> <./figures/sinkho
rn-divergence-debiasing/debiased-small.pdf> <./figures/sinkhorn-divergence-debi
asing/raw-large.pdf> <./figures/sinkhorn-divergence-debiasing/debiased-large.pd
f>] [160] [161]
<figures/sinkhorn-complex-epsilon-continuation/theta-0p00.pdf, id=4666, 116.022
26pt x 116.02226pt>
File: figures/sinkhorn-complex-epsilon-continuation/theta-0p00.pdf Graphic file
 (type pdf)
<use figures/sinkhorn-complex-epsilon-continuation/theta-0p00.pdf>
Package pdftex.def Info: figures/sinkhorn-complex-epsilon-continuation/theta-0p
00.pdf  used on input line 2618.
(pdftex.def)             Requested size: 108.79393pt x 108.79892pt.
<figures/sinkhorn-complex-epsilon-continuation/theta-0p40.pdf, id=4667, 116.022
26pt x 116.02226pt>
File: figures/sinkhorn-complex-epsilon-continuation/theta-0p40.pdf Graphic file
 (type pdf)
<use figures/sinkhorn-complex-epsilon-continuation/theta-0p40.pdf>
Package pdftex.def Info: figures/sinkhorn-complex-epsilon-continuation/theta-0p
40.pdf  used on input line 2619.
(pdftex.def)             Requested size: 108.79393pt x 108.79892pt.
<figures/sinkhorn-complex-epsilon-continuation/theta-0p80.pdf, id=4668, 116.022
26pt x 116.02226pt>
File: figures/sinkhorn-complex-epsilon-continuation/theta-0p80.pdf Graphic file
 (type pdf)
<use figures/sinkhorn-complex-epsilon-continuation/theta-0p80.pdf>
Package pdftex.def Info: figures/sinkhorn-complex-epsilon-continuation/theta-0p
80.pdf  used on input line 2620.
(pdftex.def)             Requested size: 108.79393pt x 108.79892pt.
<figures/sinkhorn-complex-epsilon-continuation/theta-1p20.pdf, id=4669, 116.022
26pt x 116.02226pt>
File: figures/sinkhorn-complex-epsilon-continuation/theta-1p20.pdf Graphic file
 (type pdf)
<use figures/sinkhorn-complex-epsilon-continuation/theta-1p20.pdf>
Package pdftex.def Info: figures/sinkhorn-complex-epsilon-continuation/theta-1p
20.pdf  used on input line 2621.
(pdftex.def)             Requested size: 108.79393pt x 108.79892pt.

[162 <./figures/sinkhorn-complex-epsilon-continuation/theta-0p00.pdf> <./figure
s/sinkhorn-complex-epsilon-continuation/theta-0p40.pdf> <./figures/sinkhorn-com
plex-epsilon-continuation/theta-0p80.pdf> <./figures/sinkhorn-complex-epsilon-c
ontinuation/theta-1p20.pdf>]) (./sections/sinkhorn-advanced.tex [163]
Chapter 9.
Package mdframed Info: mdframed works in twoside mode on input line 48.
Package mdframed Info: mdframed detected package amsthm 
 changed the theorem header of amsthm
(mdframed)              on input line 48.
Package mdframed Info: mdframed works in twoside mode on input line 63.
Package mdframed Info: mdframed detected package amsthm 
 changed the theorem header of amsthm
(mdframed)              on input line 63.
[164

]
Package mdframed Info: mdframed works in twoside mode on input line 152.
Package mdframed Info: mdframed detected package amsthm 
 changed the theorem header of amsthm
(mdframed)              on input line 152.
 [165] [166] [167]
Package mdframed Info: mdframed works in twoside mode on input line 382.
Package mdframed Info: mdframed detected package amsthm 
 changed the theorem header of amsthm
(mdframed)              on input line 382.
Package mdframed Info: mdframed works in twoside mode on input line 392.
Package mdframed Info: mdframed detected package amsthm 
 changed the theorem header of amsthm
(mdframed)              on input line 392.
 [168] [169] [170] [171]
Package mdframed Info: mdframed works in twoside mode on input line 691.
Package mdframed Info: mdframed detected package amsthm 
 changed the theorem header of amsthm
(mdframed)              on input line 691.
 [172] [173]
<figures/sinkhorn-birkhoff-simplex-contraction/simplex-contraction.pdf, id=4861
, 513.13454pt x 162.00323pt>
File: figures/sinkhorn-birkhoff-simplex-contraction/simplex-contraction.pdf Gra
phic file (type pdf)
<use figures/sinkhorn-birkhoff-simplex-contraction/simplex-contraction.pdf>
Package pdftex.def Info: figures/sinkhorn-birkhoff-simplex-contraction/simplex-
contraction.pdf  used on input line 841.
(pdftex.def)             Requested size: 440.56056pt x 139.09264pt.
 [174 <./figures/sinkhorn-birkhoff-simplex-contraction/simplex-contraction.pdf>
]
<figures/sinkhorn-projective-scaling-simplex/scaling-contraction.pdf, id=4901, 
515.27596pt x 161.28053pt>
File: figures/sinkhorn-projective-scaling-simplex/scaling-contraction.pdf Graph
ic file (type pdf)
<use figures/sinkhorn-projective-scaling-simplex/scaling-contraction.pdf>
Package pdftex.def Info: figures/sinkhorn-projective-scaling-simplex/scaling-co
ntraction.pdf  used on input line 955.
(pdftex.def)             Requested size: 440.56056pt x 137.9012pt.
 [175 <./figures/sinkhorn-projective-scaling-simplex/scaling-contraction.pdf>]
Package mdframed Info: mdframed works in twoside mode on input line 1047.
Package mdframed Info: mdframed detected package amsthm 
 changed the theorem header of amsthm
(mdframed)              on input line 1047.
 [176] [177]
[178]
<figures/sinkhorn-overrelaxation/overview.pdf, id=5002, 534.75008pt x 150.66237
pt>
File: figures/sinkhorn-overrelaxation/overview.pdf Graphic file (type pdf)
<use figures/sinkhorn-overrelaxation/overview.pdf>
Package pdftex.def Info: figures/sinkhorn-overrelaxation/overview.pdf  used on 
input line 1326.
(pdftex.def)             Requested size: 445.06049pt x 125.39915pt.
 [179] [180 <./figures/sinkhorn-overrelaxation/overview.pdf>] [181]
[182] [183]
Package mdframed Info: mdframed works in twoside mode on input line 1670.
Package mdframed Info: mdframed detected package amsthm 
 changed the theorem header of amsthm
(mdframed)              on input line 1670.
 [184]
<figures/sinkhorn-continuous-epsilon-flow/unimodal.pdf, id=5134, 191.48978pt x 
162.30789pt>
File: figures/sinkhorn-continuous-epsilon-flow/unimodal.pdf Graphic file (type 
pdf)
<use figures/sinkhorn-continuous-epsilon-flow/unimodal.pdf>
Package pdftex.def Info: figures/sinkhorn-continuous-epsilon-flow/unimodal.pdf 
 used on input line 1833.
(pdftex.def)             Requested size: 206.79765pt x 175.28741pt.
<figures/sinkhorn-continuous-epsilon-flow/multimodal.pdf, id=5135, 191.48978pt 
x 162.30789pt>
File: figures/sinkhorn-continuous-epsilon-flow/multimodal.pdf Graphic file (typ
e pdf)
<use figures/sinkhorn-continuous-epsilon-flow/multimodal.pdf>
Package pdftex.def Info: figures/sinkhorn-continuous-epsilon-flow/multimodal.pd
f  used on input line 1834.
(pdftex.def)             Requested size: 206.79765pt x 175.28741pt.
) (./sections/statistical-ot.tex [185] [186 <./figures/sinkhorn-continuous-epsi
lon-flow/unimodal.pdf> <./figures/sinkhorn-continuous-epsilon-flow/multimodal.p
df>]
Chapter 10.
[187

] [188]
<figures/statistical-berry-esseen-w1/comparison.pdf, id=5219, 719.40479pt x 206
.61755pt>
File: figures/statistical-berry-esseen-w1/comparison.pdf Graphic file (type pdf
)
<use figures/statistical-berry-esseen-w1/comparison.pdf>
Package pdftex.def Info: figures/statistical-berry-esseen-w1/comparison.pdf  us
ed on input line 207.
(pdftex.def)             Requested size: 440.56056pt x 126.53464pt.
 [189] [190 <./figures/statistical-berry-esseen-w1/comparison.pdf>]
[191]
<figures/sinkhorn-bias-variance-tradeoff/dimension-3.pdf, id=5297, 199.99171pt 
x 157.07884pt>
File: figures/sinkhorn-bias-variance-tradeoff/dimension-3.pdf Graphic file (typ
e pdf)
<use figures/sinkhorn-bias-variance-tradeoff/dimension-3.pdf>
Package pdftex.def Info: figures/sinkhorn-bias-variance-tradeoff/dimension-3.pd
f  used on input line 363.
(pdftex.def)             Requested size: 202.29771pt x 158.89523pt.
<figures/sinkhorn-bias-variance-tradeoff/dimension-6.pdf, id=5298, 199.99171pt 
x 157.07884pt>
File: figures/sinkhorn-bias-variance-tradeoff/dimension-6.pdf Graphic file (typ
e pdf)
<use figures/sinkhorn-bias-variance-tradeoff/dimension-6.pdf>
Package pdftex.def Info: figures/sinkhorn-bias-variance-tradeoff/dimension-6.pd
f  used on input line 364.
(pdftex.def)             Requested size: 202.29771pt x 158.89523pt.
 [192 <./figures/sinkhorn-bias-variance-tradeoff/dimension-3.pdf> <./figures/si
nkhorn-bias-variance-tradeoff/dimension-6.pdf>] [193] [194] [195] [196]
[197] [198] [199] [200] [201] [202] [203]
Package mdframed Info: mdframed works in twoside mode on input line 1213.
Package mdframed Info: mdframed detected package amsthm 
 changed the theorem header of amsthm
(mdframed)              on input line 1213.
 [204]
<figures/sinkhorn-doubly-positive-counterexample/counterexample.pdf, id=5574, 5
15.16176pt x 180.3879pt>
File: figures/sinkhorn-doubly-positive-counterexample/counterexample.pdf Graphi
c file (type pdf)
<use figures/sinkhorn-doubly-positive-counterexample/counterexample.pdf>
Package pdftex.def Info: figures/sinkhorn-doubly-positive-counterexample/counte
rexample.pdf  used on input line 1255.
(pdftex.def)             Requested size: 422.58144pt x 147.97131pt.
 [205 <./figures/sinkhorn-doubly-positive-counterexample/counterexample.pdf>] [
206]
<figures/sinkhorn-positive-feature-sketching/exact.pdf, id=5643, 166.22101pt x 
151.767pt>
File: figures/sinkhorn-positive-feature-sketching/exact.pdf Graphic file (type 
pdf)
<use figures/sinkhorn-positive-feature-sketching/exact.pdf>
Package pdftex.def Info: figures/sinkhorn-positive-feature-sketching/exact.pdf 
 used on input line 1373.
(pdftex.def)             Requested size: 98.90233pt x 90.30132pt.
<figures/sinkhorn-positive-feature-sketching/rank-040.pdf, id=5644, 166.22101pt
 x 151.767pt>
File: figures/sinkhorn-positive-feature-sketching/rank-040.pdf Graphic file (ty
pe pdf)
<use figures/sinkhorn-positive-feature-sketching/rank-040.pdf>
Package pdftex.def Info: figures/sinkhorn-positive-feature-sketching/rank-040.p
df  used on input line 1374.
(pdftex.def)             Requested size: 98.90233pt x 90.30132pt.
<figures/sinkhorn-positive-feature-sketching/rank-010.pdf, id=5645, 166.22101pt
 x 151.767pt>
File: figures/sinkhorn-positive-feature-sketching/rank-010.pdf Graphic file (ty
pe pdf)
<use figures/sinkhorn-positive-feature-sketching/rank-010.pdf>
Package pdftex.def Info: figures/sinkhorn-positive-feature-sketching/rank-010.p
df  used on input line 1375.
(pdftex.def)             Requested size: 98.90233pt x 90.30132pt.
<figures/sinkhorn-positive-feature-sketching/rank-003.pdf, id=5646, 166.22101pt
 x 151.767pt>
File: figures/sinkhorn-positive-feature-sketching/rank-003.pdf Graphic file (ty
pe pdf)
<use figures/sinkhorn-positive-feature-sketching/rank-003.pdf>
Package pdftex.def Info: figures/sinkhorn-positive-feature-sketching/rank-003.p
df  used on input line 1376.
(pdftex.def)             Requested size: 98.90233pt x 90.30132pt.
<figures/sinkhorn-positive-feature-sketching/cost-exact.pdf, id=5647, 166.22101
pt x 151.767pt>
File: figures/sinkhorn-positive-feature-sketching/cost-exact.pdf Graphic file (
type pdf)
<use figures/sinkhorn-positive-feature-sketching/cost-exact.pdf>
Package pdftex.def Info: figures/sinkhorn-positive-feature-sketching/cost-exact
.pdf  used on input line 1377.
(pdftex.def)             Requested size: 98.90233pt x 90.30132pt.
<figures/sinkhorn-positive-feature-sketching/cost-rank-040.pdf, id=5648, 166.22
101pt x 151.767pt>
File: figures/sinkhorn-positive-feature-sketching/cost-rank-040.pdf Graphic fil
e (type pdf)
<use figures/sinkhorn-positive-feature-sketching/cost-rank-040.pdf>
Package pdftex.def Info: figures/sinkhorn-positive-feature-sketching/cost-rank-
040.pdf  used on input line 1378.
(pdftex.def)             Requested size: 98.90233pt x 90.30132pt.
<figures/sinkhorn-positive-feature-sketching/cost-rank-010.pdf, id=5649, 166.22
101pt x 151.767pt>
File: figures/sinkhorn-positive-feature-sketching/cost-rank-010.pdf Graphic fil
e (type pdf)
<use figures/sinkhorn-positive-feature-sketching/cost-rank-010.pdf>
Package pdftex.def Info: figures/sinkhorn-positive-feature-sketching/cost-rank-
010.pdf  used on input line 1379.
(pdftex.def)             Requested size: 98.90233pt x 90.30132pt.
<figures/sinkhorn-positive-feature-sketching/cost-rank-003.pdf, id=5650, 166.22
101pt x 151.767pt>
File: figures/sinkhorn-positive-feature-sketching/cost-rank-003.pdf Graphic fil
e (type pdf)
<use figures/sinkhorn-positive-feature-sketching/cost-rank-003.pdf>
Package pdftex.def Info: figures/sinkhorn-positive-feature-sketching/cost-rank-
003.pdf  used on input line 1380.
(pdftex.def)             Requested size: 98.90233pt x 90.30132pt.
 [207 <./figures/sinkhorn-positive-feature-sketching/exact.pdf> <./figures/sink
horn-positive-feature-sketching/rank-040.pdf> <./figures/sinkhorn-positive-feat
ure-sketching/rank-010.pdf> <./figures/sinkhorn-positive-feature-sketching/rank
-003.pdf> <./figures/sinkhorn-positive-feature-sketching/cost-exact.pdf> <./fig
ures/sinkhorn-positive-feature-sketching/cost-rank-040.pdf> <./figures/sinkhorn
-positive-feature-sketching/cost-rank-010.pdf> <./figures/sinkhorn-positive-fea
ture-sketching/cost-rank-003.pdf>]) (./sections/generalized-wasserstein.tex [20
8]
Chapter 11.
Package mdframed Info: mdframed works in twoside mode on input line 31.
Package mdframed Info: mdframed detected package amsthm 
 changed the theorem header of amsthm
(mdframed)              on input line 31.
[209

]
<figures/unbalanced-mass-relaxation/tau-small.pdf, id=5727, 150.7733pt x 138.72
226pt>
File: figures/unbalanced-mass-relaxation/tau-small.pdf Graphic file (type pdf)
<use figures/unbalanced-mass-relaxation/tau-small.pdf>
Package pdftex.def Info: figures/unbalanced-mass-relaxation/tau-small.pdf  used
 on input line 160.
(pdftex.def)             Requested size: 134.86743pt x 124.09319pt.
<figures/unbalanced-mass-relaxation/tau-medium.pdf, id=5728, 150.7733pt x 138.7
2226pt>
File: figures/unbalanced-mass-relaxation/tau-medium.pdf Graphic file (type pdf)

<use figures/unbalanced-mass-relaxation/tau-medium.pdf>
Package pdftex.def Info: figures/unbalanced-mass-relaxation/tau-medium.pdf  use
d on input line 161.
(pdftex.def)             Requested size: 134.86743pt x 124.09319pt.
<figures/unbalanced-mass-relaxation/tau-large.pdf, id=5729, 150.7733pt x 138.72
226pt>
File: figures/unbalanced-mass-relaxation/tau-large.pdf Graphic file (type pdf)
<use figures/unbalanced-mass-relaxation/tau-large.pdf>
Package pdftex.def Info: figures/unbalanced-mass-relaxation/tau-large.pdf  used
 on input line 162.
(pdftex.def)             Requested size: 134.86743pt x 124.09319pt.

Underfull \vbox (badness 2368) has occurred while \output is active []

 [210]
<figures/unbalanced-divergence-choice/kl.pdf, id=5745, 149.3279pt x 137.27687pt
>
File: figures/unbalanced-divergence-choice/kl.pdf Graphic file (type pdf)
<use figures/unbalanced-divergence-choice/kl.pdf>
Package pdftex.def Info: figures/unbalanced-divergence-choice/kl.pdf  used on i
nput line 196.
(pdftex.def)             Requested size: 134.86743pt x 123.9942pt.
<figures/unbalanced-divergence-choice/burg.pdf, id=5746, 149.3279pt x 137.27687
pt>
File: figures/unbalanced-divergence-choice/burg.pdf Graphic file (type pdf)
<use figures/unbalanced-divergence-choice/burg.pdf>
Package pdftex.def Info: figures/unbalanced-divergence-choice/burg.pdf  used on
 input line 197.
(pdftex.def)             Requested size: 134.86743pt x 123.9942pt.
<figures/unbalanced-divergence-choice/tv.pdf, id=5747, 149.3279pt x 137.27687pt
>
File: figures/unbalanced-divergence-choice/tv.pdf Graphic file (type pdf)
<use figures/unbalanced-divergence-choice/tv.pdf>
Package pdftex.def Info: figures/unbalanced-divergence-choice/tv.pdf  used on i
nput line 198.
(pdftex.def)             Requested size: 134.86743pt x 123.9942pt.

Underfull \vbox (badness 10000) has occurred while \output is active []

 [211 <./figures/unbalanced-mass-relaxation/tau-small.pdf> <./figures/unbalance
d-mass-relaxation/tau-medium.pdf> <./figures/unbalanced-mass-relaxation/tau-lar
ge.pdf>]
[212 <./figures/unbalanced-divergence-choice/kl.pdf> <./figures/unbalanced-dive
rgence-choice/burg.pdf> <./figures/unbalanced-divergence-choice/tv.pdf>]
Package mdframed Info: mdframed works in twoside mode on input line 334.
Package mdframed Info: mdframed detected package amsthm 
 changed the theorem header of amsthm
(mdframed)              on input line 334.

[213]
Package mdframed Info: mdframed works in twoside mode on input line 419.
Package mdframed Info: mdframed detected package amsthm 
 changed the theorem header of amsthm
(mdframed)              on input line 419.
 [214]
Package mdframed Info: mdframed works in twoside mode on input line 465.
Package mdframed Info: mdframed detected package amsthm 
 changed the theorem header of amsthm
(mdframed)              on input line 465.
 [215] [216]
Package mdframed Info: mdframed works in twoside mode on input line 717.
Package mdframed Info: mdframed detected package amsthm 
 changed the theorem header of amsthm
(mdframed)              on input line 717.
Package mdframed Info: mdframed works in twoside mode on input line 733.
Package mdframed Info: mdframed detected package amsthm 
 changed the theorem header of amsthm
(mdframed)              on input line 733.
 [217]
Package mdframed Info: mdframed works in twoside mode on input line 762.
Package mdframed Info: mdframed detected package amsthm 
 changed the theorem header of amsthm
(mdframed)              on input line 762.
 [218] [219]
Package mdframed Info: mdframed works in twoside mode on input line 902.
Package mdframed Info: mdframed detected package amsthm 
 changed the theorem header of amsthm
(mdframed)              on input line 902.
 [220]
<figures/partial-ot-active-mass/mass-090.pdf, id=5921, 136.98778pt x 123.87077p
t>
File: figures/partial-ot-active-mass/mass-090.pdf Graphic file (type pdf)
<use figures/partial-ot-active-mass/mass-090.pdf>
Package pdftex.def Info: figures/partial-ot-active-mass/mass-090.pdf  used on i
nput line 993.
(pdftex.def)             Requested size: 107.89531pt x 97.56573pt.
<figures/partial-ot-active-mass/mass-065.pdf, id=5922, 136.98778pt x 123.87077p
t>
File: figures/partial-ot-active-mass/mass-065.pdf Graphic file (type pdf)
<use figures/partial-ot-active-mass/mass-065.pdf>
Package pdftex.def Info: figures/partial-ot-active-mass/mass-065.pdf  used on i
nput line 994.
(pdftex.def)             Requested size: 107.89531pt x 97.56573pt.
<figures/partial-ot-active-mass/mass-042.pdf, id=5923, 136.98778pt x 123.87077p
t>
File: figures/partial-ot-active-mass/mass-042.pdf Graphic file (type pdf)
<use figures/partial-ot-active-mass/mass-042.pdf>
Package pdftex.def Info: figures/partial-ot-active-mass/mass-042.pdf  used on i
nput line 995.
(pdftex.def)             Requested size: 107.89531pt x 97.56573pt.
<figures/partial-ot-active-mass/mass-022.pdf, id=5924, 136.98778pt x 123.87077p
t>
File: figures/partial-ot-active-mass/mass-022.pdf Graphic file (type pdf)
<use figures/partial-ot-active-mass/mass-022.pdf>
Package pdftex.def Info: figures/partial-ot-active-mass/mass-022.pdf  used on i
nput line 996.
(pdftex.def)             Requested size: 107.89531pt x 97.56573pt.
<figures/partial-ot-shape-active-mass/mass-82.pdf, id=5926, 145.42531pt x 73.14
569pt>
File: figures/partial-ot-shape-active-mass/mass-82.pdf Graphic file (type pdf)
<use figures/partial-ot-shape-active-mass/mass-82.pdf>
Package pdftex.def Info: figures/partial-ot-shape-active-mass/mass-82.pdf  used
 on input line 1015.
(pdftex.def)             Requested size: 107.89531pt x 54.26982pt.
<figures/partial-ot-shape-active-mass/mass-58.pdf, id=5927, 145.42531pt x 73.14
569pt>
File: figures/partial-ot-shape-active-mass/mass-58.pdf Graphic file (type pdf)
<use figures/partial-ot-shape-active-mass/mass-58.pdf>
Package pdftex.def Info: figures/partial-ot-shape-active-mass/mass-58.pdf  used
 on input line 1016.
(pdftex.def)             Requested size: 107.89531pt x 54.26982pt.
<figures/partial-ot-shape-active-mass/mass-36.pdf, id=5928, 145.42531pt x 73.14
569pt>
File: figures/partial-ot-shape-active-mass/mass-36.pdf Graphic file (type pdf)
<use figures/partial-ot-shape-active-mass/mass-36.pdf>
Package pdftex.def Info: figures/partial-ot-shape-active-mass/mass-36.pdf  used
 on input line 1017.
(pdftex.def)             Requested size: 107.89531pt x 54.26982pt.
<figures/partial-ot-shape-active-mass/mass-18.pdf, id=5929, 145.42531pt x 73.14
569pt>
File: figures/partial-ot-shape-active-mass/mass-18.pdf Graphic file (type pdf)
<use figures/partial-ot-shape-active-mass/mass-18.pdf>
Package pdftex.def Info: figures/partial-ot-shape-active-mass/mass-18.pdf  used
 on input line 1018.
(pdftex.def)             Requested size: 107.89531pt x 54.26982pt.
 [221 <./figures/partial-ot-active-mass/mass-090.pdf> <./figures/partial-ot-act
ive-mass/mass-065.pdf> <./figures/partial-ot-active-mass/mass-042.pdf> <./figur
es/partial-ot-active-mass/mass-022.pdf> <./figures/partial-ot-shape-active-mass
/mass-82.pdf> <./figures/partial-ot-shape-active-mass/mass-58.pdf> <./figures/p
artial-ot-shape-active-mass/mass-36.pdf> <./figures/partial-ot-shape-active-mas
s/mass-18.pdf>]
Package mdframed Info: mdframed works in twoside mode on input line 1048.
Package mdframed Info: mdframed detected package amsthm 
 changed the theorem header of amsthm
(mdframed)              on input line 1048.
 [222]
Package mdframed Info: mdframed works in twoside mode on input line 1155.
Package mdframed Info: mdframed detected package amsthm 
 changed the theorem header of amsthm
(mdframed)              on input line 1155.
 [223]
<figures/sliced-wasserstein-projections/density-alpha.pdf, id=6005, 121.73158pt
 x 121.73158pt>
File: figures/sliced-wasserstein-projections/density-alpha.pdf Graphic file (ty
pe pdf)
<use figures/sliced-wasserstein-projections/density-alpha.pdf>
Package pdftex.def Info: figures/sliced-wasserstein-projections/density-alpha.p
df  used on input line 1234.
(pdftex.def)             Requested size: 103.39539pt x 103.39801pt.
<figures/sliced-wasserstein-projections/hist-alpha.pdf, id=6006, 93.37285pt x 1
21.73158pt>
File: figures/sliced-wasserstein-projections/hist-alpha.pdf Graphic file (type 
pdf)
<use figures/sliced-wasserstein-projections/hist-alpha.pdf>
Package pdftex.def Info: figures/sliced-wasserstein-projections/hist-alpha.pdf 
 used on input line 1235.
(pdftex.def)             Requested size: 76.42328pt x 99.63849pt.
<figures/sliced-wasserstein-projections/hist-beta.pdf, id=6007, 93.37285pt x 12
1.73158pt>
File: figures/sliced-wasserstein-projections/hist-beta.pdf Graphic file (type p
df)
<use figures/sliced-wasserstein-projections/hist-beta.pdf>
Package pdftex.def Info: figures/sliced-wasserstein-projections/hist-beta.pdf  
used on input line 1236.
(pdftex.def)             Requested size: 76.42328pt x 99.63849pt.
<figures/sliced-wasserstein-projections/density-beta.pdf, id=6008, 121.73158pt 
x 121.73158pt>
File: figures/sliced-wasserstein-projections/density-beta.pdf Graphic file (typ
e pdf)
<use figures/sliced-wasserstein-projections/density-beta.pdf>
Package pdftex.def Info: figures/sliced-wasserstein-projections/density-beta.pd
f  used on input line 1237.
(pdftex.def)             Requested size: 103.39539pt x 103.39801pt.

[224 <./figures/sliced-wasserstein-projections/density-alpha.pdf> <./figures/sl
iced-wasserstein-projections/hist-alpha.pdf> <./figures/sliced-wasserstein-proj
ections/hist-beta.pdf> <./figures/sliced-wasserstein-projections/density-beta.p
df>] [225] [226]
Package mdframed Info: mdframed works in twoside mode on input line 1522.
Package mdframed Info: mdframed detected package amsthm 
 changed the theorem header of amsthm
(mdframed)              on input line 1522.

Underfull \vbox (badness 2261) has occurred while \output is active []

 [227]
[228]
Package mdframed Info: mdframed works in twoside mode on input line 1805.
Package mdframed Info: mdframed detected package amsthm 
 changed the theorem header of amsthm
(mdframed)              on input line 1805.


Package mdframed Warning: You got a bad break
(mdframed)                because the last box will be empty
(mdframed)                you have to change it manually
(mdframed)                by changing the text, the space
(mdframed)                or something else on input line 1825.

Package mdframed Info: You first box width is to small
 mdframed fixed it
(mdframed)              on input line 1825.
[229]

Package mdframed Warning: You got a bad break
(mdframed)                because the last split box is empty
(mdframed)                You have to change the settings on input line 1825.

[230]
<figures/min-sliced-transport-plan/direction.pdf, id=6130, 136.77097pt x 92.805
86pt>
File: figures/min-sliced-transport-plan/direction.pdf Graphic file (type pdf)
<use figures/min-sliced-transport-plan/direction.pdf>
Package pdftex.def Info: figures/min-sliced-transport-plan/direction.pdf  used 
on input line 1959.
(pdftex.def)             Requested size: 134.86743pt x 91.51695pt.
<figures/min-sliced-transport-plan/lifted-plan.pdf, id=6131, 136.77097pt x 92.8
0586pt>
File: figures/min-sliced-transport-plan/lifted-plan.pdf Graphic file (type pdf)

<use figures/min-sliced-transport-plan/lifted-plan.pdf>
Package pdftex.def Info: figures/min-sliced-transport-plan/lifted-plan.pdf  use
d on input line 1961.
(pdftex.def)             Requested size: 134.86743pt x 91.51695pt.
<figures/min-sliced-transport-plan/w2-plan.pdf, id=6132, 136.77097pt x 92.80586
pt>
File: figures/min-sliced-transport-plan/w2-plan.pdf Graphic file (type pdf)
<use figures/min-sliced-transport-plan/w2-plan.pdf>
Package pdftex.def Info: figures/min-sliced-transport-plan/w2-plan.pdf  used on
 input line 1963.
(pdftex.def)             Requested size: 134.86743pt x 91.51695pt.
 [231]
Package mdframed Info: mdframed works in twoside mode on input line 1983.
Package mdframed Info: mdframed detected package amsthm 
 changed the theorem header of amsthm
(mdframed)              on input line 1983.
Package mdframed Info: mdframed works in twoside mode on input line 2023.
Package mdframed Info: mdframed detected package amsthm 
 changed the theorem header of amsthm
(mdframed)              on input line 2023.
 [232 <./figures/min-sliced-transport-plan/direction.pdf> <./figures/min-sliced
-transport-plan/lifted-plan.pdf> <./figures/min-sliced-transport-plan/w2-plan.p
df>] [233]
Package mdframed Info: mdframed works in twoside mode on input line 2118.
Package mdframed Info: mdframed detected package amsthm 
 changed the theorem header of amsthm
(mdframed)              on input line 2118.
<figures/wasserstein-procrustes-rigid-motion/iter-01.pdf, id=6185, 98.50401pt x
 67.00623pt>
File: figures/wasserstein-procrustes-rigid-motion/iter-01.pdf Graphic file (typ
e pdf)
<use figures/wasserstein-procrustes-rigid-motion/iter-01.pdf>
Package pdftex.def Info: figures/wasserstein-procrustes-rigid-motion/iter-01.pd
f  used on input line 2149.
(pdftex.def)             Requested size: 85.41626pt x 58.10475pt.
<figures/wasserstein-procrustes-rigid-motion/iter-02.pdf, id=6186, 98.50401pt x
 72.0784pt>
File: figures/wasserstein-procrustes-rigid-motion/iter-02.pdf Graphic file (typ
e pdf)
<use figures/wasserstein-procrustes-rigid-motion/iter-02.pdf>
Package pdftex.def Info: figures/wasserstein-procrustes-rigid-motion/iter-02.pd
f  used on input line 2150.
(pdftex.def)             Requested size: 85.41626pt x 62.50311pt.
<figures/wasserstein-procrustes-rigid-motion/iter-03.pdf, id=6187, 98.50401pt x
 76.31679pt>
File: figures/wasserstein-procrustes-rigid-motion/iter-03.pdf Graphic file (typ
e pdf)
<use figures/wasserstein-procrustes-rigid-motion/iter-03.pdf>
Package pdftex.def Info: figures/wasserstein-procrustes-rigid-motion/iter-03.pd
f  used on input line 2151.
(pdftex.def)             Requested size: 85.41626pt x 66.17845pt.
<figures/wasserstein-procrustes-rigid-motion/iter-05.pdf, id=6188, 98.50401pt x
 82.19568pt>
File: figures/wasserstein-procrustes-rigid-motion/iter-05.pdf Graphic file (typ
e pdf)
<use figures/wasserstein-procrustes-rigid-motion/iter-05.pdf>
Package pdftex.def Info: figures/wasserstein-procrustes-rigid-motion/iter-05.pd
f  used on input line 2152.
(pdftex.def)             Requested size: 85.41626pt x 71.27637pt.
<figures/wasserstein-procrustes-rigid-motion/iter-10.pdf, id=6189, 98.50401pt x
 86.10013pt>
File: figures/wasserstein-procrustes-rigid-motion/iter-10.pdf Graphic file (typ
e pdf)
<use figures/wasserstein-procrustes-rigid-motion/iter-10.pdf>
Package pdftex.def Info: figures/wasserstein-procrustes-rigid-motion/iter-10.pd
f  used on input line 2153.
(pdftex.def)             Requested size: 85.41626pt x 74.66212pt.
 [234 <./figures/wasserstein-procrustes-rigid-motion/iter-01.pdf> <./figures/wa
sserstein-procrustes-rigid-motion/iter-02.pdf> <./figures/wasserstein-procruste
s-rigid-motion/iter-03.pdf> <./figures/wasserstein-procrustes-rigid-motion/iter
-05.pdf> <./figures/wasserstein-procrustes-rigid-motion/iter-10.pdf>]
Package mdframed Info: mdframed works in twoside mode on input line 2199.
Package mdframed Info: mdframed detected package amsthm 
 changed the theorem header of amsthm
(mdframed)              on input line 2199.
<figures/dualnorms-linear-ot-embedding/displacements-1d.pdf, id=6224, 174.74283
pt x 113.02065pt>
File: figures/dualnorms-linear-ot-embedding/displacements-1d.pdf Graphic file (
type pdf)
<use figures/dualnorms-linear-ot-embedding/displacements-1d.pdf>
Package pdftex.def Info: figures/dualnorms-linear-ot-embedding/displacements-1d
.pdf  used on input line 2231.
(pdftex.def)             Requested size: 202.29771pt x 130.84706pt.
<figures/dualnorms-linear-ot-embedding/barycenter-1d.pdf, id=6225, 174.74283pt 
x 113.02065pt>
File: figures/dualnorms-linear-ot-embedding/barycenter-1d.pdf Graphic file (typ
e pdf)
<use figures/dualnorms-linear-ot-embedding/barycenter-1d.pdf>
Package pdftex.def Info: figures/dualnorms-linear-ot-embedding/barycenter-1d.pd
f  used on input line 2232.
(pdftex.def)             Requested size: 202.29771pt x 130.84706pt.
<figures/dualnorms-linear-ot-embedding/targets-2d.pdf, id=6226, 157.40405pt x 1
01.20065pt>
File: figures/dualnorms-linear-ot-embedding/targets-2d.pdf Graphic file (type p
df)
<use figures/dualnorms-linear-ot-embedding/targets-2d.pdf>
Package pdftex.def Info: figures/dualnorms-linear-ot-embedding/targets-2d.pdf  
used on input line 2238.
(pdftex.def)             Requested size: 134.86743pt x 86.71738pt.
<figures/dualnorms-linear-ot-embedding/barycenter-2d.pdf, id=6227, 157.40405pt 
x 101.20065pt>
File: figures/dualnorms-linear-ot-embedding/barycenter-2d.pdf Graphic file (typ
e pdf)
<use figures/dualnorms-linear-ot-embedding/barycenter-2d.pdf>
Package pdftex.def Info: figures/dualnorms-linear-ot-embedding/barycenter-2d.pd
f  used on input line 2240.
(pdftex.def)             Requested size: 134.86743pt x 86.71738pt.
<figures/dualnorms-linear-ot-embedding/barycenter-2d-ot.pdf, id=6228, 157.40405
pt x 101.20065pt>
File: figures/dualnorms-linear-ot-embedding/barycenter-2d-ot.pdf Graphic file (
type pdf)
<use figures/dualnorms-linear-ot-embedding/barycenter-2d-ot.pdf>
Package pdftex.def Info: figures/dualnorms-linear-ot-embedding/barycenter-2d-ot
.pdf  used on input line 2241.
(pdftex.def)             Requested size: 134.86743pt x 86.71738pt.
 [235] [236 <./figures/dualnorms-linear-ot-embedding/displacements-1d.pdf> <./f
igures/dualnorms-linear-ot-embedding/barycenter-1d.pdf> <./figures/dualnorms-li
near-ot-embedding/targets-2d.pdf> <./figures/dualnorms-linear-ot-embedding/bary
center-2d.pdf> <./figures/dualnorms-linear-ot-embedding/barycenter-2d-ot.pdf>]
<figures/linear-ot-1d-pca/mode-1.pdf, id=6289, 185.94469pt x 105.22993pt>
File: figures/linear-ot-1d-pca/mode-1.pdf Graphic file (type pdf)
<use figures/linear-ot-1d-pca/mode-1.pdf>
Package pdftex.def Info: figures/linear-ot-1d-pca/mode-1.pdf  used on input lin
e 2329.
(pdftex.def)             Requested size: 139.3605pt x 78.86925pt.
<figures/linear-ot-1d-pca/mode-2.pdf, id=6290, 185.94469pt x 105.22993pt>
File: figures/linear-ot-1d-pca/mode-2.pdf Graphic file (type pdf)
<use figures/linear-ot-1d-pca/mode-2.pdf>
Package pdftex.def Info: figures/linear-ot-1d-pca/mode-2.pdf  used on input lin
e 2330.
(pdftex.def)             Requested size: 139.3605pt x 78.86925pt.
<figures/linear-ot-1d-pca/mode-3.pdf, id=6291, 185.94469pt x 105.22993pt>
File: figures/linear-ot-1d-pca/mode-3.pdf Graphic file (type pdf)
<use figures/linear-ot-1d-pca/mode-3.pdf>
Package pdftex.def Info: figures/linear-ot-1d-pca/mode-3.pdf  used on input lin
e 2331.
(pdftex.def)             Requested size: 139.3605pt x 78.86925pt.
<figures/linear-ot-mnist-pca/barycenter.pdf, id=6293, 59.8757pt x 59.8757pt>
File: figures/linear-ot-mnist-pca/barycenter.pdf Graphic file (type pdf)
<use figures/linear-ot-mnist-pca/barycenter.pdf>
Package pdftex.def Info: figures/linear-ot-mnist-pca/barycenter.pdf  used on in
put line 2351.
(pdftex.def)             Requested size: 71.9302pt x 71.92995pt.
<figures/linear-ot-mnist-pca/mode-1.pdf, id=6294, 189.13058pt x 63.18394pt>
File: figures/linear-ot-mnist-pca/mode-1.pdf Graphic file (type pdf)
<use figures/linear-ot-mnist-pca/mode-1.pdf>
Package pdftex.def Info: figures/linear-ot-mnist-pca/mode-1.pdf  used on input 
line 2357.
(pdftex.def)             Requested size: 175.3256pt x 58.57341pt.
<figures/linear-ot-mnist-pca/mode-2.pdf, id=6295, 189.13058pt x 63.18394pt>
File: figures/linear-ot-mnist-pca/mode-2.pdf Graphic file (type pdf)
<use figures/linear-ot-mnist-pca/mode-2.pdf>
Package pdftex.def Info: figures/linear-ot-mnist-pca/mode-2.pdf  used on input 
line 2358.
(pdftex.def)             Requested size: 175.3256pt x 58.57341pt.
<figures/linear-ot-mnist-pca/mode-3.pdf, id=6296, 189.13058pt x 63.18394pt>
File: figures/linear-ot-mnist-pca/mode-3.pdf Graphic file (type pdf)
<use figures/linear-ot-mnist-pca/mode-3.pdf>
Package pdftex.def Info: figures/linear-ot-mnist-pca/mode-3.pdf  used on input 
line 2362.
(pdftex.def)             Requested size: 175.3256pt x 58.57341pt.
<figures/linear-ot-mnist-pca/mode-4.pdf, id=6297, 189.13058pt x 63.18394pt>
File: figures/linear-ot-mnist-pca/mode-4.pdf Graphic file (type pdf)
<use figures/linear-ot-mnist-pca/mode-4.pdf>
Package pdftex.def Info: figures/linear-ot-mnist-pca/mode-4.pdf  used on input 
line 2363.
(pdftex.def)             Requested size: 175.3256pt x 58.57341pt.
 [237 <./figures/linear-ot-1d-pca/mode-1.pdf> <./figures/linear-ot-1d-pca/mode-
2.pdf> <./figures/linear-ot-1d-pca/mode-3.pdf>]
Package mdframed Info: mdframed works in twoside mode on input line 2393.
Package mdframed Info: mdframed detected package amsthm 
 changed the theorem header of amsthm
(mdframed)              on input line 2393.
Package mdframed Info: Not enough space on this page on input line 2403.
Package mdframed Info: mdframed works in twoside mode on input line 2407.
Package mdframed Info: mdframed detected package amsthm 
 changed the theorem header of amsthm
(mdframed)              on input line 2407.
Package mdframed Info: mdframed works in twoside mode on input line 2424.
Package mdframed Info: mdframed detected package amsthm 
 changed the theorem header of amsthm
(mdframed)              on input line 2424.
 [238 <./figures/linear-ot-mnist-pca/barycenter.pdf> <./figures/linear-ot-mnist
-pca/mode-1.pdf> <./figures/linear-ot-mnist-pca/mode-2.pdf> <./figures/linear-o
t-mnist-pca/mode-3.pdf> <./figures/linear-ot-mnist-pca/mode-4.pdf>]
Package mdframed Info: mdframed works in twoside mode on input line 2531.
Package mdframed Info: mdframed detected package amsthm 
 changed the theorem header of amsthm
(mdframed)              on input line 2531.

Overfull \hbox (64.46509pt too wide) in paragraph at lines 2534--2539
[][]\T1/zplTLF/b/n/10 (-20) Definition 11.48 \T1/zplTLF/m/n/10 (-20) (Pro-jec-t
ion- and sub-space-ro-bust Wasser-stein)\T1/zplTLF/b/n/10 (-20) . []\T1/zplTLF/
m/n/10 (-20) For $\OT1/zplTLF/m/n/10 (-20) 1 \U/npxsym/m/n/10 ¶ \OML/npxmi/m/it
/10 k \U/npxsym/m/n/10 ¶ \OML/npxmi/m/it/10 d$\T1/zplTLF/m/n/10 (-20) , let $\L
MS/npxsy/m/n/10 P[] \U/npxmia/m/it/10 = []$\T1/zplTLF/m/n/10 (-20) .
 []


Overfull \hbox (32.80489pt too wide) detected at line 2551
[][]\LMS/npxsy/m/n/10 ¹\OML/npxmi/m/it/10 ; ^^L\LMS/npxsy/m/n/10 º \U/npxsyc/m
/n/10 B [] [][]\LMS/npxsy/m/n/10 ¹¹\OML/npxmi/m/it/10 U[]\LMS/npxsy/m/n/10 º[]\
OML/npxmi/m/it/10 ; \LMS/npxsy/m/n/10 ¹\OML/npxmi/m/it/10 U[]\LMS/npxsy/m/n/10
 º[]\OML/npxmi/m/it/10 ^^L\LMS/npxsy/m/n/10 º \U/npxmia/m/it/10 = [] [][]\LMS/n
pxsy/m/n/10 ¹\OML/npxmi/m/it/10 ; ^^L\LMS/npxsy/m/n/10 º\OML/npxmi/m/it/10 ;  
[][]\LMS/npxsy/m/n/10 ¹\OML/npxmi/m/it/10 ; ^^L\LMS/npxsy/m/n/10 º[] \U/npxsyc
/m/n/10 B [] [] []\LMS/npxsy/m/n/10 ¹\OML/npxmi/m/it/10 PM[]\LMS/npxsy/m/n/10 º
\OML/npxmi/m/it/10 :
 []

[239]
<figures/spectral-wasserstein-gauge/trace-coupling.pdf, id=6363, 141.55887pt x 
65.43192pt>
File: figures/spectral-wasserstein-gauge/trace-coupling.pdf Graphic file (type 
pdf)
<use figures/spectral-wasserstein-gauge/trace-coupling.pdf>
Package pdftex.def Info: figures/spectral-wasserstein-gauge/trace-coupling.pdf 
 used on input line 2603.
(pdftex.def)             Requested size: 152.84656pt x 70.65442pt.
<figures/spectral-wasserstein-gauge/lambda-max-coupling.pdf, id=6364, 141.55887
pt x 65.43192pt>
File: figures/spectral-wasserstein-gauge/lambda-max-coupling.pdf Graphic file (
type pdf)
<use figures/spectral-wasserstein-gauge/lambda-max-coupling.pdf>
Package pdftex.def Info: figures/spectral-wasserstein-gauge/lambda-max-coupling
.pdf  used on input line 2604.
(pdftex.def)             Requested size: 152.84656pt x 70.65442pt.
<figures/spectral-wasserstein-gauge/trace-density-t000.pdf, id=6365, 84.3391pt 
x 84.3391pt>
File: figures/spectral-wasserstein-gauge/trace-density-t000.pdf Graphic file (t
ype pdf)
<use figures/spectral-wasserstein-gauge/trace-density-t000.pdf>
Package pdftex.def Info: figures/spectral-wasserstein-gauge/trace-density-t000.
pdf  used on input line 2611.
(pdftex.def)             Requested size: 76.42328pt x 76.42566pt.
<figures/spectral-wasserstein-gauge/trace-density-t025.pdf, id=6366, 84.3391pt 
x 84.3391pt>
File: figures/spectral-wasserstein-gauge/trace-density-t025.pdf Graphic file (t
ype pdf)
<use figures/spectral-wasserstein-gauge/trace-density-t025.pdf>
Package pdftex.def Info: figures/spectral-wasserstein-gauge/trace-density-t025.
pdf  used on input line 2612.
(pdftex.def)             Requested size: 76.42328pt x 76.42566pt.
<figures/spectral-wasserstein-gauge/trace-density-t050.pdf, id=6367, 84.3391pt 
x 84.3391pt>
File: figures/spectral-wasserstein-gauge/trace-density-t050.pdf Graphic file (t
ype pdf)
<use figures/spectral-wasserstein-gauge/trace-density-t050.pdf>
Package pdftex.def Info: figures/spectral-wasserstein-gauge/trace-density-t050.
pdf  used on input line 2613.
(pdftex.def)             Requested size: 76.42328pt x 76.42566pt.
<figures/spectral-wasserstein-gauge/trace-density-t075.pdf, id=6368, 84.3391pt 
x 84.3391pt>
File: figures/spectral-wasserstein-gauge/trace-density-t075.pdf Graphic file (t
ype pdf)
<use figures/spectral-wasserstein-gauge/trace-density-t075.pdf>
Package pdftex.def Info: figures/spectral-wasserstein-gauge/trace-density-t075.
pdf  used on input line 2614.
(pdftex.def)             Requested size: 76.42328pt x 76.42566pt.
<figures/spectral-wasserstein-gauge/trace-density-t100.pdf, id=6369, 84.3391pt 
x 84.3391pt>
File: figures/spectral-wasserstein-gauge/trace-density-t100.pdf Graphic file (t
ype pdf)
<use figures/spectral-wasserstein-gauge/trace-density-t100.pdf>
Package pdftex.def Info: figures/spectral-wasserstein-gauge/trace-density-t100.
pdf  used on input line 2615.
(pdftex.def)             Requested size: 76.42328pt x 76.42566pt.
<figures/spectral-wasserstein-gauge/lambda-max-density-t000.pdf, id=6370, 84.33
91pt x 84.3391pt>
File: figures/spectral-wasserstein-gauge/lambda-max-density-t000.pdf Graphic fi
le (type pdf)
<use figures/spectral-wasserstein-gauge/lambda-max-density-t000.pdf>
Package pdftex.def Info: figures/spectral-wasserstein-gauge/lambda-max-density-
t000.pdf  used on input line 2618.
(pdftex.def)             Requested size: 76.42328pt x 76.42566pt.
<figures/spectral-wasserstein-gauge/lambda-max-density-t025.pdf, id=6371, 84.33
91pt x 84.3391pt>
File: figures/spectral-wasserstein-gauge/lambda-max-density-t025.pdf Graphic fi
le (type pdf)
<use figures/spectral-wasserstein-gauge/lambda-max-density-t025.pdf>
Package pdftex.def Info: figures/spectral-wasserstein-gauge/lambda-max-density-
t025.pdf  used on input line 2619.
(pdftex.def)             Requested size: 76.42328pt x 76.42566pt.
<figures/spectral-wasserstein-gauge/lambda-max-density-t050.pdf, id=6372, 84.33
91pt x 84.3391pt>
File: figures/spectral-wasserstein-gauge/lambda-max-density-t050.pdf Graphic fi
le (type pdf)
<use figures/spectral-wasserstein-gauge/lambda-max-density-t050.pdf>
Package pdftex.def Info: figures/spectral-wasserstein-gauge/lambda-max-density-
t050.pdf  used on input line 2620.
(pdftex.def)             Requested size: 76.42328pt x 76.42566pt.
<figures/spectral-wasserstein-gauge/lambda-max-density-t075.pdf, id=6373, 84.33
91pt x 84.3391pt>
File: figures/spectral-wasserstein-gauge/lambda-max-density-t075.pdf Graphic fi
le (type pdf)
<use figures/spectral-wasserstein-gauge/lambda-max-density-t075.pdf>
Package pdftex.def Info: figures/spectral-wasserstein-gauge/lambda-max-density-
t075.pdf  used on input line 2621.
(pdftex.def)             Requested size: 76.42328pt x 76.42566pt.
<figures/spectral-wasserstein-gauge/lambda-max-density-t100.pdf, id=6374, 84.33
91pt x 84.3391pt>
File: figures/spectral-wasserstein-gauge/lambda-max-density-t100.pdf Graphic fi
le (type pdf)
<use figures/spectral-wasserstein-gauge/lambda-max-density-t100.pdf>
Package pdftex.def Info: figures/spectral-wasserstein-gauge/lambda-max-density-
t100.pdf  used on input line 2622.
(pdftex.def)             Requested size: 76.42328pt x 76.42566pt.
 [240 <./figures/spectral-wasserstein-gauge/trace-coupling.pdf> <./figures/spec
tral-wasserstein-gauge/lambda-max-coupling.pdf> <./figures/spectral-wasserstein
-gauge/trace-density-t000.pdf> <./figures/spectral-wasserstein-gauge/trace-dens
ity-t025.pdf> <./figures/spectral-wasserstein-gauge/trace-density-t050.pdf> <./
figures/spectral-wasserstein-gauge/trace-density-t075.pdf> <./figures/spectral-
wasserstein-gauge/trace-density-t100.pdf> <./figures/spectral-wasserstein-gauge
/lambda-max-density-t000.pdf> <./figures/spectral-wasserstein-gauge/lambda-max-
density-t025.pdf> <./figures/spectral-wasserstein-gauge/lambda-max-density-t050
.pdf> <./figures/spectral-wasserstein-gauge/lambda-max-density-t075.pdf> <./fig
ures/spectral-wasserstein-gauge/lambda-max-density-t100.pdf>]
Package mdframed Info: mdframed works in twoside mode on input line 2649.
Package mdframed Info: mdframed detected package amsthm 
 changed the theorem header of amsthm
(mdframed)              on input line 2649.
Package mdframed Info: mdframed works in twoside mode on input line 2685.
Package mdframed Info: mdframed detected package amsthm 
 changed the theorem header of amsthm
(mdframed)              on input line 2685.
 [241])
(./sections/generalized-ot-problems.tex [242]
Chapter 12.
Package mdframed Info: mdframed works in twoside mode on input line 23.
Package mdframed Info: mdframed detected package amsthm 
 changed the theorem header of amsthm
(mdframed)              on input line 23.
[243

]
Package mdframed Info: mdframed works in twoside mode on input line 52.
Package mdframed Info: mdframed detected package amsthm 
 changed the theorem header of amsthm
(mdframed)              on input line 52.
Package mdframed Info: Not enough space on this page on input line 60.
 [244]
<figures/barycenters-four-shapes/quantile-grid.pdf, id=6507, 176.8447pt x 176.8
447pt>
File: figures/barycenters-four-shapes/quantile-grid.pdf Graphic file (type pdf)

<use figures/barycenters-four-shapes/quantile-grid.pdf>
Package pdftex.def Info: figures/barycenters-four-shapes/quantile-grid.pdf  use
d on input line 171.
(pdftex.def)             Requested size: 188.81166pt x 188.81178pt.
<figures/barycenters-four-shapes/shape-grid.pdf, id=6508, 176.8447pt x 176.8447
pt>
File: figures/barycenters-four-shapes/shape-grid.pdf Graphic file (type pdf)
<use figures/barycenters-four-shapes/shape-grid.pdf>
Package pdftex.def Info: figures/barycenters-four-shapes/shape-grid.pdf  used o
n input line 172.
(pdftex.def)             Requested size: 188.81166pt x 188.81178pt.
 [245] [246 <./figures/barycenters-four-shapes/quantile-grid.pdf> <./figures/ba
rycenters-four-shapes/shape-grid.pdf>] [247] [248]
<figures/barycenters-gaussian-covariances/moderate-grid.pdf, id=6575, 165.7151p
t x 165.7151pt>
File: figures/barycenters-gaussian-covariances/moderate-grid.pdf Graphic file (
type pdf)
<use figures/barycenters-gaussian-covariances/moderate-grid.pdf>
Package pdftex.def Info: figures/barycenters-gaussian-covariances/moderate-grid
.pdf  used on input line 515.
(pdftex.def)             Requested size: 157.34648pt x 157.3551pt.
<figures/barycenters-gaussian-covariances/anisotropic-grid.pdf, id=6576, 165.71
51pt x 165.7151pt>
File: figures/barycenters-gaussian-covariances/anisotropic-grid.pdf Graphic fil
e (type pdf)
<use figures/barycenters-gaussian-covariances/anisotropic-grid.pdf>
Package pdftex.def Info: figures/barycenters-gaussian-covariances/anisotropic-g
rid.pdf  used on input line 516.
(pdftex.def)             Requested size: 157.34648pt x 157.3551pt.
 [249]
Package mdframed Info: mdframed works in twoside mode on input line 597.
Package mdframed Info: mdframed detected package amsthm 
 changed the theorem header of amsthm
(mdframed)              on input line 597.
Package mdframed Info: mdframed works in twoside mode on input line 602.
Package mdframed Info: mdframed detected package amsthm 
 changed the theorem header of amsthm
(mdframed)              on input line 602.
Package mdframed Info: mdframed works in twoside mode on input line 609.
Package mdframed Info: mdframed detected package amsthm 
 changed the theorem header of amsthm
(mdframed)              on input line 609.
 [250 <./figures/barycenters-gaussian-covariances/moderate-grid.pdf> <./figures
/barycenters-gaussian-covariances/anisotropic-grid.pdf>] [251]
Package mdframed Info: mdframed works in twoside mode on input line 714.
Package mdframed Info: mdframed detected package amsthm 
 changed the theorem header of amsthm
(mdframed)              on input line 714.
 [252] [253] [254] [255]
<figures/sliced-radon-barycenter/grid.pdf, id=6726, 599.85843pt x 274.81013pt>
File: figures/sliced-radon-barycenter/grid.pdf Graphic file (type pdf)
<use figures/sliced-radon-barycenter/grid.pdf>
Package pdftex.def Info: figures/sliced-radon-barycenter/grid.pdf  used on inpu
t line 1014.
(pdftex.def)             Requested size: 440.56056pt x 201.83415pt.

Underfull \vbox (badness 10000) has occurred while \output is active []

 [256]
Package mdframed Info: mdframed works in twoside mode on input line 1029.
Package mdframed Info: mdframed detected package amsthm 
 changed the theorem header of amsthm
(mdframed)              on input line 1029.
Package mdframed Info: mdframed works in twoside mode on input line 1054.
Package mdframed Info: mdframed detected package amsthm 
 changed the theorem header of amsthm
(mdframed)              on input line 1054.
Package mdframed Info: Box was splittet wrong
 starting loop to iterate the splitting point
(mdframed)              on input line 1067.

[257 <./figures/sliced-radon-barycenter/grid.pdf>] [258]
<figures/multimarginal-coulomb-sinkhorn/epsilon-small.pdf, id=6828, 165.62477pt
 x 165.62477pt>
File: figures/multimarginal-coulomb-sinkhorn/epsilon-small.pdf Graphic file (ty
pe pdf)
<use figures/multimarginal-coulomb-sinkhorn/epsilon-small.pdf>
Package pdftex.def Info: figures/multimarginal-coulomb-sinkhorn/epsilon-small.p
df  used on input line 1200.
(pdftex.def)             Requested size: 134.86743pt x 134.8781pt.
<figures/multimarginal-coulomb-sinkhorn/epsilon-medium.pdf, id=6829, 165.62477p
t x 165.62477pt>
File: figures/multimarginal-coulomb-sinkhorn/epsilon-medium.pdf Graphic file (t
ype pdf)
<use figures/multimarginal-coulomb-sinkhorn/epsilon-medium.pdf>
Package pdftex.def Info: figures/multimarginal-coulomb-sinkhorn/epsilon-medium.
pdf  used on input line 1201.
(pdftex.def)             Requested size: 134.86743pt x 134.8781pt.
<figures/multimarginal-coulomb-sinkhorn/epsilon-large.pdf, id=6830, 165.62477pt
 x 165.62477pt>
File: figures/multimarginal-coulomb-sinkhorn/epsilon-large.pdf Graphic file (ty
pe pdf)
<use figures/multimarginal-coulomb-sinkhorn/epsilon-large.pdf>
Package pdftex.def Info: figures/multimarginal-coulomb-sinkhorn/epsilon-large.p
df  used on input line 1202.
(pdftex.def)             Requested size: 134.86743pt x 134.8781pt.
 [259] [260 <./figures/multimarginal-coulomb-sinkhorn/epsilon-small.pdf> <./fig
ures/multimarginal-coulomb-sinkhorn/epsilon-medium.pdf> <./figures/multimargina
l-coulomb-sinkhorn/epsilon-large.pdf>]
Package mdframed Info: mdframed works in twoside mode on input line 1322.
Package mdframed Info: mdframed detected package amsthm 
 changed the theorem header of amsthm
(mdframed)              on input line 1322.
 [261] [262]
Package mdframed Info: mdframed works in twoside mode on input line 1445.
Package mdframed Info: mdframed detected package amsthm 
 changed the theorem header of amsthm
(mdframed)              on input line 1445.
Package mdframed Info: mdframed works in twoside mode on input line 1449.
Package mdframed Info: mdframed detected package amsthm 
 changed the theorem header of amsthm
(mdframed)              on input line 1449.
 [263]
Package mdframed Info: mdframed works in twoside mode on input line 1476.
Package mdframed Info: mdframed detected package amsthm 
 changed the theorem header of amsthm
(mdframed)              on input line 1476.
Package mdframed Info: mdframed works in twoside mode on input line 1548.
Package mdframed Info: mdframed detected package amsthm 
 changed the theorem header of amsthm
(mdframed)              on input line 1548.
Package mdframed Info: mdframed works in twoside mode on input line 1564.
Package mdframed Info: mdframed detected package amsthm 
 changed the theorem header of amsthm
(mdframed)              on input line 1564.
 [264]
<figures/low-rank-ot-factorization/factor-view-r4.pdf, id=6937, 246.87431pt x 1
07.39322pt>
File: figures/low-rank-ot-factorization/factor-view-r4.pdf Graphic file (type p
df)
<use figures/low-rank-ot-factorization/factor-view-r4.pdf>
Package pdftex.def Info: figures/low-rank-ot-factorization/factor-view-r4.pdf  
used on input line 1580.
(pdftex.def)             Requested size: 179.81866pt x 78.2276pt.
<figures/low-rank-ot-factorization/full.pdf, id=6938, 114.62022pt x 107.39322pt
>
File: figures/low-rank-ot-factorization/full.pdf Graphic file (type pdf)
<use figures/low-rank-ot-factorization/full.pdf>
Package pdftex.def Info: figures/low-rank-ot-factorization/full.pdf  used on in
put line 1581.
(pdftex.def)             Requested size: 89.90933pt x 84.24158pt.
<figures/low-rank-ot-factorization/rank-2.pdf, id=6939, 114.62022pt x 107.39322
pt>
File: figures/low-rank-ot-factorization/rank-2.pdf Graphic file (type pdf)
<use figures/low-rank-ot-factorization/rank-2.pdf>
Package pdftex.def Info: figures/low-rank-ot-factorization/rank-2.pdf  used on 
input line 1582.
(pdftex.def)             Requested size: 89.90933pt x 84.24158pt.
<figures/low-rank-ot-factorization/rank-4.pdf, id=6940, 114.62022pt x 107.39322
pt>
File: figures/low-rank-ot-factorization/rank-4.pdf Graphic file (type pdf)
<use figures/low-rank-ot-factorization/rank-4.pdf>
Package pdftex.def Info: figures/low-rank-ot-factorization/rank-4.pdf  used on 
input line 1586.
(pdftex.def)             Requested size: 112.38838pt x 105.3036pt.
<figures/low-rank-ot-factorization/rank-8.pdf, id=6941, 114.62022pt x 107.39322
pt>
File: figures/low-rank-ot-factorization/rank-8.pdf Graphic file (type pdf)
<use figures/low-rank-ot-factorization/rank-8.pdf>
Package pdftex.def Info: figures/low-rank-ot-factorization/rank-8.pdf  used on 
input line 1587.
(pdftex.def)             Requested size: 112.38838pt x 105.3036pt.
<figures/low-rank-ot-factorization/rank-16.pdf, id=6942, 114.62022pt x 107.3932
2pt>
File: figures/low-rank-ot-factorization/rank-16.pdf Graphic file (type pdf)
<use figures/low-rank-ot-factorization/rank-16.pdf>
Package pdftex.def Info: figures/low-rank-ot-factorization/rank-16.pdf  used on
 input line 1588.
(pdftex.def)             Requested size: 112.38838pt x 105.3036pt.
 [265 <./figures/low-rank-ot-factorization/factor-view-r4.pdf> <./figures/low-r
ank-ot-factorization/full.pdf> <./figures/low-rank-ot-factorization/rank-2.pdf>
 <./figures/low-rank-ot-factorization/rank-4.pdf> <./figures/low-rank-ot-factor
ization/rank-8.pdf> <./figures/low-rank-ot-factorization/rank-16.pdf>]
Package mdframed Info: mdframed works in twoside mode on input line 1608.
Package mdframed Info: mdframed detected package amsthm 
 changed the theorem header of amsthm
(mdframed)              on input line 1608.
Package mdframed Info: mdframed works in twoside mode on input line 1703.
Package mdframed Info: mdframed detected package amsthm 
 changed the theorem header of amsthm
(mdframed)              on input line 1703.
 [266]
<figures/capacity-constrained-ot-1d/large.pdf, id=6988, 135.23523pt x 134.38606
pt>
File: figures/capacity-constrained-ot-1d/large.pdf Graphic file (type pdf)
<use figures/capacity-constrained-ot-1d/large.pdf>
Package pdftex.def Info: figures/capacity-constrained-ot-1d/large.pdf  used on 
input line 1738.
(pdftex.def)             Requested size: 130.36751pt x 129.54845pt.
<figures/capacity-constrained-ot-1d/medium.pdf, id=6989, 135.23523pt x 134.3860
6pt>
File: figures/capacity-constrained-ot-1d/medium.pdf Graphic file (type pdf)
<use figures/capacity-constrained-ot-1d/medium.pdf>
Package pdftex.def Info: figures/capacity-constrained-ot-1d/medium.pdf  used on
 input line 1739.
(pdftex.def)             Requested size: 130.36751pt x 129.54845pt.
<figures/capacity-constrained-ot-1d/small.pdf, id=6990, 135.23523pt x 134.38606
pt>
File: figures/capacity-constrained-ot-1d/small.pdf Graphic file (type pdf)
<use figures/capacity-constrained-ot-1d/small.pdf>
Package pdftex.def Info: figures/capacity-constrained-ot-1d/small.pdf  used on 
input line 1740.
(pdftex.def)             Requested size: 130.36751pt x 129.54845pt.
 [267 <./figures/capacity-constrained-ot-1d/large.pdf> <./figures/capacity-cons
trained-ot-1d/medium.pdf> <./figures/capacity-constrained-ot-1d/small.pdf>]
<figures/capacity-constrained-ot-2d/cap-1.pdf, id=7009, 151.08044pt x 151.08044
pt>
File: figures/capacity-constrained-ot-2d/cap-1.pdf Graphic file (type pdf)
<use figures/capacity-constrained-ot-2d/cap-1.pdf>
Package pdftex.def Info: figures/capacity-constrained-ot-2d/cap-1.pdf  used on 
input line 1757.
(pdftex.def)             Requested size: 134.86743pt x 134.86688pt.
<figures/capacity-constrained-ot-2d/cap-3.pdf, id=7010, 151.08044pt x 151.08044
pt>
File: figures/capacity-constrained-ot-2d/cap-3.pdf Graphic file (type pdf)
<use figures/capacity-constrained-ot-2d/cap-3.pdf>
Package pdftex.def Info: figures/capacity-constrained-ot-2d/cap-3.pdf  used on 
input line 1758.
(pdftex.def)             Requested size: 134.86743pt x 134.86688pt.
<figures/capacity-constrained-ot-2d/cap-5.pdf, id=7011, 151.08044pt x 151.08044
pt>
File: figures/capacity-constrained-ot-2d/cap-5.pdf Graphic file (type pdf)
<use figures/capacity-constrained-ot-2d/cap-5.pdf>
Package pdftex.def Info: figures/capacity-constrained-ot-2d/cap-5.pdf  used on 
input line 1759.
(pdftex.def)             Requested size: 134.86743pt x 134.86688pt.
 [268 <./figures/capacity-constrained-ot-2d/cap-1.pdf> <./figures/capacity-cons
trained-ot-2d/cap-3.pdf> <./figures/capacity-constrained-ot-2d/cap-5.pdf>]
LaTeX Font Info:    Font shape `T1/zplTLF/b/n' will be
(Font)              scaled to size 12.0pt on input line 1786.
 [269]
<figures/metric-learning-cost-deformation/euclidean.pdf, id=7047, 130.12213pt x
 98.23692pt>
File: figures/metric-learning-cost-deformation/euclidean.pdf Graphic file (type
 pdf)
<use figures/metric-learning-cost-deformation/euclidean.pdf>
Package pdftex.def Info: figures/metric-learning-cost-deformation/euclidean.pdf
  used on input line 1901.
(pdftex.def)             Requested size: 134.86743pt x 101.8282pt.
<figures/metric-learning-cost-deformation/moderate.pdf, id=7048, 130.12213pt x 
98.44804pt>
File: figures/metric-learning-cost-deformation/moderate.pdf Graphic file (type 
pdf)
<use figures/metric-learning-cost-deformation/moderate.pdf>
Package pdftex.def Info: figures/metric-learning-cost-deformation/moderate.pdf 
 used on input line 1902.
(pdftex.def)             Requested size: 134.86743pt x 102.04704pt.
<figures/metric-learning-cost-deformation/strong.pdf, id=7049, 130.12213pt x 10
6.87387pt>
File: figures/metric-learning-cost-deformation/strong.pdf Graphic file (type pd
f)
<use figures/metric-learning-cost-deformation/strong.pdf>
Package pdftex.def Info: figures/metric-learning-cost-deformation/strong.pdf  u
sed on input line 1903.
(pdftex.def)             Requested size: 134.86743pt x 110.7809pt.
Package mdframed Info: mdframed works in twoside mode on input line 1926.
Package mdframed Info: mdframed detected package amsthm 
 changed the theorem header of amsthm
(mdframed)              on input line 1926.
Package mdframed Info: Not enough space on this page on input line 1936.
 [270]
Package mdframed Info: Not enough space on this page on input line 1936.
<figures/inverse-ot-bilinear-logo-map/horizontal.pdf, id=7070, 291.04936pt x 80
.6373pt>
File: figures/inverse-ot-bilinear-logo-map/horizontal.pdf Graphic file (type pd
f)
<use figures/inverse-ot-bilinear-logo-map/horizontal.pdf>
Package pdftex.def Info: figures/inverse-ot-bilinear-logo-map/horizontal.pdf  u
sed on input line 1972.
(pdftex.def)             Requested size: 215.78378pt x 59.78384pt.
<figures/inverse-ot-bilinear-logo-map/vertical.pdf, id=7071, 291.04936pt x 80.6
373pt>
File: figures/inverse-ot-bilinear-logo-map/vertical.pdf Graphic file (type pdf)

<use figures/inverse-ot-bilinear-logo-map/vertical.pdf>
Package pdftex.def Info: figures/inverse-ot-bilinear-logo-map/vertical.pdf  use
d on input line 1973.
(pdftex.def)             Requested size: 215.78378pt x 59.78384pt.
<figures/inverse-ot-bilinear-logo-map/w2.pdf, id=7072, 291.04936pt x 80.6373pt>

File: figures/inverse-ot-bilinear-logo-map/w2.pdf Graphic file (type pdf)
<use figures/inverse-ot-bilinear-logo-map/w2.pdf>
Package pdftex.def Info: figures/inverse-ot-bilinear-logo-map/w2.pdf  used on i
nput line 1978.
(pdftex.def)             Requested size: 215.78378pt x 59.78384pt.
<figures/inverse-ot-bilinear-logo-map/anti.pdf, id=7073, 291.04936pt x 80.6373p
t>
File: figures/inverse-ot-bilinear-logo-map/anti.pdf Graphic file (type pdf)
<use figures/inverse-ot-bilinear-logo-map/anti.pdf>
Package pdftex.def Info: figures/inverse-ot-bilinear-logo-map/anti.pdf  used on
 input line 1979.
(pdftex.def)             Requested size: 215.78378pt x 59.78384pt.
 [271 <./figures/metric-learning-cost-deformation/euclidean.pdf> <./figures/met
ric-learning-cost-deformation/moderate.pdf> <./figures/metric-learning-cost-def
ormation/strong.pdf>]
<figures/inverse-ot-gap-loss/observed-map-n10.pdf, id=7089, 152.03801pt x 116.5
0435pt>
File: figures/inverse-ot-gap-loss/observed-map-n10.pdf Graphic file (type pdf)
<use figures/inverse-ot-gap-loss/observed-map-n10.pdf>
Package pdftex.def Info: figures/inverse-ot-gap-loss/observed-map-n10.pdf  used
 on input line 1998.
(pdftex.def)             Requested size: 134.86743pt x 103.35077pt.
<figures/inverse-ot-gap-loss/gap-loss-n10.pdf, id=7090, 184.17369pt x 158.88672
pt>
File: figures/inverse-ot-gap-loss/gap-loss-n10.pdf Graphic file (type pdf)
<use figures/inverse-ot-gap-loss/gap-loss-n10.pdf>
Package pdftex.def Info: figures/inverse-ot-gap-loss/gap-loss-n10.pdf  used on 
input line 1999.
(pdftex.def)             Requested size: 143.86043pt x 124.10811pt.
<figures/inverse-ot-gap-loss/gap-loss-n200.pdf, id=7091, 184.17369pt x 158.8867
2pt>
File: figures/inverse-ot-gap-loss/gap-loss-n200.pdf Graphic file (type pdf)
<use figures/inverse-ot-gap-loss/gap-loss-n200.pdf>
Package pdftex.def Info: figures/inverse-ot-gap-loss/gap-loss-n200.pdf  used on
 input line 2000.
(pdftex.def)             Requested size: 143.86043pt x 124.10811pt.
 [272 <./figures/inverse-ot-bilinear-logo-map/horizontal.pdf> <./figures/invers
e-ot-bilinear-logo-map/vertical.pdf> <./figures/inverse-ot-bilinear-logo-map/w2
.pdf> <./figures/inverse-ot-bilinear-logo-map/anti.pdf> <./figures/inverse-ot-g
ap-loss/observed-map-n10.pdf> <./figures/inverse-ot-gap-loss/gap-loss-n10.pdf> 
<./figures/inverse-ot-gap-loss/gap-loss-n200.pdf>]
Package mdframed Info: mdframed works in twoside mode on input line 2031.
Package mdframed Info: mdframed detected package amsthm 
 changed the theorem header of amsthm
(mdframed)              on input line 2031.
 [273]
Package mdframed Info: mdframed works in twoside mode on input line 2090.
Package mdframed Info: mdframed detected package amsthm 
 changed the theorem header of amsthm
(mdframed)              on input line 2090.
 [274]
<figures/weak-ot-barycentric-projection/ot-coupling.pdf, id=7263, 121.72311pt x
 123.03244pt>
File: figures/weak-ot-barycentric-projection/ot-coupling.pdf Graphic file (type
 pdf)
<use figures/weak-ot-barycentric-projection/ot-coupling.pdf>
Package pdftex.def Info: figures/weak-ot-barycentric-projection/ot-coupling.pdf
  used on input line 2216.
(pdftex.def)             Requested size: 139.3605pt x 140.86293pt.
<figures/weak-ot-barycentric-projection/ot-barycentric-projection.pdf, id=7264,
 121.72311pt x 123.03244pt>
File: figures/weak-ot-barycentric-projection/ot-barycentric-projection.pdf Grap
hic file (type pdf)
<use figures/weak-ot-barycentric-projection/ot-barycentric-projection.pdf>
Package pdftex.def Info: figures/weak-ot-barycentric-projection/ot-barycentric-
projection.pdf  used on input line 2218.
(pdftex.def)             Requested size: 139.3605pt x 140.86293pt.
<figures/weak-ot-barycentric-projection/weak-barycentric-projection.pdf, id=726
5, 121.72311pt x 123.03244pt>
File: figures/weak-ot-barycentric-projection/weak-barycentric-projection.pdf Gr
aphic file (type pdf)
<use figures/weak-ot-barycentric-projection/weak-barycentric-projection.pdf>
Package pdftex.def Info: figures/weak-ot-barycentric-projection/weak-barycentri
c-projection.pdf  used on input line 2219.
(pdftex.def)             Requested size: 139.3605pt x 140.86293pt.

Underfull \vbox (badness 10000) has occurred while \output is active []

 [275]
Package mdframed Info: mdframed works in twoside mode on input line 2243.
Package mdframed Info: mdframed detected package amsthm 
 changed the theorem header of amsthm
(mdframed)              on input line 2243.

[276 <./figures/weak-ot-barycentric-projection/ot-coupling.pdf> <./figures/weak
-ot-barycentric-projection/ot-barycentric-projection.pdf> <./figures/weak-ot-ba
rycentric-projection/weak-barycentric-projection.pdf>]
Package mdframed Info: mdframed works in twoside mode on input line 2288.
Package mdframed Info: mdframed detected package amsthm 
 changed the theorem header of amsthm
(mdframed)              on input line 2288.
Package mdframed Info: mdframed works in twoside mode on input line 2310.
Package mdframed Info: mdframed detected package amsthm 
 changed the theorem header of amsthm
(mdframed)              on input line 2310.
 [277]
<figures/martingale-ot-centered-kernels/marginals.pdf, id=7324, 124.99097pt x 1
04.16998pt>
File: figures/martingale-ot-centered-kernels/marginals.pdf Graphic file (type p
df)
<use figures/martingale-ot-centered-kernels/marginals.pdf>
Package pdftex.def Info: figures/martingale-ot-centered-kernels/marginals.pdf  
used on input line 2427.
(pdftex.def)             Requested size: 103.39539pt x 86.17494pt.
<figures/martingale-ot-centered-kernels/generated-coupling.pdf, id=7325, 124.99
097pt x 104.16998pt>
File: figures/martingale-ot-centered-kernels/generated-coupling.pdf Graphic fil
e (type pdf)
<use figures/martingale-ot-centered-kernels/generated-coupling.pdf>
Package pdftex.def Info: figures/martingale-ot-centered-kernels/generated-coupl
ing.pdf  used on input line 2428.
(pdftex.def)             Requested size: 103.39539pt x 86.17494pt.
<figures/martingale-ot-centered-kernels/optimal-coupling.pdf, id=7326, 125.7136
7pt x 104.89268pt>
File: figures/martingale-ot-centered-kernels/optimal-coupling.pdf Graphic file 
(type pdf)
<use figures/martingale-ot-centered-kernels/optimal-coupling.pdf>
Package pdftex.def Info: figures/martingale-ot-centered-kernels/optimal-couplin
g.pdf  used on input line 2429.
(pdftex.def)             Requested size: 103.39539pt x 86.27184pt.
<figures/martingale-ot-centered-kernels/conditionals.pdf, id=7327, 124.99097pt 
x 104.16998pt>
File: figures/martingale-ot-centered-kernels/conditionals.pdf Graphic file (typ
e pdf)
<use figures/martingale-ot-centered-kernels/conditionals.pdf>
Package pdftex.def Info: figures/martingale-ot-centered-kernels/conditionals.pd
f  used on input line 2430.
(pdftex.def)             Requested size: 103.39539pt x 86.17494pt.
)
(./sections/beyond-comparing-measures.tex [278] [279 <./figures/martingale-ot-c
entered-kernels/marginals.pdf> <./figures/martingale-ot-centered-kernels/genera
ted-coupling.pdf> <./figures/martingale-ot-centered-kernels/optimal-coupling.pd
f> <./figures/martingale-ot-centered-kernels/conditionals.pdf>]
Chapter 13.
Package mdframed Info: mdframed works in twoside mode on input line 27.
Package mdframed Info: mdframed detected package amsthm 
 changed the theorem header of amsthm
(mdframed)              on input line 27.
Package mdframed Info: mdframed works in twoside mode on input line 44.
Package mdframed Info: mdframed detected package amsthm 
 changed the theorem header of amsthm
(mdframed)              on input line 44.
[280

]
<figures/vector-valued-measure-geodesics/kappa-zero-arrows.pdf, id=7365, 261.35
327pt x 219.49754pt>
File: figures/vector-valued-measure-geodesics/kappa-zero-arrows.pdf Graphic fil
e (type pdf)
<use figures/vector-valued-measure-geodesics/kappa-zero-arrows.pdf>
Package pdftex.def Info: figures/vector-valued-measure-geodesics/kappa-zero-arr
ows.pdf  used on input line 105.
(pdftex.def)             Requested size: 202.29771pt x 169.90453pt.
<figures/vector-valued-measure-geodesics/kappa-large-arrows.pdf, id=7366, 261.3
5327pt x 219.49754pt>
File: figures/vector-valued-measure-geodesics/kappa-large-arrows.pdf Graphic fi
le (type pdf)
<use figures/vector-valued-measure-geodesics/kappa-large-arrows.pdf>
Package pdftex.def Info: figures/vector-valued-measure-geodesics/kappa-large-ar
rows.pdf  used on input line 106.
(pdftex.def)             Requested size: 202.29771pt x 169.90453pt.

Underfull \vbox (badness 10000) has occurred while \output is active []

 [281]
Package mdframed Info: mdframed works in twoside mode on input line 121.
Package mdframed Info: mdframed detected package amsthm 
 changed the theorem header of amsthm
(mdframed)              on input line 121.
Package mdframed Info: mdframed works in twoside mode on input line 133.
Package mdframed Info: mdframed detected package amsthm 
 changed the theorem header of amsthm
(mdframed)              on input line 133.

[282 <./figures/vector-valued-measure-geodesics/kappa-zero-arrows.pdf> <./figur
es/vector-valued-measure-geodesics/kappa-large-arrows.pdf>]
<figures/matrix-valued-measure-geodesic/independent-ellipses.pdf, id=7430, 277.
9754pt x 188.42143pt>
File: figures/matrix-valued-measure-geodesic/independent-ellipses.pdf Graphic f
ile (type pdf)
<use figures/matrix-valued-measure-geodesic/independent-ellipses.pdf>
Package pdftex.def Info: figures/matrix-valued-measure-geodesic/independent-ell
ipses.pdf  used on input line 195.
(pdftex.def)             Requested size: 206.79765pt x 140.17719pt.
<figures/matrix-valued-measure-geodesic/coupled-ellipses.pdf, id=7431, 277.9754
pt x 188.42143pt>
File: figures/matrix-valued-measure-geodesic/coupled-ellipses.pdf Graphic file 
(type pdf)
<use figures/matrix-valued-measure-geodesic/coupled-ellipses.pdf>
Package pdftex.def Info: figures/matrix-valued-measure-geodesic/coupled-ellipse
s.pdf  used on input line 196.
(pdftex.def)             Requested size: 206.79765pt x 140.17719pt.

Underfull \vbox (badness 10000) has occurred while \output is active []

 [283]
Package mdframed Info: mdframed works in twoside mode on input line 246.
Package mdframed Info: mdframed detected package amsthm 
 changed the theorem header of amsthm
(mdframed)              on input line 246.
Package mdframed Info: Not enough space on this page on input line 258.

[284 <./figures/matrix-valued-measure-geodesic/independent-ellipses.pdf> <./fig
ures/matrix-valued-measure-geodesic/coupled-ellipses.pdf>]
Package mdframed Info: Not enough space on this page on input line 258.
Package mdframed Info: mdframed works in twoside mode on input line 272.
Package mdframed Info: mdframed detected package amsthm 
 changed the theorem header of amsthm
(mdframed)              on input line 272.
<figures/kantorovich-wow-mixtures/component-level.pdf, id=7496, 173.08665pt x 1
05.22513pt>
File: figures/kantorovich-wow-mixtures/component-level.pdf Graphic file (type p
df)
<use figures/kantorovich-wow-mixtures/component-level.pdf>
Package pdftex.def Info: figures/kantorovich-wow-mixtures/component-level.pdf  
used on input line 323.
(pdftex.def)             Requested size: 206.79765pt x 125.72359pt.
<figures/kantorovich-wow-mixtures/collapsed-w2.pdf, id=7497, 173.08665pt x 105.
22513pt>
File: figures/kantorovich-wow-mixtures/collapsed-w2.pdf Graphic file (type pdf)

<use figures/kantorovich-wow-mixtures/collapsed-w2.pdf>
Package pdftex.def Info: figures/kantorovich-wow-mixtures/collapsed-w2.pdf  use
d on input line 324.
(pdftex.def)             Requested size: 206.79765pt x 125.72359pt.
 [285] [286 <./figures/kantorovich-wow-mixtures/component-level.pdf> <./figures
/kantorovich-wow-mixtures/collapsed-w2.pdf>]
<figures/gromov-isometry-matching/isometric.pdf, id=7524, 156.97044pt x 68.4080
7pt>
File: figures/gromov-isometry-matching/isometric.pdf Graphic file (type pdf)
<use figures/gromov-isometry-matching/isometric.pdf>
Package pdftex.def Info: figures/gromov-isometry-matching/isometric.pdf  used o
n input line 440.
(pdftex.def)             Requested size: 134.86743pt x 58.7755pt.
<figures/gromov-isometry-matching/mild-deformation.pdf, id=7525, 156.97044pt x 
62.87947pt>
File: figures/gromov-isometry-matching/mild-deformation.pdf Graphic file (type 
pdf)
<use figures/gromov-isometry-matching/mild-deformation.pdf>
Package pdftex.def Info: figures/gromov-isometry-matching/mild-deformation.pdf 
 used on input line 441.
(pdftex.def)             Requested size: 134.86743pt x 54.02538pt.
<figures/gromov-isometry-matching/strong-deformation.pdf, id=7526, 156.97044pt 
x 64.52248pt>
File: figures/gromov-isometry-matching/strong-deformation.pdf Graphic file (typ
e pdf)
<use figures/gromov-isometry-matching/strong-deformation.pdf>
Package pdftex.def Info: figures/gromov-isometry-matching/strong-deformation.pd
f  used on input line 442.
(pdftex.def)             Requested size: 134.86743pt x 55.43703pt.
Package mdframed Info: mdframed works in twoside mode on input line 470.
Package mdframed Info: mdframed detected package amsthm 
 changed the theorem header of amsthm
(mdframed)              on input line 470.
Package mdframed Info: Not enough space on this page on input line 475.
 [287 <./figures/gromov-isometry-matching/isometric.pdf> <./figures/gromov-isom
etry-matching/mild-deformation.pdf> <./figures/gromov-isometry-matching/strong-
deformation.pdf>]
Package mdframed Info: Not enough space on this page on input line 475.
Package mdframed Info: mdframed works in twoside mode on input line 479.
Package mdframed Info: mdframed detected package amsthm 
 changed the theorem header of amsthm
(mdframed)              on input line 479.
Package mdframed Info: mdframed works in twoside mode on input line 500.
Package mdframed Info: mdframed detected package amsthm 
 changed the theorem header of amsthm
(mdframed)              on input line 500.
 [288]
Package mdframed Info: mdframed works in twoside mode on input line 600.
Package mdframed Info: mdframed detected package amsthm 
 changed the theorem header of amsthm
(mdframed)              on input line 600.
 [289] [290] [291]
<figures/gromov-nonisometric-distortion/correspondence.pdf, id=7615, 156.97044p
t x 61.789pt>
File: figures/gromov-nonisometric-distortion/correspondence.pdf Graphic file (t
ype pdf)
<use figures/gromov-nonisometric-distortion/correspondence.pdf>
Package pdftex.def Info: figures/gromov-nonisometric-distortion/correspondence.
pdf  used on input line 809.
(pdftex.def)             Requested size: 193.30473pt x 76.09145pt.
<figures/gromov-nonisometric-distortion/distance-residual.pdf, id=7616, 102.009
11pt x 102.00911pt>
File: figures/gromov-nonisometric-distortion/distance-residual.pdf Graphic file
 (type pdf)
<use figures/gromov-nonisometric-distortion/distance-residual.pdf>
Package pdftex.def Info: figures/gromov-nonisometric-distortion/distance-residu
al.pdf  used on input line 810.
(pdftex.def)             Requested size: 103.39539pt x 103.3957pt.
 [292 <./figures/gromov-nonisometric-distortion/correspondence.pdf> <./figures/
gromov-nonisometric-distortion/distance-residual.pdf>]
<figures/gromov-memoli-distance-profiles/profiles.pdf, id=7632, 520.26823pt x 1
92.41858pt>
File: figures/gromov-memoli-distance-profiles/profiles.pdf Graphic file (type p
df)
<use figures/gromov-memoli-distance-profiles/profiles.pdf>
Package pdftex.def Info: figures/gromov-memoli-distance-profiles/profiles.pdf  
used on input line 877.
(pdftex.def)             Requested size: 445.06049pt x 164.60767pt.
 [293 <./figures/gromov-memoli-distance-profiles/profiles.pdf>]
Package mdframed Info: mdframed works in twoside mode on input line 941.
Package mdframed Info: mdframed detected package amsthm 
 changed the theorem header of amsthm
(mdframed)              on input line 941.
 [294] [295] [296] [297] [298] [299] [300]
Package mdframed Info: mdframed works in twoside mode on input line 1416.
Package mdframed Info: mdframed detected package amsthm 
 changed the theorem header of amsthm
(mdframed)              on input line 1416.
 [301]
[302]
Package mdframed Info: mdframed works in twoside mode on input line 1527.
Package mdframed Info: mdframed detected package amsthm 
 changed the theorem header of amsthm
(mdframed)              on input line 1527.
 [303] [304]
Package mdframed Info: mdframed works in twoside mode on input line 1707.
Package mdframed Info: mdframed detected package amsthm 
 changed the theorem header of amsthm
(mdframed)              on input line 1707.
Package mdframed Info: mdframed works in twoside mode on input line 1716.
Package mdframed Info: mdframed detected package amsthm 
 changed the theorem header of amsthm
(mdframed)              on input line 1716.
 [305]
Package mdframed Info: mdframed works in twoside mode on input line 1739.
Package mdframed Info: mdframed detected package amsthm 
 changed the theorem header of amsthm
(mdframed)              on input line 1739.
Package mdframed Info: Not enough space on this page on input line 1753.
<figures/fused-gromov-feature-geometry/feature-ot.pdf, id=7948, 143.72696pt x 5
1.17029pt>
File: figures/fused-gromov-feature-geometry/feature-ot.pdf Graphic file (type p
df)
<use figures/fused-gromov-feature-geometry/feature-ot.pdf>
Package pdftex.def Info: figures/fused-gromov-feature-geometry/feature-ot.pdf  
used on input line 1821.
(pdftex.def)             Requested size: 134.86743pt x 48.01808pt.
<figures/fused-gromov-feature-geometry/fused-gw.pdf, id=7949, 143.72696pt x 51.
17029pt>
File: figures/fused-gromov-feature-geometry/fused-gw.pdf Graphic file (type pdf
)
<use figures/fused-gromov-feature-geometry/fused-gw.pdf>
Package pdftex.def Info: figures/fused-gromov-feature-geometry/fused-gw.pdf  us
ed on input line 1822.
(pdftex.def)             Requested size: 134.86743pt x 48.01808pt.
<figures/fused-gromov-feature-geometry/pure-gw.pdf, id=7950, 143.72696pt x 51.1
7029pt>
File: figures/fused-gromov-feature-geometry/pure-gw.pdf Graphic file (type pdf)

<use figures/fused-gromov-feature-geometry/pure-gw.pdf>
Package pdftex.def Info: figures/fused-gromov-feature-geometry/pure-gw.pdf  use
d on input line 1823.
(pdftex.def)             Requested size: 134.86743pt x 48.01808pt.
 [306]
Package mdframed Info: mdframed works in twoside mode on input line 1846.
Package mdframed Info: mdframed detected package amsthm 
 changed the theorem header of amsthm
(mdframed)              on input line 1846.
Package mdframed Info: mdframed works in twoside mode on input line 1861.
Package mdframed Info: mdframed detected package amsthm 
 changed the theorem header of amsthm
(mdframed)              on input line 1861.
 [307 <./figures/fused-gromov-feature-geometry/feature-ot.pdf> <./figures/fused
-gromov-feature-geometry/fused-gw.pdf> <./figures/fused-gromov-feature-geometry
/pure-gw.pdf>]
Package mdframed Info: mdframed works in twoside mode on input line 1937.
Package mdframed Info: mdframed detected package amsthm 
 changed the theorem header of amsthm
(mdframed)              on input line 1937.
Package mdframed Info: mdframed works in twoside mode on input line 1963.
Package mdframed Info: mdframed detected package amsthm 
 changed the theorem header of amsthm
(mdframed)              on input line 1963.
Package mdframed Info: Not enough space on this page on input line 1972.
 [308]
Package mdframed Info: Not enough space on this page on input line 1972.
Package mdframed Info: mdframed works in twoside mode on input line 1990.
Package mdframed Info: mdframed detected package amsthm 
 changed the theorem header of amsthm
(mdframed)              on input line 1990.
 [309]
Package mdframed Info: mdframed works in twoside mode on input line 2067.
Package mdframed Info: mdframed detected package amsthm 
 changed the theorem header of amsthm
(mdframed)              on input line 2067.
 [310]
<figures/quantum-classical-square-root-transport/comparison.pdf, id=8059, 454.7
7858pt x 235.35883pt>
File: figures/quantum-classical-square-root-transport/comparison.pdf Graphic fi
le (type pdf)
<use figures/quantum-classical-square-root-transport/comparison.pdf>
Package pdftex.def Info: figures/quantum-classical-square-root-transport/compar
ison.pdf  used on input line 2171.
(pdftex.def)             Requested size: 386.61633pt x 200.09186pt.
Package mdframed Info: mdframed works in twoside mode on input line 2178.
Package mdframed Info: mdframed detected package amsthm 
 changed the theorem header of amsthm
(mdframed)              on input line 2178.
 [311] [312 <./figures/quantum-classical-square-root-transport/comparison.pdf>]
Package mdframed Info: mdframed works in twoside mode on input line 2301.
Package mdframed Info: mdframed detected package amsthm 
 changed the theorem header of amsthm
(mdframed)              on input line 2301.
 [313]
Package mdframed Info: mdframed works in twoside mode on input line 2426.
Package mdframed Info: mdframed detected package amsthm 
 changed the theorem header of amsthm
(mdframed)              on input line 2426.
Package mdframed Info: mdframed works in twoside mode on input line 2443.
Package mdframed Info: mdframed detected package amsthm 
 changed the theorem header of amsthm
(mdframed)              on input line 2443.
 [314]
Package mdframed Info: mdframed works in twoside mode on input line 2527.
Package mdframed Info: mdframed detected package amsthm 
 changed the theorem header of amsthm
(mdframed)              on input line 2527.

[315] [316]
Package mdframed Info: mdframed works in twoside mode on input line 2586.
Package mdframed Info: mdframed detected package amsthm 
 changed the theorem header of amsthm
(mdframed)              on input line 2586.
Package mdframed Info: mdframed works in twoside mode on input line 2630.
Package mdframed Info: mdframed detected package amsthm 
 changed the theorem header of amsthm
(mdframed)              on input line 2630.
Package mdframed Info: mdframed works in twoside mode on input line 2632.
Package mdframed Info: mdframed detected package amsthm 
 changed the theorem header of amsthm
(mdframed)              on input line 2632.
Package mdframed Info: mdframed works in twoside mode on input line 2644.
Package mdframed Info: mdframed detected package amsthm 
 changed the theorem header of amsthm
(mdframed)              on input line 2644.
 [317]
Package mdframed Info: mdframed works in twoside mode on input line 2655.
Package mdframed Info: mdframed detected package amsthm 
 changed the theorem header of amsthm
(mdframed)              on input line 2655.
 [318]
<figures/dynamic-time-warping/dtw-alignment.pdf, id=8246, 509.39574pt x 150.652
2pt>
File: figures/dynamic-time-warping/dtw-alignment.pdf Graphic file (type pdf)
<use figures/dynamic-time-warping/dtw-alignment.pdf>
Package pdftex.def Info: figures/dynamic-time-warping/dtw-alignment.pdf  used o
n input line 2761.
(pdftex.def)             Requested size: 440.56056pt x 130.29855pt.
) (./sections/dynamic-ot.tex [319 <./figures/dynamic-time-warping/dtw-alignment
.pdf>]
Chapter 14.
Package mdframed Info: mdframed works in twoside mode on input line 52.
Package mdframed Info: mdframed detected package amsthm 
 changed the theorem header of amsthm
(mdframed)              on input line 52.
Package mdframed Info: Box was splittet wrong
 starting loop to iterate the splitting point
(mdframed)              on input line 66.
[320

] [321]
Package mdframed Info: mdframed works in twoside mode on input line 236.
Package mdframed Info: mdframed detected package amsthm 
 changed the theorem header of amsthm
(mdframed)              on input line 236.
 [322]
Package mdframed Info: mdframed works in twoside mode on input line 307.
Package mdframed Info: mdframed detected package amsthm 
 changed the theorem header of amsthm
(mdframed)              on input line 307.
 [323] [324]
<figures/dynamic-benamou-brenier-duality/density.pdf, id=8366, 272.3707pt x 158
.6264pt>
File: figures/dynamic-benamou-brenier-duality/density.pdf Graphic file (type pd
f)
<use figures/dynamic-benamou-brenier-duality/density.pdf>
Package pdftex.def Info: figures/dynamic-benamou-brenier-duality/density.pdf  u
sed on input line 459.
(pdftex.def)             Requested size: 139.3605pt x 81.16463pt.
<figures/dynamic-benamou-brenier-duality/momentum.pdf, id=8367, 277.48355pt x 1
58.74211pt>
File: figures/dynamic-benamou-brenier-duality/momentum.pdf Graphic file (type p
df)
<use figures/dynamic-benamou-brenier-duality/momentum.pdf>
Package pdftex.def Info: figures/dynamic-benamou-brenier-duality/momentum.pdf  
used on input line 460.
(pdftex.def)             Requested size: 139.3605pt x 79.72691pt.
<figures/dynamic-benamou-brenier-duality/dual-potential.pdf, id=8368, 279.38126
pt x 157.47672pt>
File: figures/dynamic-benamou-brenier-duality/dual-potential.pdf Graphic file (
type pdf)
<use figures/dynamic-benamou-brenier-duality/dual-potential.pdf>
Package pdftex.def Info: figures/dynamic-benamou-brenier-duality/dual-potential
.pdf  used on input line 461.
(pdftex.def)             Requested size: 139.3605pt x 78.55313pt.
Package mdframed Info: mdframed works in twoside mode on input line 524.
Package mdframed Info: mdframed detected package amsthm 
 changed the theorem header of amsthm
(mdframed)              on input line 524.
Package mdframed Info: mdframed works in twoside mode on input line 534.
Package mdframed Info: mdframed detected package amsthm 
 changed the theorem header of amsthm
(mdframed)              on input line 534.
<figures/dynamic-benamou-brenier-geodesic/density-sequence.pdf, id=8374, 317.31
95pt x 67.63464pt>
File: figures/dynamic-benamou-brenier-geodesic/density-sequence.pdf Graphic fil
e (type pdf)
<use figures/dynamic-benamou-brenier-geodesic/density-sequence.pdf>
Package pdftex.def Info: figures/dynamic-benamou-brenier-geodesic/density-seque
nce.pdf  used on input line 548.
(pdftex.def)             Requested size: 326.9202pt x 69.68025pt.
<figures/dynamic-benamou-brenier-geodesic/midpoint-velocities.pdf, id=8375, 104
.89409pt x 98.54015pt>
File: figures/dynamic-benamou-brenier-geodesic/midpoint-velocities.pdf Graphic 
file (type pdf)
<use figures/dynamic-benamou-brenier-geodesic/midpoint-velocities.pdf>
Package pdftex.def Info: figures/dynamic-benamou-brenier-geodesic/midpoint-velo
cities.pdf  used on input line 550.
(pdftex.def)             Requested size: 74.1728pt x 69.68025pt.
 [325 <./figures/dynamic-benamou-brenier-duality/density.pdf> <./figures/dynami
c-benamou-brenier-duality/momentum.pdf> <./figures/dynamic-benamou-brenier-dual
ity/dual-potential.pdf>] [326 <./figures/dynamic-benamou-brenier-geodesic/densi
ty-sequence.pdf> <./figures/dynamic-benamou-brenier-geodesic/midpoint-velocitie
s.pdf>]
Package mdframed Info: mdframed works in twoside mode on input line 612.
Package mdframed Info: mdframed detected package amsthm 
 changed the theorem header of amsthm
(mdframed)              on input line 612.
 [327]
Package mdframed Info: mdframed works in twoside mode on input line 698.
Package mdframed Info: mdframed detected package amsthm 
 changed the theorem header of amsthm
(mdframed)              on input line 698.
 [328] [329]
<figures/sinkhorn-path-space-bridges/eps-0.pdf, id=8514, 127.81673pt x 127.8167
3pt>
File: figures/sinkhorn-path-space-bridges/eps-0.pdf Graphic file (type pdf)
<use figures/sinkhorn-path-space-bridges/eps-0.pdf>
Package pdftex.def Info: figures/sinkhorn-path-space-bridges/eps-0.pdf  used on
 input line 948.
(pdftex.def)             Requested size: 105.64536pt x 105.64706pt.
<figures/sinkhorn-path-space-bridges/eps-0p035.pdf, id=8515, 127.81673pt x 127.
81673pt>
File: figures/sinkhorn-path-space-bridges/eps-0p035.pdf Graphic file (type pdf)

<use figures/sinkhorn-path-space-bridges/eps-0p035.pdf>
Package pdftex.def Info: figures/sinkhorn-path-space-bridges/eps-0p035.pdf  use
d on input line 950.
(pdftex.def)             Requested size: 105.64536pt x 105.64706pt.
<figures/sinkhorn-path-space-bridges/eps-0p10.pdf, id=8516, 127.81673pt x 127.8
1673pt>
File: figures/sinkhorn-path-space-bridges/eps-0p10.pdf Graphic file (type pdf)
<use figures/sinkhorn-path-space-bridges/eps-0p10.pdf>
Package pdftex.def Info: figures/sinkhorn-path-space-bridges/eps-0p10.pdf  used
 on input line 951.
(pdftex.def)             Requested size: 105.64536pt x 105.64706pt.
<figures/sinkhorn-path-space-bridges/eps-0p28.pdf, id=8517, 127.81673pt x 127.8
1673pt>
File: figures/sinkhorn-path-space-bridges/eps-0p28.pdf Graphic file (type pdf)
<use figures/sinkhorn-path-space-bridges/eps-0p28.pdf>
Package pdftex.def Info: figures/sinkhorn-path-space-bridges/eps-0p28.pdf  used
 on input line 952.
(pdftex.def)             Requested size: 105.64536pt x 105.64706pt.
 [330 <./figures/sinkhorn-path-space-bridges/eps-0.pdf> <./figures/sinkhorn-pat
h-space-bridges/eps-0p035.pdf> <./figures/sinkhorn-path-space-bridges/eps-0p10.
pdf> <./figures/sinkhorn-path-space-bridges/eps-0p28.pdf>]
Package mdframed Info: mdframed works in twoside mode on input line 982.
Package mdframed Info: mdframed detected package amsthm 
 changed the theorem header of amsthm
(mdframed)              on input line 982.
 [331] [332] [333]
Package mdframed Info: mdframed works in twoside mode on input line 1272.
Package mdframed Info: mdframed detected package amsthm 
 changed the theorem header of amsthm
(mdframed)              on input line 1272.
Package mdframed Info: Box was splittet wrong
 starting loop to iterate the splitting point
(mdframed)              on input line 1299.
 [334] [335]
Package mdframed Info: mdframed works in twoside mode on input line 1353.
Package mdframed Info: mdframed detected package amsthm 
 changed the theorem header of amsthm
(mdframed)              on input line 1353.
Package mdframed Info: Not enough space on this page on input line 1366.
 [336]
Package mdframed Info: mdframed works in twoside mode on input line 1470.
Package mdframed Info: mdframed detected package amsthm 
 changed the theorem header of amsthm
(mdframed)              on input line 1470.
 [337]
Package mdframed Info: mdframed works in twoside mode on input line 1543.
Package mdframed Info: mdframed detected package amsthm 
 changed the theorem header of amsthm
(mdframed)              on input line 1543.

[338]
Package mdframed Info: mdframed works in twoside mode on input line 1578.
Package mdframed Info: mdframed detected package amsthm 
 changed the theorem header of amsthm
(mdframed)              on input line 1578.
 [339] [340]
Package mdframed Info: mdframed works in twoside mode on input line 1742.
Package mdframed Info: mdframed detected package amsthm 
 changed the theorem header of amsthm
(mdframed)              on input line 1742.
 [341]
<figures/discrete-markov-simplex-distances/sigma2-curves.pdf, id=8722, 202.62pt
 x 149.39563pt>
File: figures/discrete-markov-simplex-distances/sigma2-curves.pdf Graphic file 
(type pdf)
<use figures/discrete-markov-simplex-distances/sigma2-curves.pdf>
Package pdftex.def Info: figures/discrete-markov-simplex-distances/sigma2-curve
s.pdf  used on input line 1850.
(pdftex.def)             Requested size: 139.3605pt x 102.75711pt.
<figures/discrete-markov-simplex-distances/sigma3-markov-levels.pdf, id=8723, 1
59.17236pt x 140.22876pt>
File: figures/discrete-markov-simplex-distances/sigma3-markov-levels.pdf Graphi
c file (type pdf)
<use figures/discrete-markov-simplex-distances/sigma3-markov-levels.pdf>
Package pdftex.def Info: figures/discrete-markov-simplex-distances/sigma3-marko
v-levels.pdf  used on input line 1852.
(pdftex.def)             Requested size: 139.3605pt x 122.77472pt.
<figures/discrete-markov-simplex-distances/sigma3-tv-levels.pdf, id=8724, 159.1
7236pt x 140.22876pt>
File: figures/discrete-markov-simplex-distances/sigma3-tv-levels.pdf Graphic fi
le (type pdf)
<use figures/discrete-markov-simplex-distances/sigma3-tv-levels.pdf>
Package pdftex.def Info: figures/discrete-markov-simplex-distances/sigma3-tv-le
vels.pdf  used on input line 1854.
(pdftex.def)             Requested size: 139.3605pt x 122.77472pt.
 [342 <./figures/discrete-markov-simplex-distances/sigma2-curves.pdf> <./figure
s/discrete-markov-simplex-distances/sigma3-markov-levels.pdf> <./figures/discre
te-markov-simplex-distances/sigma3-tv-levels.pdf>]
Package mdframed Info: mdframed works in twoside mode on input line 1885.
Package mdframed Info: mdframed detected package amsthm 
 changed the theorem header of amsthm
(mdframed)              on input line 1885.

[343]
<figures/dynamic-unbalanced-geodesic/balanced-t000.pdf, id=8821, 102.6234pt x 4
9.1436pt>
File: figures/dynamic-unbalanced-geodesic/balanced-t000.pdf Graphic file (type 
pdf)
<use figures/dynamic-unbalanced-geodesic/balanced-t000.pdf>
Package pdftex.def Info: figures/dynamic-unbalanced-geodesic/balanced-t000.pdf 
 used on input line 1982.
(pdftex.def)             Requested size: 74.17331pt x 35.52132pt.
<figures/dynamic-unbalanced-geodesic/balanced-t025.pdf, id=8822, 102.6234pt x 4
9.1436pt>
File: figures/dynamic-unbalanced-geodesic/balanced-t025.pdf Graphic file (type 
pdf)
<use figures/dynamic-unbalanced-geodesic/balanced-t025.pdf>
Package pdftex.def Info: figures/dynamic-unbalanced-geodesic/balanced-t025.pdf 
 used on input line 1983.
(pdftex.def)             Requested size: 74.17331pt x 35.52132pt.
<figures/dynamic-unbalanced-geodesic/balanced-t050.pdf, id=8823, 102.6234pt x 4
9.1436pt>
File: figures/dynamic-unbalanced-geodesic/balanced-t050.pdf Graphic file (type 
pdf)
<use figures/dynamic-unbalanced-geodesic/balanced-t050.pdf>
Package pdftex.def Info: figures/dynamic-unbalanced-geodesic/balanced-t050.pdf 
 used on input line 1984.
(pdftex.def)             Requested size: 74.17331pt x 35.52132pt.
<figures/dynamic-unbalanced-geodesic/balanced-t075.pdf, id=8824, 102.6234pt x 4
9.1436pt>
File: figures/dynamic-unbalanced-geodesic/balanced-t075.pdf Graphic file (type 
pdf)
<use figures/dynamic-unbalanced-geodesic/balanced-t075.pdf>
Package pdftex.def Info: figures/dynamic-unbalanced-geodesic/balanced-t075.pdf 
 used on input line 1985.
(pdftex.def)             Requested size: 74.17331pt x 35.52132pt.
<figures/dynamic-unbalanced-geodesic/balanced-t100.pdf, id=8825, 102.6234pt x 4
9.1436pt>
File: figures/dynamic-unbalanced-geodesic/balanced-t100.pdf Graphic file (type 
pdf)
<use figures/dynamic-unbalanced-geodesic/balanced-t100.pdf>
Package pdftex.def Info: figures/dynamic-unbalanced-geodesic/balanced-t100.pdf 
 used on input line 1986.
(pdftex.def)             Requested size: 74.17331pt x 35.52132pt.
<figures/dynamic-unbalanced-geodesic/unbalanced-t000.pdf, id=8826, 102.6234pt x
 49.1436pt>
File: figures/dynamic-unbalanced-geodesic/unbalanced-t000.pdf Graphic file (typ
e pdf)
<use figures/dynamic-unbalanced-geodesic/unbalanced-t000.pdf>
Package pdftex.def Info: figures/dynamic-unbalanced-geodesic/unbalanced-t000.pd
f  used on input line 1988.
(pdftex.def)             Requested size: 74.17331pt x 35.52132pt.
<figures/dynamic-unbalanced-geodesic/unbalanced-t025.pdf, id=8827, 102.6234pt x
 49.1436pt>
File: figures/dynamic-unbalanced-geodesic/unbalanced-t025.pdf Graphic file (typ
e pdf)
<use figures/dynamic-unbalanced-geodesic/unbalanced-t025.pdf>
Package pdftex.def Info: figures/dynamic-unbalanced-geodesic/unbalanced-t025.pd
f  used on input line 1989.
(pdftex.def)             Requested size: 74.17331pt x 35.52132pt.
<figures/dynamic-unbalanced-geodesic/unbalanced-t050.pdf, id=8828, 102.6234pt x
 49.1436pt>
File: figures/dynamic-unbalanced-geodesic/unbalanced-t050.pdf Graphic file (typ
e pdf)
<use figures/dynamic-unbalanced-geodesic/unbalanced-t050.pdf>
Package pdftex.def Info: figures/dynamic-unbalanced-geodesic/unbalanced-t050.pd
f  used on input line 1990.
(pdftex.def)             Requested size: 74.17331pt x 35.52132pt.
<figures/dynamic-unbalanced-geodesic/unbalanced-t075.pdf, id=8829, 102.6234pt x
 49.1436pt>
File: figures/dynamic-unbalanced-geodesic/unbalanced-t075.pdf Graphic file (typ
e pdf)
<use figures/dynamic-unbalanced-geodesic/unbalanced-t075.pdf>
Package pdftex.def Info: figures/dynamic-unbalanced-geodesic/unbalanced-t075.pd
f  used on input line 1991.
(pdftex.def)             Requested size: 74.17331pt x 35.52132pt.
<figures/dynamic-unbalanced-geodesic/unbalanced-t100.pdf, id=8830, 102.6234pt x
 49.1436pt>
File: figures/dynamic-unbalanced-geodesic/unbalanced-t100.pdf Graphic file (typ
e pdf)
<use figures/dynamic-unbalanced-geodesic/unbalanced-t100.pdf>
Package pdftex.def Info: figures/dynamic-unbalanced-geodesic/unbalanced-t100.pd
f  used on input line 1992.
(pdftex.def)             Requested size: 74.17331pt x 35.52132pt.
 [344 <./figures/dynamic-unbalanced-geodesic/balanced-t000.pdf> <./figures/dyna
mic-unbalanced-geodesic/balanced-t025.pdf> <./figures/dynamic-unbalanced-geodes
ic/balanced-t050.pdf> <./figures/dynamic-unbalanced-geodesic/balanced-t075.pdf>
 <./figures/dynamic-unbalanced-geodesic/balanced-t100.pdf> <./figures/dynamic-u
nbalanced-geodesic/unbalanced-t000.pdf> <./figures/dynamic-unbalanced-geodesic/
unbalanced-t025.pdf> <./figures/dynamic-unbalanced-geodesic/unbalanced-t050.pdf
> <./figures/dynamic-unbalanced-geodesic/unbalanced-t075.pdf> <./figures/dynami
c-unbalanced-geodesic/unbalanced-t100.pdf>]
Package mdframed Info: mdframed works in twoside mode on input line 2032.
Package mdframed Info: mdframed detected package amsthm 
 changed the theorem header of amsthm
(mdframed)              on input line 2032.
 [345]
<figures/dynamic-variational-mfg-hard-congestion/evolution.pdf, id=8890, 838.31
302pt x 226.4202pt>
File: figures/dynamic-variational-mfg-hard-congestion/evolution.pdf Graphic fil
e (type pdf)
<use figures/dynamic-variational-mfg-hard-congestion/evolution.pdf>
Package pdftex.def Info: figures/dynamic-variational-mfg-hard-congestion/evolut
ion.pdf  used on input line 2156.
(pdftex.def)             Requested size: 445.06049pt x 120.20943pt.
 [346])
(./sections/wasserstein-gradient-flows.tex [347 <./figures/dynamic-variational-
mfg-hard-congestion/evolution.pdf>]
Chapter 15.
Package mdframed Info: mdframed works in twoside mode on input line 24.
Package mdframed Info: mdframed detected package amsthm 
 changed the theorem header of amsthm
(mdframed)              on input line 24.
Package mdframed Info: mdframed works in twoside mode on input line 66.
Package mdframed Info: mdframed detected package amsthm 
 changed the theorem header of amsthm
(mdframed)              on input line 66.
[348

]
Package mdframed Info: mdframed works in twoside mode on input line 87.
Package mdframed Info: mdframed detected package amsthm 
 changed the theorem header of amsthm
(mdframed)              on input line 87.
 [349]
Package mdframed Info: mdframed works in twoside mode on input line 177.
Package mdframed Info: mdframed detected package amsthm 
 changed the theorem header of amsthm
(mdframed)              on input line 177.
 [350]
Package mdframed Info: mdframed works in twoside mode on input line 300.
Package mdframed Info: mdframed detected package amsthm 
 changed the theorem header of amsthm
(mdframed)              on input line 300.
Package mdframed Info: mdframed works in twoside mode on input line 311.
Package mdframed Info: mdframed detected package amsthm 
 changed the theorem header of amsthm
(mdframed)              on input line 311.
 [351]
<figures/gradflow-jko-entropy-steps/density-steps.pdf, id=9011, 198.05148pt x 1
11.30064pt>
File: figures/gradflow-jko-entropy-steps/density-steps.pdf Graphic file (type p
df)
<use figures/gradflow-jko-entropy-steps/density-steps.pdf>
Package pdftex.def Info: figures/gradflow-jko-entropy-steps/density-steps.pdf  
used on input line 360.
(pdftex.def)             Requested size: 193.30473pt x 108.634pt.
<figures/gradflow-jko-entropy-steps/quantile-steps.pdf, id=9012, 195.00102pt x 
107.96178pt>
File: figures/gradflow-jko-entropy-steps/quantile-steps.pdf Graphic file (type 
pdf)
<use figures/gradflow-jko-entropy-steps/quantile-steps.pdf>
Package pdftex.def Info: figures/gradflow-jko-entropy-steps/quantile-steps.pdf 
 used on input line 361.
(pdftex.def)             Requested size: 193.30473pt x 107.02249pt.
 [352 <./figures/gradflow-jko-entropy-steps/density-steps.pdf> <./figures/gradf
low-jko-entropy-steps/quantile-steps.pdf>]
Package mdframed Info: mdframed works in twoside mode on input line 406.
Package mdframed Info: mdframed detected package amsthm 
 changed the theorem header of amsthm
(mdframed)              on input line 406.
<figures/gradflow-heat-versus-porous-medium/heat.pdf, id=9055, 197.48593pt x 10
7.96178pt>
File: figures/gradflow-heat-versus-porous-medium/heat.pdf Graphic file (type pd
f)
<use figures/gradflow-heat-versus-porous-medium/heat.pdf>
Package pdftex.def Info: figures/gradflow-heat-versus-porous-medium/heat.pdf  u
sed on input line 457.
(pdftex.def)             Requested size: 134.86743pt x 73.72931pt.
<figures/gradflow-heat-versus-porous-medium/porous-medium.pdf, id=9056, 197.485
93pt x 107.96178pt>
File: figures/gradflow-heat-versus-porous-medium/porous-medium.pdf Graphic file
 (type pdf)
<use figures/gradflow-heat-versus-porous-medium/porous-medium.pdf>
Package pdftex.def Info: figures/gradflow-heat-versus-porous-medium/porous-medi
um.pdf  used on input line 458.
(pdftex.def)             Requested size: 134.86743pt x 73.72931pt.
<figures/gradflow-heat-versus-porous-medium/porous-medium-m6.pdf, id=9057, 197.
48593pt x 107.96178pt>
File: figures/gradflow-heat-versus-porous-medium/porous-medium-m6.pdf Graphic f
ile (type pdf)
<use figures/gradflow-heat-versus-porous-medium/porous-medium-m6.pdf>
Package pdftex.def Info: figures/gradflow-heat-versus-porous-medium/porous-medi
um-m6.pdf  used on input line 459.
(pdftex.def)             Requested size: 134.86743pt x 73.72931pt.
 [353]
<figures/gradflow-mmd-particle-count/n-010.pdf, id=9077, 142.28156pt x 103.1441
pt>
File: figures/gradflow-mmd-particle-count/n-010.pdf Graphic file (type pdf)
<use figures/gradflow-mmd-particle-count/n-010.pdf>
Package pdftex.def Info: figures/gradflow-mmd-particle-count/n-010.pdf  used on
 input line 523.
(pdftex.def)             Requested size: 134.86743pt x 97.77856pt.
<figures/gradflow-mmd-particle-count/n-050.pdf, id=9078, 142.28156pt x 103.1441
pt>
File: figures/gradflow-mmd-particle-count/n-050.pdf Graphic file (type pdf)
<use figures/gradflow-mmd-particle-count/n-050.pdf>
Package pdftex.def Info: figures/gradflow-mmd-particle-count/n-050.pdf  used on
 input line 524.
(pdftex.def)             Requested size: 134.86743pt x 97.77856pt.
<figures/gradflow-mmd-particle-count/n-300.pdf, id=9079, 142.28156pt x 103.1441
pt>
File: figures/gradflow-mmd-particle-count/n-300.pdf Graphic file (type pdf)
<use figures/gradflow-mmd-particle-count/n-300.pdf>
Package pdftex.def Info: figures/gradflow-mmd-particle-count/n-300.pdf  used on
 input line 525.
(pdftex.def)             Requested size: 134.86743pt x 97.77856pt.

[354 <./figures/gradflow-heat-versus-porous-medium/heat.pdf> <./figures/gradflo
w-heat-versus-porous-medium/porous-medium.pdf> <./figures/gradflow-heat-versus-
porous-medium/porous-medium-m6.pdf> <./figures/gradflow-mmd-particle-count/n-01
0.pdf> <./figures/gradflow-mmd-particle-count/n-050.pdf> <./figures/gradflow-mm
d-particle-count/n-300.pdf>]
<figures/gradflow-discrepancy-density-comparison/energy-distance.pdf, id=9133, 
149.34595pt x 100.54202pt>
File: figures/gradflow-discrepancy-density-comparison/energy-distance.pdf Graph
ic file (type pdf)
<use figures/gradflow-discrepancy-density-comparison/energy-distance.pdf>
Package pdftex.def Info: figures/gradflow-discrepancy-density-comparison/energy
-distance.pdf  used on input line 542.
(pdftex.def)             Requested size: 134.86743pt x 90.79533pt.
<figures/gradflow-discrepancy-density-comparison/w2.pdf, id=9134, 149.34595pt x
 100.54202pt>
File: figures/gradflow-discrepancy-density-comparison/w2.pdf Graphic file (type
 pdf)
<use figures/gradflow-discrepancy-density-comparison/w2.pdf>
Package pdftex.def Info: figures/gradflow-discrepancy-density-comparison/w2.pdf
  used on input line 543.
(pdftex.def)             Requested size: 134.86743pt x 90.79533pt.
<figures/gradflow-discrepancy-density-comparison/kl.pdf, id=9135, 149.34595pt x
 100.54202pt>
File: figures/gradflow-discrepancy-density-comparison/kl.pdf Graphic file (type
 pdf)
<use figures/gradflow-discrepancy-density-comparison/kl.pdf>
Package pdftex.def Info: figures/gradflow-discrepancy-density-comparison/kl.pdf
  used on input line 544.
(pdftex.def)             Requested size: 134.86743pt x 90.79533pt.
<figures/gradflow-interaction-particles/repulsive.pdf, id=9137, 117.88916pt x 1
14.85149pt>
File: figures/gradflow-interaction-particles/repulsive.pdf Graphic file (type p
df)
<use figures/gradflow-interaction-particles/repulsive.pdf>
Package pdftex.def Info: figures/gradflow-interaction-particles/repulsive.pdf  
used on input line 560.
(pdftex.def)             Requested size: 134.86743pt x 131.40697pt.
<figures/gradflow-interaction-particles/attractive.pdf, id=9138, 117.88916pt x 
114.85149pt>
File: figures/gradflow-interaction-particles/attractive.pdf Graphic file (type 
pdf)
<use figures/gradflow-interaction-particles/attractive.pdf>
Package pdftex.def Info: figures/gradflow-interaction-particles/attractive.pdf 
 used on input line 561.
(pdftex.def)             Requested size: 134.86743pt x 131.40697pt.
<figures/gradflow-interaction-particles/attraction-repulsion.pdf, id=9139, 117.
88916pt x 114.85149pt>
File: figures/gradflow-interaction-particles/attraction-repulsion.pdf Graphic f
ile (type pdf)
<use figures/gradflow-interaction-particles/attraction-repulsion.pdf>
Package pdftex.def Info: figures/gradflow-interaction-particles/attraction-repu
lsion.pdf  used on input line 562.
(pdftex.def)             Requested size: 134.86743pt x 131.40697pt.
<figures/gradflow-particle-objective-geometries/ot-rays.pdf, id=9142, 136.77097
pt x 86.5327pt>
File: figures/gradflow-particle-objective-geometries/ot-rays.pdf Graphic file (
type pdf)
<use figures/gradflow-particle-objective-geometries/ot-rays.pdf>
Package pdftex.def Info: figures/gradflow-particle-objective-geometries/ot-rays
.pdf  used on input line 576.
(pdftex.def)             Requested size: 101.15228pt x 63.99884pt.
<figures/gradflow-particle-objective-geometries/mmd-force.pdf, id=9143, 136.770
97pt x 86.5327pt>
File: figures/gradflow-particle-objective-geometries/mmd-force.pdf Graphic file
 (type pdf)
<use figures/gradflow-particle-objective-geometries/mmd-force.pdf>
Package pdftex.def Info: figures/gradflow-particle-objective-geometries/mmd-for
ce.pdf  used on input line 577.
(pdftex.def)             Requested size: 101.15228pt x 63.99884pt.
<figures/gradflow-particle-objective-geometries/sinkhorn-divergence.pdf, id=914
4, 136.77097pt x 86.5327pt>
File: figures/gradflow-particle-objective-geometries/sinkhorn-divergence.pdf Gr
aphic file (type pdf)
<use figures/gradflow-particle-objective-geometries/sinkhorn-divergence.pdf>
Package pdftex.def Info: figures/gradflow-particle-objective-geometries/sinkhor
n-divergence.pdf  used on input line 578.
(pdftex.def)             Requested size: 101.15228pt x 63.99884pt.
<figures/gradflow-particle-objective-geometries/drifting-field.pdf, id=9145, 13
6.77097pt x 86.5327pt>
File: figures/gradflow-particle-objective-geometries/drifting-field.pdf Graphic
 file (type pdf)
<use figures/gradflow-particle-objective-geometries/drifting-field.pdf>
Package pdftex.def Info: figures/gradflow-particle-objective-geometries/driftin
g-field.pdf  used on input line 580.
(pdftex.def)             Requested size: 101.15228pt x 63.99884pt.
 [355 <./figures/gradflow-discrepancy-density-comparison/energy-distance.pdf> <
./figures/gradflow-discrepancy-density-comparison/w2.pdf> <./figures/gradflow-d
iscrepancy-density-comparison/kl.pdf> <./figures/gradflow-interaction-particles
/repulsive.pdf> <./figures/gradflow-interaction-particles/attractive.pdf> <./fi
gures/gradflow-interaction-particles/attraction-repulsion.pdf>]
<figures/gradflow-fokker-planck-three-representations/langevin-particles.pdf, i
d=9167, 412.48103pt x 59.5816pt>
File: figures/gradflow-fokker-planck-three-representations/langevin-particles.p
df Graphic file (type pdf)
<use figures/gradflow-fokker-planck-three-representations/langevin-particles.pd
f>
Package pdftex.def Info: figures/gradflow-fokker-planck-three-representations/l
angevin-particles.pdf  used on input line 659.
(pdftex.def)             Requested size: 386.61633pt x 55.8467pt.
<figures/gradflow-fokker-planck-three-representations/kde-particles.pdf, id=916
8, 412.48103pt x 59.5816pt>
File: figures/gradflow-fokker-planck-three-representations/kde-particles.pdf Gr
aphic file (type pdf)
<use figures/gradflow-fokker-planck-three-representations/kde-particles.pdf>
Package pdftex.def Info: figures/gradflow-fokker-planck-three-representations/k
de-particles.pdf  used on input line 661.
(pdftex.def)             Requested size: 386.61633pt x 55.8467pt.
<figures/gradflow-fokker-planck-three-representations/grid-pde.pdf, id=9169, 41
2.48103pt x 59.5816pt>
File: figures/gradflow-fokker-planck-three-representations/grid-pde.pdf Graphic
 file (type pdf)
<use figures/gradflow-fokker-planck-three-representations/grid-pde.pdf>
Package pdftex.def Info: figures/gradflow-fokker-planck-three-representations/g
rid-pde.pdf  used on input line 663.
(pdftex.def)             Requested size: 386.61633pt x 55.8467pt.
 [356 <./figures/gradflow-particle-objective-geometries/ot-rays.pdf> <./figures
/gradflow-particle-objective-geometries/mmd-force.pdf> <./figures/gradflow-part
icle-objective-geometries/sinkhorn-divergence.pdf> <./figures/gradflow-particle
-objective-geometries/drifting-field.pdf>]
<figures/gradflow-density-constrained-flow/kappa-small.pdf, id=9203, 134.51253p
t x 122.53378pt>
File: figures/gradflow-density-constrained-flow/kappa-small.pdf Graphic file (t
ype pdf)
<use figures/gradflow-density-constrained-flow/kappa-small.pdf>
Package pdftex.def Info: figures/gradflow-density-constrained-flow/kappa-small.
pdf  used on input line 721.
(pdftex.def)             Requested size: 134.86743pt x 122.86815pt.
<figures/gradflow-density-constrained-flow/kappa-medium.pdf, id=9204, 134.51253
pt x 122.53378pt>
File: figures/gradflow-density-constrained-flow/kappa-medium.pdf Graphic file (
type pdf)
<use figures/gradflow-density-constrained-flow/kappa-medium.pdf>
Package pdftex.def Info: figures/gradflow-density-constrained-flow/kappa-medium
.pdf  used on input line 722.
(pdftex.def)             Requested size: 134.86743pt x 122.86815pt.
<figures/gradflow-density-constrained-flow/unconstrained.pdf, id=9205, 134.5125
3pt x 122.53378pt>
File: figures/gradflow-density-constrained-flow/unconstrained.pdf Graphic file 
(type pdf)
<use figures/gradflow-density-constrained-flow/unconstrained.pdf>
Package pdftex.def Info: figures/gradflow-density-constrained-flow/unconstraine
d.pdf  used on input line 723.
(pdftex.def)             Requested size: 134.86743pt x 122.86815pt.

Underfull \vbox (badness 10000) has occurred while \output is active []

 [357 <./figures/gradflow-fokker-planck-three-representations/langevin-particle
s.pdf> <./figures/gradflow-fokker-planck-three-representations/kde-particles.pd
f> <./figures/gradflow-fokker-planck-three-representations/grid-pde.pdf>] [358 
<./figures/gradflow-density-constrained-flow/kappa-small.pdf> <./figures/gradfl
ow-density-constrained-flow/kappa-medium.pdf> <./figures/gradflow-density-const
rained-flow/unconstrained.pdf>]
<figures/gradflow-multispecies-entropy-flow/two-species.pdf, id=9328, 136.04283
pt x 121.0884pt>
File: figures/gradflow-multispecies-entropy-flow/two-species.pdf Graphic file (
type pdf)
<use figures/gradflow-multispecies-entropy-flow/two-species.pdf>
Package pdftex.def Info: figures/gradflow-multispecies-entropy-flow/two-species
.pdf  used on input line 803.
(pdftex.def)             Requested size: 134.86743pt x 120.05154pt.
<figures/gradflow-multispecies-entropy-flow/three-species.pdf, id=9329, 136.042
83pt x 121.0884pt>
File: figures/gradflow-multispecies-entropy-flow/three-species.pdf Graphic file
 (type pdf)
<use figures/gradflow-multispecies-entropy-flow/three-species.pdf>
Package pdftex.def Info: figures/gradflow-multispecies-entropy-flow/three-speci
es.pdf  used on input line 804.
(pdftex.def)             Requested size: 134.86743pt x 120.05154pt.
<figures/gradflow-multispecies-entropy-flow/five-species.pdf, id=9330, 136.0428
3pt x 121.0884pt>
File: figures/gradflow-multispecies-entropy-flow/five-species.pdf Graphic file 
(type pdf)
<use figures/gradflow-multispecies-entropy-flow/five-species.pdf>
Package pdftex.def Info: figures/gradflow-multispecies-entropy-flow/five-specie
s.pdf  used on input line 805.
(pdftex.def)             Requested size: 134.86743pt x 120.05154pt.
Package mdframed Info: mdframed works in twoside mode on input line 838.
Package mdframed Info: mdframed detected package amsthm 
 changed the theorem header of amsthm
(mdframed)              on input line 838.
 [359 <./figures/gradflow-multispecies-entropy-flow/two-species.pdf> <./figures
/gradflow-multispecies-entropy-flow/three-species.pdf> <./figures/gradflow-mult
ispecies-entropy-flow/five-species.pdf>] [360] [361]
[362] [363]
Underfull \vbox (badness 10000) has occurred while \output is active []

 [364]
[365]
Package mdframed Info: mdframed works in twoside mode on input line 1403.
Package mdframed Info: mdframed detected package amsthm 
 changed the theorem header of amsthm
(mdframed)              on input line 1403.
Package mdframed Info: Box was splittet wrong
 starting loop to iterate the splitting point
(mdframed)              on input line 1418.
 [366] [367] [368]
Package mdframed Info: mdframed works in twoside mode on input line 1576.
Package mdframed Info: mdframed detected package amsthm 
 changed the theorem header of amsthm
(mdframed)              on input line 1576.
Package mdframed Info: Not enough space on this page on input line 1595.
 [369] [370] [371]
<figures/gradflow-brunn-minkowski-ot/ellipse-t000.pdf, id=9564, 98.21494pt x 98
.21494pt>
File: figures/gradflow-brunn-minkowski-ot/ellipse-t000.pdf Graphic file (type p
df)
<use figures/gradflow-brunn-minkowski-ot/ellipse-t000.pdf>
Package pdftex.def Info: figures/gradflow-brunn-minkowski-ot/ellipse-t000.pdf  
used on input line 1832.
(pdftex.def)             Requested size: 53.04561pt x 53.04726pt.
<figures/gradflow-brunn-minkowski-ot/ellipse-t025.pdf, id=9565, 98.21494pt x 98
.21494pt>
File: figures/gradflow-brunn-minkowski-ot/ellipse-t025.pdf Graphic file (type p
df)
<use figures/gradflow-brunn-minkowski-ot/ellipse-t025.pdf>
Package pdftex.def Info: figures/gradflow-brunn-minkowski-ot/ellipse-t025.pdf  
used on input line 1833.
(pdftex.def)             Requested size: 53.04561pt x 53.04726pt.
<figures/gradflow-brunn-minkowski-ot/ellipse-t050.pdf, id=9566, 98.21494pt x 98
.21494pt>
File: figures/gradflow-brunn-minkowski-ot/ellipse-t050.pdf Graphic file (type p
df)
<use figures/gradflow-brunn-minkowski-ot/ellipse-t050.pdf>
Package pdftex.def Info: figures/gradflow-brunn-minkowski-ot/ellipse-t050.pdf  
used on input line 1834.
(pdftex.def)             Requested size: 53.04561pt x 53.04726pt.
<figures/gradflow-brunn-minkowski-ot/ellipse-t075.pdf, id=9567, 98.21494pt x 98
.21494pt>
File: figures/gradflow-brunn-minkowski-ot/ellipse-t075.pdf Graphic file (type p
df)
<use figures/gradflow-brunn-minkowski-ot/ellipse-t075.pdf>
Package pdftex.def Info: figures/gradflow-brunn-minkowski-ot/ellipse-t075.pdf  
used on input line 1835.
(pdftex.def)             Requested size: 53.04561pt x 53.04726pt.
<figures/gradflow-brunn-minkowski-ot/ellipse-t100.pdf, id=9568, 98.21494pt x 98
.21494pt>
File: figures/gradflow-brunn-minkowski-ot/ellipse-t100.pdf Graphic file (type p
df)
<use figures/gradflow-brunn-minkowski-ot/ellipse-t100.pdf>
Package pdftex.def Info: figures/gradflow-brunn-minkowski-ot/ellipse-t100.pdf  
used on input line 1836.
(pdftex.def)             Requested size: 53.04561pt x 53.04726pt.
<figures/gradflow-brunn-minkowski-ot/area-concavity.pdf, id=9569, 193.89978pt x
 122.33823pt>
File: figures/gradflow-brunn-minkowski-ot/area-concavity.pdf Graphic file (type
 pdf)
<use figures/gradflow-brunn-minkowski-ot/area-concavity.pdf>
Package pdftex.def Info: figures/gradflow-brunn-minkowski-ot/area-concavity.pdf
  used on input line 1837.
(pdftex.def)             Requested size: 119.13141pt x 75.16382pt.
Package mdframed Info: mdframed works in twoside mode on input line 1896.
Package mdframed Info: mdframed detected package amsthm 
 changed the theorem header of amsthm
(mdframed)              on input line 1896.
 [372 <./figures/gradflow-brunn-minkowski-ot/ellipse-t000.pdf> <./figures/gradf
low-brunn-minkowski-ot/ellipse-t025.pdf> <./figures/gradflow-brunn-minkowski-ot
/ellipse-t050.pdf> <./figures/gradflow-brunn-minkowski-ot/ellipse-t075.pdf> <./
figures/gradflow-brunn-minkowski-ot/ellipse-t100.pdf> <./figures/gradflow-brunn
-minkowski-ot/area-concavity.pdf>]
[373] [374] [375] [376] [377]
<figures/gradflow-hwi-entropy-decay/ou-densities.pdf, id=9695, 180.60605pt x 12
5.67711pt>
File: figures/gradflow-hwi-entropy-decay/ou-densities.pdf Graphic file (type pd
f)
<use figures/gradflow-hwi-entropy-decay/ou-densities.pdf>
Package pdftex.def Info: figures/gradflow-hwi-entropy-decay/ou-densities.pdf  u
sed on input line 2383.
(pdftex.def)             Requested size: 139.3605pt x 96.98068pt.
<figures/gradflow-hwi-entropy-decay/static-bounds.pdf, id=9696, 199.80772pt x 1
25.67711pt>
File: figures/gradflow-hwi-entropy-decay/static-bounds.pdf Graphic file (type p
df)
<use figures/gradflow-hwi-entropy-decay/static-bounds.pdf>
Package pdftex.def Info: figures/gradflow-hwi-entropy-decay/static-bounds.pdf  
used on input line 2384.
(pdftex.def)             Requested size: 152.84656pt x 96.14265pt.
<figures/gradflow-hwi-entropy-decay/entropy-decay.pdf, id=9697, 180.76459pt x 1
25.67711pt>
File: figures/gradflow-hwi-entropy-decay/entropy-decay.pdf Graphic file (type p
df)
<use figures/gradflow-hwi-entropy-decay/entropy-decay.pdf>
Package pdftex.def Info: figures/gradflow-hwi-entropy-decay/entropy-decay.pdf  
used on input line 2385.
(pdftex.def)             Requested size: 125.87444pt x 87.51695pt.
 [378 <./figures/gradflow-hwi-entropy-decay/ou-densities.pdf> <./figures/gradfl
ow-hwi-entropy-decay/static-bounds.pdf> <./figures/gradflow-hwi-entropy-decay/e
ntropy-decay.pdf>]
<figures/gradflow-mlp-homogeneous-relu/neuron-trajectories.pdf, id=9778, 126.76
158pt x 126.76158pt>
File: figures/gradflow-mlp-homogeneous-relu/neuron-trajectories.pdf Graphic fil
e (type pdf)
<use figures/gradflow-mlp-homogeneous-relu/neuron-trajectories.pdf>
Package pdftex.def Info: figures/gradflow-mlp-homogeneous-relu/neuron-trajector
ies.pdf  used on input line 2493.
(pdftex.def)             Requested size: 152.84656pt x 152.85973pt.
<figures/gradflow-mlp-homogeneous-relu/direction-histogram.pdf, id=9779, 146.62
38pt x 106.51637pt>
File: figures/gradflow-mlp-homogeneous-relu/direction-histogram.pdf Graphic fil
e (type pdf)
<use figures/gradflow-mlp-homogeneous-relu/direction-histogram.pdf>
Package pdftex.def Info: figures/gradflow-mlp-homogeneous-relu/direction-histog
ram.pdf  used on input line 2494.
(pdftex.def)             Requested size: 152.84656pt x 111.04744pt.
 [379] [380 <./figures/gradflow-mlp-homogeneous-relu/neuron-trajectories.pdf> <
./figures/gradflow-mlp-homogeneous-relu/direction-histogram.pdf>] [381]
Package mdframed Info: mdframed works in twoside mode on input line 2651.
Package mdframed Info: mdframed detected package amsthm 
 changed the theorem header of amsthm
(mdframed)              on input line 2651.
Package mdframed Info: mdframed works in twoside mode on input line 2684.
Package mdframed Info: mdframed detected package amsthm 
 changed the theorem header of amsthm
(mdframed)              on input line 2684.
Package mdframed Info: Not enough space on this page on input line 2699.
 [382]
Package mdframed Info: Not enough space on this page on input line 2699.
 [383] [384] [385] [386]
<figures/gradflow-mlp-w2-vs-muon/trajectories-w2.pdf, id=9923, 124.92592pt x 12
4.92592pt>
File: figures/gradflow-mlp-w2-vs-muon/trajectories-w2.pdf Graphic file (type pd
f)
<use figures/gradflow-mlp-w2-vs-muon/trajectories-w2.pdf>
Package pdftex.def Info: figures/gradflow-mlp-w2-vs-muon/trajectories-w2.pdf  u
sed on input line 2994.
(pdftex.def)             Requested size: 128.1244pt x 128.12805pt.
<figures/gradflow-mlp-w2-vs-muon/trajectories-muon.pdf, id=9924, 124.92592pt x 
124.92592pt>
File: figures/gradflow-mlp-w2-vs-muon/trajectories-muon.pdf Graphic file (type 
pdf)
<use figures/gradflow-mlp-w2-vs-muon/trajectories-muon.pdf>
Package pdftex.def Info: figures/gradflow-mlp-w2-vs-muon/trajectories-muon.pdf 
 used on input line 2995.
(pdftex.def)             Requested size: 128.1244pt x 128.12805pt.
<figures/gradflow-mlp-w2-vs-muon/risk-comparison.pdf, id=9925, 197.33449pt x 14
1.54196pt>
File: figures/gradflow-mlp-w2-vs-muon/risk-comparison.pdf Graphic file (type pd
f)
<use figures/gradflow-mlp-w2-vs-muon/risk-comparison.pdf>
Package pdftex.def Info: figures/gradflow-mlp-w2-vs-muon/risk-comparison.pdf  u
sed on input line 2996.
(pdftex.def)             Requested size: 155.09651pt x 111.2489pt.
 [387 <./figures/gradflow-mlp-w2-vs-muon/trajectories-w2.pdf> <./figures/gradfl
ow-mlp-w2-vs-muon/trajectories-muon.pdf> <./figures/gradflow-mlp-w2-vs-muon/ris
k-comparison.pdf>]
<figures/gradflow-fractional-laplacian-diffusion/classical.pdf, id=9974, 175.88
712pt x 106.51637pt>
File: figures/gradflow-fractional-laplacian-diffusion/classical.pdf Graphic fil
e (type pdf)
<use figures/gradflow-fractional-laplacian-diffusion/classical.pdf>
Package pdftex.def Info: figures/gradflow-fractional-laplacian-diffusion/classi
cal.pdf  used on input line 3105.
(pdftex.def)             Requested size: 134.86743pt x 81.67978pt.
<figures/gradflow-fractional-laplacian-diffusion/nonlocal-medium.pdf, id=9975, 
175.88712pt x 106.51637pt>
File: figures/gradflow-fractional-laplacian-diffusion/nonlocal-medium.pdf Graph
ic file (type pdf)
<use figures/gradflow-fractional-laplacian-diffusion/nonlocal-medium.pdf>
Package pdftex.def Info: figures/gradflow-fractional-laplacian-diffusion/nonloc
al-medium.pdf  used on input line 3106.
(pdftex.def)             Requested size: 134.86743pt x 81.67978pt.
<figures/gradflow-fractional-laplacian-diffusion/nonlocal-strong.pdf, id=9976, 
175.88712pt x 106.51637pt>
File: figures/gradflow-fractional-laplacian-diffusion/nonlocal-strong.pdf Graph
ic file (type pdf)
<use figures/gradflow-fractional-laplacian-diffusion/nonlocal-strong.pdf>
Package pdftex.def Info: figures/gradflow-fractional-laplacian-diffusion/nonloc
al-strong.pdf  used on input line 3107.
(pdftex.def)             Requested size: 134.86743pt x 81.67978pt.
 [388 <./figures/gradflow-fractional-laplacian-diffusion/classical.pdf> <./figu
res/gradflow-fractional-laplacian-diffusion/nonlocal-medium.pdf> <./figures/gra
dflow-fractional-laplacian-diffusion/nonlocal-strong.pdf>] [389]
Package mdframed Info: mdframed works in twoside mode on input line 3216.
Package mdframed Info: mdframed detected package amsthm 
 changed the theorem header of amsthm
(mdframed)              on input line 3216.

[390]
<figures/gradflow-wfr-unbalanced-flow/balanced.pdf, id=10061, 231.9867pt x 155.
38051pt>
File: figures/gradflow-wfr-unbalanced-flow/balanced.pdf Graphic file (type pdf)

<use figures/gradflow-wfr-unbalanced-flow/balanced.pdf>
Package pdftex.def Info: figures/gradflow-wfr-unbalanced-flow/balanced.pdf  use
d on input line 3321.
(pdftex.def)             Requested size: 206.79765pt x 138.5087pt.
<figures/gradflow-wfr-unbalanced-flow/unbalanced.pdf, id=10062, 231.9867pt x 15
5.38051pt>
File: figures/gradflow-wfr-unbalanced-flow/unbalanced.pdf Graphic file (type pd
f)
<use figures/gradflow-wfr-unbalanced-flow/unbalanced.pdf>
Package pdftex.def Info: figures/gradflow-wfr-unbalanced-flow/unbalanced.pdf  u
sed on input line 3322.
(pdftex.def)             Requested size: 206.79765pt x 138.5087pt.
 [391 <./figures/gradflow-wfr-unbalanced-flow/balanced.pdf> <./figures/gradflow
-wfr-unbalanced-flow/unbalanced.pdf>] [392] [393] [394] [395]
<figures/gradflow-second-order-momentum-mmd/first-trajectories.pdf, id=10172, 9
8.86536pt x 98.86536pt>
File: figures/gradflow-second-order-momentum-mmd/first-trajectories.pdf Graphic
 file (type pdf)
<use figures/gradflow-second-order-momentum-mmd/first-trajectories.pdf>
Package pdftex.def Info: figures/gradflow-second-order-momentum-mmd/first-traje
ctories.pdf  used on input line 3766.
(pdftex.def)             Requested size: 57.54558pt x 57.54553pt.
<figures/gradflow-second-order-momentum-mmd/first-density-t000.pdf, id=10173, 9
8.86536pt x 98.86536pt>
File: figures/gradflow-second-order-momentum-mmd/first-density-t000.pdf Graphic
 file (type pdf)
<use figures/gradflow-second-order-momentum-mmd/first-density-t000.pdf>
Package pdftex.def Info: figures/gradflow-second-order-momentum-mmd/first-densi
ty-t000.pdf  used on input line 3768.
(pdftex.def)             Requested size: 57.54558pt x 57.54553pt.
<figures/gradflow-second-order-momentum-mmd/first-density-t005.pdf, id=10174, 9
8.86536pt x 98.86536pt>
File: figures/gradflow-second-order-momentum-mmd/first-density-t005.pdf Graphic
 file (type pdf)
<use figures/gradflow-second-order-momentum-mmd/first-density-t005.pdf>
Package pdftex.def Info: figures/gradflow-second-order-momentum-mmd/first-densi
ty-t005.pdf  used on input line 3770.
(pdftex.def)             Requested size: 57.54558pt x 57.54553pt.
<figures/gradflow-second-order-momentum-mmd/first-density-t014.pdf, id=10175, 9
8.86536pt x 98.86536pt>
File: figures/gradflow-second-order-momentum-mmd/first-density-t014.pdf Graphic
 file (type pdf)
<use figures/gradflow-second-order-momentum-mmd/first-density-t014.pdf>
Package pdftex.def Info: figures/gradflow-second-order-momentum-mmd/first-densi
ty-t014.pdf  used on input line 3772.
(pdftex.def)             Requested size: 57.54558pt x 57.54553pt.
<figures/gradflow-second-order-momentum-mmd/first-density-t036.pdf, id=10176, 9
8.86536pt x 98.86536pt>
File: figures/gradflow-second-order-momentum-mmd/first-density-t036.pdf Graphic
 file (type pdf)
<use figures/gradflow-second-order-momentum-mmd/first-density-t036.pdf>
Package pdftex.def Info: figures/gradflow-second-order-momentum-mmd/first-densi
ty-t036.pdf  used on input line 3774.
(pdftex.def)             Requested size: 57.54558pt x 57.54553pt.
<figures/gradflow-second-order-momentum-mmd/first-density-t100.pdf, id=10177, 9
8.86536pt x 98.86536pt>
File: figures/gradflow-second-order-momentum-mmd/first-density-t100.pdf Graphic
 file (type pdf)
<use figures/gradflow-second-order-momentum-mmd/first-density-t100.pdf>
Package pdftex.def Info: figures/gradflow-second-order-momentum-mmd/first-densi
ty-t100.pdf  used on input line 3776.
(pdftex.def)             Requested size: 57.54558pt x 57.54553pt.
<figures/gradflow-second-order-momentum-mmd/newton-trajectories.pdf, id=10178, 
98.86536pt x 98.86536pt>
File: figures/gradflow-second-order-momentum-mmd/newton-trajectories.pdf Graphi
c file (type pdf)
<use figures/gradflow-second-order-momentum-mmd/newton-trajectories.pdf>
Package pdftex.def Info: figures/gradflow-second-order-momentum-mmd/newton-traj
ectories.pdf  used on input line 3779.
(pdftex.def)             Requested size: 57.54558pt x 57.54553pt.
<figures/gradflow-second-order-momentum-mmd/newton-density-t000.pdf, id=10179, 
98.86536pt x 98.86536pt>
File: figures/gradflow-second-order-momentum-mmd/newton-density-t000.pdf Graphi
c file (type pdf)
<use figures/gradflow-second-order-momentum-mmd/newton-density-t000.pdf>
Package pdftex.def Info: figures/gradflow-second-order-momentum-mmd/newton-dens
ity-t000.pdf  used on input line 3781.
(pdftex.def)             Requested size: 57.54558pt x 57.54553pt.
<figures/gradflow-second-order-momentum-mmd/newton-density-t005.pdf, id=10180, 
98.86536pt x 98.86536pt>
File: figures/gradflow-second-order-momentum-mmd/newton-density-t005.pdf Graphi
c file (type pdf)
<use figures/gradflow-second-order-momentum-mmd/newton-density-t005.pdf>
Package pdftex.def Info: figures/gradflow-second-order-momentum-mmd/newton-dens
ity-t005.pdf  used on input line 3783.
(pdftex.def)             Requested size: 57.54558pt x 57.54553pt.
<figures/gradflow-second-order-momentum-mmd/newton-density-t014.pdf, id=10181, 
98.86536pt x 98.86536pt>
File: figures/gradflow-second-order-momentum-mmd/newton-density-t014.pdf Graphi
c file (type pdf)
<use figures/gradflow-second-order-momentum-mmd/newton-density-t014.pdf>
Package pdftex.def Info: figures/gradflow-second-order-momentum-mmd/newton-dens
ity-t014.pdf  used on input line 3785.
(pdftex.def)             Requested size: 57.54558pt x 57.54553pt.
<figures/gradflow-second-order-momentum-mmd/newton-density-t036.pdf, id=10182, 
98.86536pt x 98.86536pt>
File: figures/gradflow-second-order-momentum-mmd/newton-density-t036.pdf Graphi
c file (type pdf)
<use figures/gradflow-second-order-momentum-mmd/newton-density-t036.pdf>
Package pdftex.def Info: figures/gradflow-second-order-momentum-mmd/newton-dens
ity-t036.pdf  used on input line 3787.
(pdftex.def)             Requested size: 57.54558pt x 57.54553pt.
<figures/gradflow-second-order-momentum-mmd/newton-density-t100.pdf, id=10183, 
98.86536pt x 98.86536pt>
File: figures/gradflow-second-order-momentum-mmd/newton-density-t100.pdf Graphi
c file (type pdf)
<use figures/gradflow-second-order-momentum-mmd/newton-density-t100.pdf>
Package pdftex.def Info: figures/gradflow-second-order-momentum-mmd/newton-dens
ity-t100.pdf  used on input line 3789.
(pdftex.def)             Requested size: 57.54558pt x 57.54553pt.
 [396]
<figures/gradflow-second-order-momentum-entropy/gf-spatial-t00.pdf, id=10197, 8
8.98244pt x 58.92896pt>
File: figures/gradflow-second-order-momentum-entropy/gf-spatial-t00.pdf Graphic
 file (type pdf)
<use figures/gradflow-second-order-momentum-entropy/gf-spatial-t00.pdf>
Package pdftex.def Info: figures/gradflow-second-order-momentum-entropy/gf-spat
ial-t00.pdf  used on input line 3858.
(pdftex.def)             Requested size: 59.7374pt x 39.55956pt.
<figures/gradflow-second-order-momentum-entropy/gf-spatial-t01.pdf, id=10198, 8
8.98244pt x 58.92896pt>
File: figures/gradflow-second-order-momentum-entropy/gf-spatial-t01.pdf Graphic
 file (type pdf)
<use figures/gradflow-second-order-momentum-entropy/gf-spatial-t01.pdf>
Package pdftex.def Info: figures/gradflow-second-order-momentum-entropy/gf-spat
ial-t01.pdf  used on input line 3859.
(pdftex.def)             Requested size: 59.7374pt x 39.55956pt.
<figures/gradflow-second-order-momentum-entropy/gf-spatial-t02.pdf, id=10199, 8
8.98244pt x 58.92896pt>
File: figures/gradflow-second-order-momentum-entropy/gf-spatial-t02.pdf Graphic
 file (type pdf)
<use figures/gradflow-second-order-momentum-entropy/gf-spatial-t02.pdf>
Package pdftex.def Info: figures/gradflow-second-order-momentum-entropy/gf-spat
ial-t02.pdf  used on input line 3860.
(pdftex.def)             Requested size: 59.7374pt x 39.55956pt.
<figures/gradflow-second-order-momentum-entropy/gf-spatial-t03.pdf, id=10200, 8
8.98244pt x 58.92896pt>
File: figures/gradflow-second-order-momentum-entropy/gf-spatial-t03.pdf Graphic
 file (type pdf)
<use figures/gradflow-second-order-momentum-entropy/gf-spatial-t03.pdf>
Package pdftex.def Info: figures/gradflow-second-order-momentum-entropy/gf-spat
ial-t03.pdf  used on input line 3861.
(pdftex.def)             Requested size: 59.7374pt x 39.55956pt.
<figures/gradflow-second-order-momentum-entropy/gf-spatial-t04.pdf, id=10201, 8
8.98244pt x 58.92896pt>
File: figures/gradflow-second-order-momentum-entropy/gf-spatial-t04.pdf Graphic
 file (type pdf)
<use figures/gradflow-second-order-momentum-entropy/gf-spatial-t04.pdf>
Package pdftex.def Info: figures/gradflow-second-order-momentum-entropy/gf-spat
ial-t04.pdf  used on input line 3862.
(pdftex.def)             Requested size: 59.7374pt x 39.55956pt.
<figures/gradflow-second-order-momentum-entropy/gf-spatial-t05.pdf, id=10202, 8
8.98244pt x 58.92896pt>
File: figures/gradflow-second-order-momentum-entropy/gf-spatial-t05.pdf Graphic
 file (type pdf)
<use figures/gradflow-second-order-momentum-entropy/gf-spatial-t05.pdf>
Package pdftex.def Info: figures/gradflow-second-order-momentum-entropy/gf-spat
ial-t05.pdf  used on input line 3863.
(pdftex.def)             Requested size: 59.7374pt x 39.55956pt.
<figures/gradflow-second-order-momentum-entropy/newton-spatial-t00.pdf, id=1020
3, 88.98244pt x 58.92896pt>
File: figures/gradflow-second-order-momentum-entropy/newton-spatial-t00.pdf Gra
phic file (type pdf)
<use figures/gradflow-second-order-momentum-entropy/newton-spatial-t00.pdf>
Package pdftex.def Info: figures/gradflow-second-order-momentum-entropy/newton-
spatial-t00.pdf  used on input line 3865.
(pdftex.def)             Requested size: 59.7374pt x 39.55956pt.
<figures/gradflow-second-order-momentum-entropy/newton-spatial-t01.pdf, id=1020
4, 88.98244pt x 58.92896pt>
File: figures/gradflow-second-order-momentum-entropy/newton-spatial-t01.pdf Gra
phic file (type pdf)
<use figures/gradflow-second-order-momentum-entropy/newton-spatial-t01.pdf>
Package pdftex.def Info: figures/gradflow-second-order-momentum-entropy/newton-
spatial-t01.pdf  used on input line 3866.
(pdftex.def)             Requested size: 59.7374pt x 39.55956pt.
<figures/gradflow-second-order-momentum-entropy/newton-spatial-t02.pdf, id=1020
5, 88.98244pt x 58.92896pt>
File: figures/gradflow-second-order-momentum-entropy/newton-spatial-t02.pdf Gra
phic file (type pdf)
<use figures/gradflow-second-order-momentum-entropy/newton-spatial-t02.pdf>
Package pdftex.def Info: figures/gradflow-second-order-momentum-entropy/newton-
spatial-t02.pdf  used on input line 3867.
(pdftex.def)             Requested size: 59.7374pt x 39.55956pt.
<figures/gradflow-second-order-momentum-entropy/newton-spatial-t03.pdf, id=1020
6, 88.98244pt x 58.92896pt>
File: figures/gradflow-second-order-momentum-entropy/newton-spatial-t03.pdf Gra
phic file (type pdf)
<use figures/gradflow-second-order-momentum-entropy/newton-spatial-t03.pdf>
Package pdftex.def Info: figures/gradflow-second-order-momentum-entropy/newton-
spatial-t03.pdf  used on input line 3868.
(pdftex.def)             Requested size: 59.7374pt x 39.55956pt.
<figures/gradflow-second-order-momentum-entropy/newton-spatial-t04.pdf, id=1020
7, 88.98244pt x 58.92896pt>
File: figures/gradflow-second-order-momentum-entropy/newton-spatial-t04.pdf Gra
phic file (type pdf)
<use figures/gradflow-second-order-momentum-entropy/newton-spatial-t04.pdf>
Package pdftex.def Info: figures/gradflow-second-order-momentum-entropy/newton-
spatial-t04.pdf  used on input line 3869.
(pdftex.def)             Requested size: 59.7374pt x 39.55956pt.
<figures/gradflow-second-order-momentum-entropy/newton-spatial-t05.pdf, id=1020
8, 88.98244pt x 58.92896pt>
File: figures/gradflow-second-order-momentum-entropy/newton-spatial-t05.pdf Gra
phic file (type pdf)
<use figures/gradflow-second-order-momentum-entropy/newton-spatial-t05.pdf>
Package pdftex.def Info: figures/gradflow-second-order-momentum-entropy/newton-
spatial-t05.pdf  used on input line 3870.
(pdftex.def)             Requested size: 59.7374pt x 39.55956pt.
<figures/gradflow-second-order-momentum-entropy/newton-phase-t00.pdf, id=10209,
 88.98244pt x 67.83263pt>
File: figures/gradflow-second-order-momentum-entropy/newton-phase-t00.pdf Graph
ic file (type pdf)
<use figures/gradflow-second-order-momentum-entropy/newton-phase-t00.pdf>
Package pdftex.def Info: figures/gradflow-second-order-momentum-entropy/newton-
phase-t00.pdf  used on input line 3872.
(pdftex.def)             Requested size: 59.56088pt x 45.40398pt.
<figures/gradflow-second-order-momentum-entropy/newton-phase-t01.pdf, id=10210,
 88.98244pt x 67.83263pt>
File: figures/gradflow-second-order-momentum-entropy/newton-phase-t01.pdf Graph
ic file (type pdf)
<use figures/gradflow-second-order-momentum-entropy/newton-phase-t01.pdf>
Package pdftex.def Info: figures/gradflow-second-order-momentum-entropy/newton-
phase-t01.pdf  used on input line 3873.
(pdftex.def)             Requested size: 59.56088pt x 45.40398pt.
<figures/gradflow-second-order-momentum-entropy/newton-phase-t02.pdf, id=10211,
 88.98244pt x 67.83263pt>
File: figures/gradflow-second-order-momentum-entropy/newton-phase-t02.pdf Graph
ic file (type pdf)
<use figures/gradflow-second-order-momentum-entropy/newton-phase-t02.pdf>
Package pdftex.def Info: figures/gradflow-second-order-momentum-entropy/newton-
phase-t02.pdf  used on input line 3874.
(pdftex.def)             Requested size: 59.56088pt x 45.40398pt.
<figures/gradflow-second-order-momentum-entropy/newton-phase-t03.pdf, id=10212,
 88.98244pt x 67.83263pt>
File: figures/gradflow-second-order-momentum-entropy/newton-phase-t03.pdf Graph
ic file (type pdf)
<use figures/gradflow-second-order-momentum-entropy/newton-phase-t03.pdf>
Package pdftex.def Info: figures/gradflow-second-order-momentum-entropy/newton-
phase-t03.pdf  used on input line 3875.
(pdftex.def)             Requested size: 59.56088pt x 45.40398pt.
<figures/gradflow-second-order-momentum-entropy/newton-phase-t04.pdf, id=10213,
 88.98244pt x 67.83263pt>
File: figures/gradflow-second-order-momentum-entropy/newton-phase-t04.pdf Graph
ic file (type pdf)
<use figures/gradflow-second-order-momentum-entropy/newton-phase-t04.pdf>
Package pdftex.def Info: figures/gradflow-second-order-momentum-entropy/newton-
phase-t04.pdf  used on input line 3876.
(pdftex.def)             Requested size: 59.56088pt x 45.40398pt.
<figures/gradflow-second-order-momentum-entropy/newton-phase-t05.pdf, id=10214,
 88.98244pt x 67.83263pt>
File: figures/gradflow-second-order-momentum-entropy/newton-phase-t05.pdf Graph
ic file (type pdf)
<use figures/gradflow-second-order-momentum-entropy/newton-phase-t05.pdf>
Package pdftex.def Info: figures/gradflow-second-order-momentum-entropy/newton-
phase-t05.pdf  used on input line 3877.
(pdftex.def)             Requested size: 59.56088pt x 45.40398pt.

[397 <./figures/gradflow-second-order-momentum-mmd/first-trajectories.pdf> <./f
igures/gradflow-second-order-momentum-mmd/first-density-t000.pdf> <./figures/gr
adflow-second-order-momentum-mmd/first-density-t005.pdf> <./figures/gradflow-se
cond-order-momentum-mmd/first-density-t014.pdf> <./figures/gradflow-second-orde
r-momentum-mmd/first-density-t036.pdf> <./figures/gradflow-second-order-momentu
m-mmd/first-density-t100.pdf> <./figures/gradflow-second-order-momentum-mmd/new
ton-trajectories.pdf> <./figures/gradflow-second-order-momentum-mmd/newton-dens
ity-t000.pdf> <./figures/gradflow-second-order-momentum-mmd/newton-density-t005
.pdf> <./figures/gradflow-second-order-momentum-mmd/newton-density-t014.pdf> <.
/figures/gradflow-second-order-momentum-mmd/newton-density-t036.pdf> <./figures
/gradflow-second-order-momentum-mmd/newton-density-t100.pdf>])
(./sections/transportation-models.tex [398 <./figures/gradflow-second-order-mom
entum-entropy/gf-spatial-t00.pdf> <./figures/gradflow-second-order-momentum-ent
ropy/gf-spatial-t01.pdf> <./figures/gradflow-second-order-momentum-entropy/gf-s
patial-t02.pdf> <./figures/gradflow-second-order-momentum-entropy/gf-spatial-t0
3.pdf> <./figures/gradflow-second-order-momentum-entropy/gf-spatial-t04.pdf> <.
/figures/gradflow-second-order-momentum-entropy/gf-spatial-t05.pdf> <./figures/
gradflow-second-order-momentum-entropy/newton-spatial-t00.pdf> <./figures/gradf
low-second-order-momentum-entropy/newton-spatial-t01.pdf> <./figures/gradflow-s
econd-order-momentum-entropy/newton-spatial-t02.pdf> <./figures/gradflow-second
-order-momentum-entropy/newton-spatial-t03.pdf> <./figures/gradflow-second-orde
r-momentum-entropy/newton-spatial-t04.pdf> <./figures/gradflow-second-order-mom
entum-entropy/newton-spatial-t05.pdf> <./figures/gradflow-second-order-momentum
-entropy/newton-phase-t00.pdf> <./figures/gradflow-second-order-momentum-entrop
y/newton-phase-t01.pdf> <./figures/gradflow-second-order-momentum-entropy/newto
n-phase-t02.pdf> <./figures/gradflow-second-order-momentum-entropy/newton-phase
-t03.pdf> <./figures/gradflow-second-order-momentum-entropy/newton-phase-t04.pd
f> <./figures/gradflow-second-order-momentum-entropy/newton-phase-t05.pdf>]
Chapter 16.
Package mdframed Info: mdframed works in twoside mode on input line 54.
Package mdframed Info: mdframed detected package amsthm 
 changed the theorem header of amsthm
(mdframed)              on input line 54.
[399

]
<figures/generative-flow-matching-interpolants/product-linear.pdf, id=10349, 13
3.97052pt x 97.06183pt>
File: figures/generative-flow-matching-interpolants/product-linear.pdf Graphic 
file (type pdf)
<use figures/generative-flow-matching-interpolants/product-linear.pdf>
Package pdftex.def Info: figures/generative-flow-matching-interpolants/product-
linear.pdf  used on input line 106.
(pdftex.def)             Requested size: 134.86743pt x 97.71175pt.
<figures/generative-flow-matching-interpolants/ot-linear.pdf, id=10350, 133.970
52pt x 97.06183pt>
File: figures/generative-flow-matching-interpolants/ot-linear.pdf Graphic file 
(type pdf)
<use figures/generative-flow-matching-interpolants/ot-linear.pdf>
Package pdftex.def Info: figures/generative-flow-matching-interpolants/ot-linea
r.pdf  used on input line 108.
(pdftex.def)             Requested size: 134.86743pt x 97.71175pt.
<figures/generative-flow-matching-interpolants/curved-bridge.pdf, id=10351, 133
.97052pt x 97.06183pt>
File: figures/generative-flow-matching-interpolants/curved-bridge.pdf Graphic f
ile (type pdf)
<use figures/generative-flow-matching-interpolants/curved-bridge.pdf>
Package pdftex.def Info: figures/generative-flow-matching-interpolants/curved-b
ridge.pdf  used on input line 109.
(pdftex.def)             Requested size: 134.86743pt x 97.71175pt.
 [400 <./figures/generative-flow-matching-interpolants/product-linear.pdf> <./f
igures/generative-flow-matching-interpolants/ot-linear.pdf> <./figures/generati
ve-flow-matching-interpolants/curved-bridge.pdf>] [401]
Package mdframed Info: mdframed works in twoside mode on input line 240.
Package mdframed Info: mdframed detected package amsthm 
 changed the theorem header of amsthm
(mdframed)              on input line 240.
 [402] [403]
<figures/generative-diffusion-1d-forward-backward/forward-densities.pdf, id=104
17, 216.60611pt x 130.26096pt>
File: figures/generative-diffusion-1d-forward-backward/forward-densities.pdf Gr
aphic file (type pdf)
<use figures/generative-diffusion-1d-forward-backward/forward-densities.pdf>
Package pdftex.def Info: figures/generative-diffusion-1d-forward-backward/forwa
rd-densities.pdf  used on input line 432.
(pdftex.def)             Requested size: 193.30473pt x 116.25388pt.
<figures/generative-diffusion-1d-forward-backward/backward-trajectories.pdf, id
=10418, 218.03526pt x 126.3656pt>
File: figures/generative-diffusion-1d-forward-backward/backward-trajectories.pd
f Graphic file (type pdf)
<use figures/generative-diffusion-1d-forward-backward/backward-trajectories.pdf
>
Package pdftex.def Info: figures/generative-diffusion-1d-forward-backward/backw
ard-trajectories.pdf  used on input line 433.
(pdftex.def)             Requested size: 193.30473pt x 112.0331pt.
<figures/generative-diffusion-2d-forward-backward/forward-density-linear.pdf, i
d=10421, 307.85213pt x 48.25395pt>
File: figures/generative-diffusion-2d-forward-backward/forward-density-linear.p
df Graphic file (type pdf)
<use figures/generative-diffusion-2d-forward-backward/forward-density-linear.pd
f>
Package pdftex.def Info: figures/generative-diffusion-2d-forward-backward/forwa
rd-density-linear.pdf  used on input line 450.
(pdftex.def)             Requested size: 323.67911pt x 50.73586pt.
<figures/generative-diffusion-2d-forward-backward/forward-density-ou.pdf, id=10
422, 307.85213pt x 48.25395pt>
File: figures/generative-diffusion-2d-forward-backward/forward-density-ou.pdf G
raphic file (type pdf)
<use figures/generative-diffusion-2d-forward-backward/forward-density-ou.pdf>
Package pdftex.def Info: figures/generative-diffusion-2d-forward-backward/forwa
rd-density-ou.pdf  used on input line 454.
(pdftex.def)             Requested size: 323.67911pt x 50.73586pt.

[404 <./figures/generative-diffusion-1d-forward-backward/forward-densities.pdf>
 <./figures/generative-diffusion-1d-forward-backward/backward-trajectories.pdf>
] [405 <./figures/generative-diffusion-2d-forward-backward/forward-density-line
ar.pdf> <./figures/generative-diffusion-2d-forward-backward/forward-density-ou.
pdf>]
<figures/generative-diffusion-versus-ot-2d/diffusion-curves.pdf, id=10493, 135.
68692pt x 103.80707pt>
File: figures/generative-diffusion-versus-ot-2d/diffusion-curves.pdf Graphic fi
le (type pdf)
<use figures/generative-diffusion-versus-ot-2d/diffusion-curves.pdf>
Package pdftex.def Info: figures/generative-diffusion-versus-ot-2d/diffusion-cu
rves.pdf  used on input line 625.
(pdftex.def)             Requested size: 175.3256pt x 134.14609pt.
<figures/generative-diffusion-versus-ot-2d/ot-rays.pdf, id=10494, 135.68692pt x
 103.80707pt>
File: figures/generative-diffusion-versus-ot-2d/ot-rays.pdf Graphic file (type 
pdf)
<use figures/generative-diffusion-versus-ot-2d/ot-rays.pdf>
Package pdftex.def Info: figures/generative-diffusion-versus-ot-2d/ot-rays.pdf 
 used on input line 626.
(pdftex.def)             Requested size: 175.3256pt x 134.14609pt.
 [406]
<figures/generative-diffusion-versus-ot-2d/schedule-linear.pdf, id=10505, 135.6
8692pt x 103.80707pt>
File: figures/generative-diffusion-versus-ot-2d/schedule-linear.pdf Graphic fil
e (type pdf)
<use figures/generative-diffusion-versus-ot-2d/schedule-linear.pdf>
Package pdftex.def Info: figures/generative-diffusion-versus-ot-2d/schedule-lin
ear.pdf  used on input line 645.
(pdftex.def)             Requested size: 134.86743pt x 103.19064pt.
<figures/generative-diffusion-versus-ot-2d/schedule-vp.pdf, id=10506, 135.68692
pt x 103.80707pt>
File: figures/generative-diffusion-versus-ot-2d/schedule-vp.pdf Graphic file (t
ype pdf)
<use figures/generative-diffusion-versus-ot-2d/schedule-vp.pdf>
Package pdftex.def Info: figures/generative-diffusion-versus-ot-2d/schedule-vp.
pdf  used on input line 646.
(pdftex.def)             Requested size: 134.86743pt x 103.19064pt.
<figures/generative-diffusion-versus-ot-2d/schedule-overshoot.pdf, id=10507, 13
5.68692pt x 103.80707pt>
File: figures/generative-diffusion-versus-ot-2d/schedule-overshoot.pdf Graphic 
file (type pdf)
<use figures/generative-diffusion-versus-ot-2d/schedule-overshoot.pdf>
Package pdftex.def Info: figures/generative-diffusion-versus-ot-2d/schedule-ove
rshoot.pdf  used on input line 647.
(pdftex.def)             Requested size: 134.86743pt x 103.19064pt.
 [407 <./figures/generative-diffusion-versus-ot-2d/diffusion-curves.pdf> <./fig
ures/generative-diffusion-versus-ot-2d/ot-rays.pdf> <./figures/generative-diffu
sion-versus-ot-2d/schedule-linear.pdf> <./figures/generative-diffusion-versus-o
t-2d/schedule-vp.pdf> <./figures/generative-diffusion-versus-ot-2d/schedule-ove
rshoot.pdf>] [408] [409]
<figures/generative-w2-vs-sliced-flow-shapes/w2-trajectories.pdf, id=10583, 104
.37233pt x 104.37233pt>
File: figures/generative-w2-vs-sliced-flow-shapes/w2-trajectories.pdf Graphic f
ile (type pdf)
<use figures/generative-w2-vs-sliced-flow-shapes/w2-trajectories.pdf>
Package pdftex.def Info: figures/generative-w2-vs-sliced-flow-shapes/w2-traject
ories.pdf  used on input line 836.
(pdftex.def)             Requested size: 76.42328pt x 76.42526pt.
<figures/generative-w2-vs-sliced-flow-shapes/w2-density-0.pdf, id=10584, 64.573
24pt x 64.57324pt>
File: figures/generative-w2-vs-sliced-flow-shapes/w2-density-0.pdf Graphic file
 (type pdf)
<use figures/generative-w2-vs-sliced-flow-shapes/w2-density-0.pdf>
Package pdftex.def Info: figures/generative-w2-vs-sliced-flow-shapes/w2-density
-0.pdf  used on input line 837.
(pdftex.def)             Requested size: 51.70113pt x 51.70299pt.
<figures/generative-w2-vs-sliced-flow-shapes/w2-density-1.pdf, id=10585, 64.573
24pt x 64.57324pt>
File: figures/generative-w2-vs-sliced-flow-shapes/w2-density-1.pdf Graphic file
 (type pdf)
<use figures/generative-w2-vs-sliced-flow-shapes/w2-density-1.pdf>
Package pdftex.def Info: figures/generative-w2-vs-sliced-flow-shapes/w2-density
-1.pdf  used on input line 838.
(pdftex.def)             Requested size: 51.70113pt x 51.70299pt.
<figures/generative-w2-vs-sliced-flow-shapes/w2-density-2.pdf, id=10586, 64.573
24pt x 64.57324pt>
File: figures/generative-w2-vs-sliced-flow-shapes/w2-density-2.pdf Graphic file
 (type pdf)
<use figures/generative-w2-vs-sliced-flow-shapes/w2-density-2.pdf>
Package pdftex.def Info: figures/generative-w2-vs-sliced-flow-shapes/w2-density
-2.pdf  used on input line 839.
(pdftex.def)             Requested size: 51.70113pt x 51.70299pt.
<figures/generative-w2-vs-sliced-flow-shapes/w2-density-3.pdf, id=10587, 64.573
24pt x 64.57324pt>
File: figures/generative-w2-vs-sliced-flow-shapes/w2-density-3.pdf Graphic file
 (type pdf)
<use figures/generative-w2-vs-sliced-flow-shapes/w2-density-3.pdf>
Package pdftex.def Info: figures/generative-w2-vs-sliced-flow-shapes/w2-density
-3.pdf  used on input line 840.
(pdftex.def)             Requested size: 51.70113pt x 51.70299pt.
<figures/generative-w2-vs-sliced-flow-shapes/w2-density-4.pdf, id=10588, 64.573
24pt x 64.57324pt>
File: figures/generative-w2-vs-sliced-flow-shapes/w2-density-4.pdf Graphic file
 (type pdf)
<use figures/generative-w2-vs-sliced-flow-shapes/w2-density-4.pdf>
Package pdftex.def Info: figures/generative-w2-vs-sliced-flow-shapes/w2-density
-4.pdf  used on input line 841.
(pdftex.def)             Requested size: 51.70113pt x 51.70299pt.
<figures/generative-w2-vs-sliced-flow-shapes/sw-trajectories.pdf, id=10589, 104
.37233pt x 104.37233pt>
File: figures/generative-w2-vs-sliced-flow-shapes/sw-trajectories.pdf Graphic f
ile (type pdf)
<use figures/generative-w2-vs-sliced-flow-shapes/sw-trajectories.pdf>
Package pdftex.def Info: figures/generative-w2-vs-sliced-flow-shapes/sw-traject
ories.pdf  used on input line 843.
(pdftex.def)             Requested size: 76.42328pt x 76.42526pt.
<figures/generative-w2-vs-sliced-flow-shapes/sw-density-0.pdf, id=10590, 64.573
24pt x 64.57324pt>
File: figures/generative-w2-vs-sliced-flow-shapes/sw-density-0.pdf Graphic file
 (type pdf)
<use figures/generative-w2-vs-sliced-flow-shapes/sw-density-0.pdf>
Package pdftex.def Info: figures/generative-w2-vs-sliced-flow-shapes/sw-density
-0.pdf  used on input line 844.
(pdftex.def)             Requested size: 51.70113pt x 51.70299pt.
<figures/generative-w2-vs-sliced-flow-shapes/sw-density-1.pdf, id=10591, 64.573
24pt x 64.57324pt>
File: figures/generative-w2-vs-sliced-flow-shapes/sw-density-1.pdf Graphic file
 (type pdf)
<use figures/generative-w2-vs-sliced-flow-shapes/sw-density-1.pdf>
Package pdftex.def Info: figures/generative-w2-vs-sliced-flow-shapes/sw-density
-1.pdf  used on input line 845.
(pdftex.def)             Requested size: 51.70113pt x 51.70299pt.
<figures/generative-w2-vs-sliced-flow-shapes/sw-density-2.pdf, id=10592, 64.573
24pt x 64.57324pt>
File: figures/generative-w2-vs-sliced-flow-shapes/sw-density-2.pdf Graphic file
 (type pdf)
<use figures/generative-w2-vs-sliced-flow-shapes/sw-density-2.pdf>
Package pdftex.def Info: figures/generative-w2-vs-sliced-flow-shapes/sw-density
-2.pdf  used on input line 846.
(pdftex.def)             Requested size: 51.70113pt x 51.70299pt.
<figures/generative-w2-vs-sliced-flow-shapes/sw-density-3.pdf, id=10593, 64.573
24pt x 64.57324pt>
File: figures/generative-w2-vs-sliced-flow-shapes/sw-density-3.pdf Graphic file
 (type pdf)
<use figures/generative-w2-vs-sliced-flow-shapes/sw-density-3.pdf>
Package pdftex.def Info: figures/generative-w2-vs-sliced-flow-shapes/sw-density
-3.pdf  used on input line 847.
(pdftex.def)             Requested size: 51.70113pt x 51.70299pt.
<figures/generative-w2-vs-sliced-flow-shapes/sw-density-4.pdf, id=10594, 64.573
24pt x 64.57324pt>
File: figures/generative-w2-vs-sliced-flow-shapes/sw-density-4.pdf Graphic file
 (type pdf)
<use figures/generative-w2-vs-sliced-flow-shapes/sw-density-4.pdf>
Package pdftex.def Info: figures/generative-w2-vs-sliced-flow-shapes/sw-density
-4.pdf  used on input line 848.
(pdftex.def)             Requested size: 51.70113pt x 51.70299pt.
 [410 <./figures/generative-w2-vs-sliced-flow-shapes/w2-trajectories.pdf> <./fi
gures/generative-w2-vs-sliced-flow-shapes/w2-density-0.pdf> <./figures/generati
ve-w2-vs-sliced-flow-shapes/w2-density-1.pdf> <./figures/generative-w2-vs-slice
d-flow-shapes/w2-density-2.pdf> <./figures/generative-w2-vs-sliced-flow-shapes/
w2-density-3.pdf> <./figures/generative-w2-vs-sliced-flow-shapes/w2-density-4.p
df> <./figures/generative-w2-vs-sliced-flow-shapes/sw-trajectories.pdf> <./figu
res/generative-w2-vs-sliced-flow-shapes/sw-density-0.pdf> <./figures/generative
-w2-vs-sliced-flow-shapes/sw-density-1.pdf> <./figures/generative-w2-vs-sliced-
flow-shapes/sw-density-2.pdf> <./figures/generative-w2-vs-sliced-flow-shapes/sw
-density-3.pdf> <./figures/generative-w2-vs-sliced-flow-shapes/sw-density-4.pdf
>]
<figures/generative-w2-vs-svgd-entropy-flow/w2-kde-trajectories.pdf, id=10663, 
182.5641pt x 121.06671pt>
File: figures/generative-w2-vs-svgd-entropy-flow/w2-kde-trajectories.pdf Graphi
c file (type pdf)
<use figures/generative-w2-vs-svgd-entropy-flow/w2-kde-trajectories.pdf>
Package pdftex.def Info: figures/generative-w2-vs-svgd-entropy-flow/w2-kde-traj
ectories.pdf  used on input line 913.
(pdftex.def)             Requested size: 211.29071pt x 140.11603pt.
<figures/generative-w2-vs-svgd-entropy-flow/svgd-trajectories.pdf, id=10664, 18
2.5641pt x 121.06671pt>
File: figures/generative-w2-vs-svgd-entropy-flow/svgd-trajectories.pdf Graphic 
file (type pdf)
<use figures/generative-w2-vs-svgd-entropy-flow/svgd-trajectories.pdf>
Package pdftex.def Info: figures/generative-w2-vs-svgd-entropy-flow/svgd-trajec
tories.pdf  used on input line 914.
(pdftex.def)             Requested size: 211.29071pt x 140.11603pt.
 [411 <./figures/generative-w2-vs-svgd-entropy-flow/w2-kde-trajectories.pdf> <.
/figures/generative-w2-vs-svgd-entropy-flow/svgd-trajectories.pdf>]
<figures/generative-drifting-model-trajectories/unnormalized-trajectories.pdf, 
id=10685, 132.52512pt x 112.71104pt>
File: figures/generative-drifting-model-trajectories/unnormalized-trajectories.
pdf Graphic file (type pdf)
<use figures/generative-drifting-model-trajectories/unnormalized-trajectories.p
df>
Package pdftex.def Info: figures/generative-drifting-model-trajectories/unnorma
lized-trajectories.pdf  used on input line 962.
(pdftex.def)             Requested size: 170.83253pt x 145.2998pt.
<figures/generative-drifting-model-trajectories/normalized-trajectories.pdf, id
=10686, 132.52512pt x 112.71104pt>
File: figures/generative-drifting-model-trajectories/normalized-trajectories.pd
f Graphic file (type pdf)
<use figures/generative-drifting-model-trajectories/normalized-trajectories.pdf
>
Package pdftex.def Info: figures/generative-drifting-model-trajectories/normali
zed-trajectories.pdf  used on input line 964.
(pdftex.def)             Requested size: 170.83253pt x 145.2998pt.
 [412 <./figures/generative-drifting-model-trajectories/unnormalized-trajectori
es.pdf> <./figures/generative-drifting-model-trajectories/normalized-trajectori
es.pdf>]
Package mdframed Info: mdframed works in twoside mode on input line 1067.
Package mdframed Info: mdframed detected package amsthm 
 changed the theorem header of amsthm
(mdframed)              on input line 1067.
 [413]
<figures/moment-measure-forward-map/slanted-source.pdf, id=10716, 139.18074pt x
 99.33675pt>
File: figures/moment-measure-forward-map/slanted-source.pdf Graphic file (type 
pdf)
<use figures/moment-measure-forward-map/slanted-source.pdf>
Package pdftex.def Info: figures/moment-measure-forward-map/slanted-source.pdf 
 used on input line 1103.
(pdftex.def)             Requested size: 134.86743pt x 96.26404pt.
<figures/moment-measure-forward-map/twobump-source.pdf, id=10717, 144.18268pt x
 99.33675pt>
File: figures/moment-measure-forward-map/twobump-source.pdf Graphic file (type 
pdf)
<use figures/moment-measure-forward-map/twobump-source.pdf>
Package pdftex.def Info: figures/moment-measure-forward-map/twobump-source.pdf 
 used on input line 1104.
(pdftex.def)             Requested size: 134.86743pt x 92.92484pt.
<figures/moment-measure-forward-map/threebump-source.pdf, id=10718, 138.36092pt
 x 99.33675pt>
File: figures/moment-measure-forward-map/threebump-source.pdf Graphic file (typ
e pdf)
<use figures/moment-measure-forward-map/threebump-source.pdf>
Package pdftex.def Info: figures/moment-measure-forward-map/threebump-source.pd
f  used on input line 1105.
(pdftex.def)             Requested size: 134.86743pt x 96.82791pt.
<figures/moment-measure-forward-map/slanted-moment.pdf, id=10719, 138.36092pt x
 99.33675pt>
File: figures/moment-measure-forward-map/slanted-moment.pdf Graphic file (type 
pdf)
<use figures/moment-measure-forward-map/slanted-moment.pdf>
Package pdftex.def Info: figures/moment-measure-forward-map/slanted-moment.pdf 
 used on input line 1109.
(pdftex.def)             Requested size: 134.86743pt x 96.82791pt.
<figures/moment-measure-forward-map/twobump-moment.pdf, id=10720, 138.36092pt x
 99.33675pt>
File: figures/moment-measure-forward-map/twobump-moment.pdf Graphic file (type 
pdf)
<use figures/moment-measure-forward-map/twobump-moment.pdf>
Package pdftex.def Info: figures/moment-measure-forward-map/twobump-moment.pdf 
 used on input line 1110.
(pdftex.def)             Requested size: 134.86743pt x 96.82791pt.
<figures/moment-measure-forward-map/threebump-moment.pdf, id=10721, 138.36092pt
 x 99.33675pt>
File: figures/moment-measure-forward-map/threebump-moment.pdf Graphic file (typ
e pdf)
<use figures/moment-measure-forward-map/threebump-moment.pdf>
Package pdftex.def Info: figures/moment-measure-forward-map/threebump-moment.pd
f  used on input line 1111.
(pdftex.def)             Requested size: 134.86743pt x 96.82791pt.
 [414 <./figures/moment-measure-forward-map/slanted-source.pdf> <./figures/mome
nt-measure-forward-map/twobump-source.pdf> <./figures/moment-measure-forward-ma
p/threebump-source.pdf> <./figures/moment-measure-forward-map/slanted-moment.pd
f> <./figures/moment-measure-forward-map/twobump-moment.pdf> <./figures/moment-
measure-forward-map/threebump-moment.pdf>] [415] [416] [417] [418] [419] [420]
<figures/generative-mean-shift-pde/trajectories.pdf, id=10982, 139.39076pt x 99
.85202pt>
File: figures/generative-mean-shift-pde/trajectories.pdf Graphic file (type pdf
)
<use figures/generative-mean-shift-pde/trajectories.pdf>
Package pdftex.def Info: figures/generative-mean-shift-pde/trajectories.pdf  us
ed on input line 1737.
(pdftex.def)             Requested size: 175.3256pt x 125.60698pt.
<figures/generative-mean-shift-pde/snapshot-1.pdf, id=10983, 67.53632pt x 48.49
316pt>
File: figures/generative-mean-shift-pde/snapshot-1.pdf Graphic file (type pdf)
<use figures/generative-mean-shift-pde/snapshot-1.pdf>
Package pdftex.def Info: figures/generative-mean-shift-pde/snapshot-1.pdf  used
 on input line 1739.
(pdftex.def)             Requested size: 83.1663pt x 59.72021pt.
<figures/generative-mean-shift-pde/snapshot-2.pdf, id=10984, 67.53632pt x 48.49
316pt>
File: figures/generative-mean-shift-pde/snapshot-2.pdf Graphic file (type pdf)
<use figures/generative-mean-shift-pde/snapshot-2.pdf>
Package pdftex.def Info: figures/generative-mean-shift-pde/snapshot-2.pdf  used
 on input line 1740.
(pdftex.def)             Requested size: 83.1663pt x 59.72021pt.
<figures/generative-mean-shift-pde/snapshot-3.pdf, id=10985, 67.53632pt x 48.49
316pt>
File: figures/generative-mean-shift-pde/snapshot-3.pdf Graphic file (type pdf)
<use figures/generative-mean-shift-pde/snapshot-3.pdf>
Package pdftex.def Info: figures/generative-mean-shift-pde/snapshot-3.pdf  used
 on input line 1741.
(pdftex.def)             Requested size: 83.1663pt x 59.72021pt.
<figures/generative-mean-shift-pde/snapshot-4.pdf, id=10986, 67.53632pt x 48.49
316pt>
File: figures/generative-mean-shift-pde/snapshot-4.pdf Graphic file (type pdf)
<use figures/generative-mean-shift-pde/snapshot-4.pdf>
Package pdftex.def Info: figures/generative-mean-shift-pde/snapshot-4.pdf  used
 on input line 1742.
(pdftex.def)             Requested size: 83.1663pt x 59.72021pt.

Underfull \vbox (badness 10000) has occurred while \output is active []

 [421]
[422 <./figures/generative-mean-shift-pde/trajectories.pdf> <./figures/generati
ve-mean-shift-pde/snapshot-1.pdf> <./figures/generative-mean-shift-pde/snapshot
-2.pdf> <./figures/generative-mean-shift-pde/snapshot-3.pdf> <./figures/generat
ive-mean-shift-pde/snapshot-4.pdf>]
<figures/gradflow-gaussian-closure/ot-ellipses.pdf, id=11031, 143.49208pt x 100
.24886pt>
File: figures/gradflow-gaussian-closure/ot-ellipses.pdf Graphic file (type pdf)

<use figures/gradflow-gaussian-closure/ot-ellipses.pdf>
Package pdftex.def Info: figures/gradflow-gaussian-closure/ot-ellipses.pdf  use
d on input line 1826.
(pdftex.def)             Requested size: 134.86743pt x 94.22781pt.
<figures/gradflow-gaussian-closure/sinkhorn-ellipses.pdf, id=11032, 143.49208pt
 x 100.24886pt>
File: figures/gradflow-gaussian-closure/sinkhorn-ellipses.pdf Graphic file (typ
e pdf)
<use figures/gradflow-gaussian-closure/sinkhorn-ellipses.pdf>
Package pdftex.def Info: figures/gradflow-gaussian-closure/sinkhorn-ellipses.pd
f  used on input line 1827.
(pdftex.def)             Requested size: 134.86743pt x 94.22781pt.
<figures/gradflow-gaussian-closure/drifting-ellipses.pdf, id=11033, 143.49208pt
 x 100.24886pt>
File: figures/gradflow-gaussian-closure/drifting-ellipses.pdf Graphic file (typ
e pdf)
<use figures/gradflow-gaussian-closure/drifting-ellipses.pdf>
Package pdftex.def Info: figures/gradflow-gaussian-closure/drifting-ellipses.pd
f  used on input line 1828.
(pdftex.def)             Requested size: 134.86743pt x 94.22781pt.
 [423 <./figures/gradflow-gaussian-closure/ot-ellipses.pdf> <./figures/gradflow
-gaussian-closure/sinkhorn-ellipses.pdf> <./figures/gradflow-gaussian-closure/d
rifting-ellipses.pdf>]
LaTeX Font Info:    Font shape `T1/zplTLF/b/it' will be
(Font)              scaled to size 9.0pt on input line 1969.

Underfull \vbox (badness 1205) has occurred while \output is active []

 [424]
[425] [426] [427]
<figures/gradflow-gaussian-1d-energy-landscapes/flows.pdf, id=11080, 513.45175p
t x 138.3888pt>
File: figures/gradflow-gaussian-1d-energy-landscapes/flows.pdf Graphic file (ty
pe pdf)
<use figures/gradflow-gaussian-1d-energy-landscapes/flows.pdf>
Package pdftex.def Info: figures/gradflow-gaussian-1d-energy-landscapes/flows.p
df  used on input line 2379.
(pdftex.def)             Requested size: 449.55356pt x 121.16801pt.
 [428 <./figures/gradflow-gaussian-1d-energy-landscapes/flows.pdf>] [429]
Package mdframed Info: mdframed works in twoside mode on input line 2565.
Package mdframed Info: mdframed detected package amsthm 
 changed the theorem header of amsthm
(mdframed)              on input line 2565.
Package mdframed Info: You first box width is to small
 mdframed fixed it
(mdframed)              on input line 2573.
 [430] [431]) [432] (./OT4ML.bbl [433

] [434

] [435] [436] [437]
[438] [439] [440] [441] [442] [443] [444] [445] [446] [447] [448] [449]
[450] [451] [452] [453] [454] [455] [456] [457] [458] [459] [460] [461]
[462]) [463] (./sections/notation-table.tex
Appendix A.
LaTeX Font Info:    Font shape `T1/zplTLF/b/n' will be
(Font)              scaled to size 9.0pt on input line 20.
[464


] [465] [466] [467] [468] [469] [470]) [471] [472

] (./OT4ML.ind
Appendix B.
[473

] [474] [475] [476] [477] [478] [479] [480] [481] [482] [483] [484]
[485] [486] [487]) [488] (./OT4ML.aux)

LaTeX Font Warning: Size substitutions with differences
(Font)              up to 1.97499pt have occurred.

Package rerunfilecheck Info: File `OT4ML.out' has not changed.
(rerunfilecheck)             Checksum: 8B47F3684DD8AB14E1E9B7831F2CB7B7;23240.
 ) 
Here is how much of TeX's memory you used:
 43934 strings out of 478268
 978810 string characters out of 5846347
 1422941 words of memory out of 5000000
 57056 multiletter control sequences out of 15000+600000
 721481 words of font info for 752 fonts, out of 8000000 for 9000
 1141 hyphenation exceptions out of 8191
 99i,18n,94p,1879b,1401s stack positions out of 10000i,1000n,20000p,200000b,200000s
{/usr/local/texlive/2022/texmf-dist/fonts/enc/dvips/newtx/ntx-ec-tlf.enc}{/us
r/local/texlive/2022/texmf-dist/fonts/enc/dvips/newpx/zpl_TOsF.enc}{/usr/local/
texlive/2022/texmf-dist/fonts/enc/dvips/tex-gyre/q-ec.enc}{/usr/local/texlive/2
022/texmf-dist/fonts/enc/dvips/newtx/ntx-ot1-tlf.enc}{/usr/local/texlive/2022/t
exmf-dist/fonts/enc/dvips/inconsolata/i4-t1-0.enc}</usr/local/texlive/2022/texm
f-dist/fonts/type1/public/inconsolata/Inconsolata-zi4r.pfb></usr/local/texlive/
2022/texmf-dist/fonts/type1/public/newpx/NewPXMI.pfb></usr/local/texlive/2022/t
exmf-dist/fonts/type1/public/newpx/NewPXMI_gnu.pfb></usr/local/texlive/2022/tex
mf-dist/fonts/type1/public/bbold-type1/bbold10.pfb></usr/local/texlive/2022/tex
mf-dist/fonts/type1/public/bbold-type1/bbold5.pfb></usr/local/texlive/2022/texm
f-dist/fonts/type1/public/bbold-type1/bbold7.pfb></usr/local/texlive/2022/texmf
-dist/fonts/type1/public/doublestroke/dsrom10.pfb></usr/local/texlive/2022/texm
f-dist/fonts/type1/public/doublestroke/dsrom8.pfb></usr/local/texlive/2022/texm
f-dist/fonts/type1/public/newpx/pxmiaX.pfb></usr/local/texlive/2022/texmf-dist/
fonts/type1/public/newpx/pxsys.pfb></usr/local/texlive/2022/texmf-dist/fonts/ty
pe1/public/tex-gyre/qhvr.pfb></usr/local/texlive/2022/texmf-dist/fonts/type1/pu
blic/newtx/stxscr.pfb></usr/local/texlive/2022/texmf-dist/fonts/type1/public/ne
wtx/txexas.pfb></usr/local/texlive/2022/texmf-dist/fonts/type1/public/newtx/txe
xs.pfb></usr/local/texlive/2022/texmf-dist/fonts/type1/public/txfonts/txsya.pfb
></usr/local/texlive/2022/texmf-dist/fonts/type1/public/txfonts/txsyb.pfb></usr
/local/texlive/2022/texmf-dist/fonts/type1/public/txfonts/txsyc.pfb></usr/local
/texlive/2022/texmf-dist/fonts/type1/public/newpx/zplb.pfb></usr/local/texlive/
2022/texmf-dist/fonts/type1/public/newpx/zplbi.pfb></usr/local/texlive/2022/tex
mf-dist/fonts/type1/public/newpx/zplr.pfb></usr/local/texlive/2022/texmf-dist/f
onts/type1/public/newpx/zplri.pfb>
Output written on OT4ML.pdf (496 pages, 28080806 bytes).
PDF statistics:
 16065 PDF objects out of 18468 (max. 8388607)
 13548 compressed objects within 136 object streams
 2929 named destinations out of 2984 (max. 500000)
 145736 words of extra memory for PDF output out of 154059 (max. 10000000)

